2026-10-08 11:03:03.375 [background-preinit] INFO  org.hibernate.validator.internal.util.Version - HV000001: Hibernate Validator 8.0.2.Final
2026-10-08 11:03:03.445 [main] INFO  com.practice.flashsale.app.SeckillApplication - Starting SeckillApplication using Java 17.0.19 with PID 25708 (D:\java_practice\FlashSaleSystem\seckill-app\target\classes started by am0006 in D:\java_practice\FlashSaleSystem)
2026-10-08 11:03:03.447 [main] INFO  com.practice.flashsale.app.SeckillApplication - The following 1 profile is active: "dev"
2026-10-08 11:03:04.291 [main] INFO  org.springframework.data.repository.config.RepositoryConfigurationDelegate - Multiple Spring Data modules found, entering strict repository configuration mode
2026-10-08 11:03:04.294 [main] INFO  org.springframework.data.repository.config.RepositoryConfigurationDelegate - Bootstrapping Spring Data Redis repositories in DEFAULT mode.
2026-10-08 11:03:04.330 [main] INFO  org.springframework.data.repository.config.RepositoryConfigurationDelegate - Finished Spring Data repository scanning in 17 ms. Found 0 Redis repository interfaces.
2026-10-08 11:03:05.191 [main] INFO  org.springframework.boot.web.embedded.tomcat.TomcatWebServer - Tomcat initialized with port 8080 (http)
2026-10-08 11:03:05.210 [main] INFO  org.apache.coyote.http11.Http11NioProtocol - Initializing ProtocolHandler ["http-nio-8080"]
2026-10-08 11:03:05.212 [main] INFO  org.apache.catalina.core.StandardService - Starting service [Tomcat]
2026-10-08 11:03:05.212 [main] INFO  org.apache.catalina.core.StandardEngine - Starting Servlet engine: [Apache Tomcat/10.1.42]
2026-10-08 11:03:05.279 [main] INFO  org.apache.catalina.core.ContainerBase.[Tomcat].[localhost].[/] - Initializing Spring embedded WebApplicationContext
2026-10-08 11:03:05.279 [main] INFO  org.springframework.boot.web.servlet.context.ServletWebServerApplicationContext - Root WebApplicationContext: initialization completed in 1787 ms
2026-10-08 11:03:05.749 [main] INFO  cloud.tianai.captcha.generator.AbstractImageCaptchaGenerator - 图片验证码[SpringMultiImageCaptchaGenerator]初始化...
2026-10-08 11:03:06.713 [main] INFO  org.apache.coyote.http11.Http11NioProtocol - Starting ProtocolHandler ["http-nio-8080"]
2026-10-08 11:03:06.731 [main] INFO  org.springframework.boot.web.embedded.tomcat.TomcatWebServer - Tomcat started on port 8080 (http) with context path '/'
2026-10-08 11:03:06.739 [main] INFO  com.practice.flashsale.app.SeckillApplication - Started SeckillApplication in 3.91 seconds (process running for 4.996)
2026-10-08 11:06:01.517 [http-nio-8080-exec-1] INFO  org.apache.catalina.core.ContainerBase.[Tomcat].[localhost].[/] - Initializing Spring DispatcherServlet 'dispatcherServlet'
2026-10-08 11:06:01.517 [http-nio-8080-exec-1] INFO  org.springframework.web.servlet.DispatcherServlet - Initializing Servlet 'dispatcherServlet'
2026-10-08 11:06:01.518 [http-nio-8080-exec-1] INFO  org.springframework.web.servlet.DispatcherServlet - Completed initialization in 1 ms
2026-10-08 11:06:01.735 [http-nio-8080-exec-1] INFO  com.practice.flashsale.common.aspect.ApiOperationLogAspect - ====== 请求开始：[查询秒杀商品列表], 入参：{"activityId":1}, 请求类：GoodsController, 请求方法：getSeckillGoodsList =================================== 
2026-10-08 11:06:01.735 [http-nio-8080-exec-1] INFO  com.practice.flashsale.goods.service.impl.GoodsServiceImpl - ==> 查询秒杀商品列表, activityId: 1
2026-10-08 11:06:01.837 [http-nio-8080-exec-1] INFO  com.zaxxer.hikari.HikariDataSource - SeckillHikariPool - Starting...
2026-10-08 11:06:02.052 [http-nio-8080-exec-1] INFO  com.zaxxer.hikari.pool.HikariPool - SeckillHikariPool - Added connection com.mysql.cj.jdbc.ConnectionImpl@64ea4c81
2026-10-08 11:06:02.054 [http-nio-8080-exec-1] INFO  com.zaxxer.hikari.HikariDataSource - SeckillHikariPool - Start completed.
2026-10-08 11:15:58.248 [SpringApplicationShutdownHook] INFO  org.springframework.boot.web.embedded.tomcat.GracefulShutdown - Commencing graceful shutdown. Waiting for active requests to complete
2026-10-08 11:15:58.542 [tomcat-shutdown] INFO  org.springframework.boot.web.embedded.tomcat.GracefulShutdown - Graceful shutdown complete
2026-10-08 11:15:58.552 [SpringApplicationShutdownHook] INFO  com.zaxxer.hikari.HikariDataSource - SeckillHikariPool - Shutdown initiated...
2026-10-08 11:15:58.558 [SpringApplicationShutdownHook] INFO  com.zaxxer.hikari.HikariDataSource - SeckillHikariPool - Shutdown completed.
2026-10-08 11:21:25.893 [background-preinit] INFO  org.hibernate.validator.internal.util.Version - HV000001: Hibernate Validator 8.0.2.Final
2026-10-08 11:21:25.950 [main] INFO  com.practice.flashsale.app.SeckillApplication - Starting SeckillApplication using Java 17.0.19 with PID 52188 (D:\java_practice\FlashSaleSystem\seckill-app\target\classes started by am0006 in D:\java_practice\FlashSaleSystem)
2026-10-08 11:21:25.952 [main] INFO  com.practice.flashsale.app.SeckillApplication - The following 1 profile is active: "dev"
2026-10-08 11:21:26.651 [main] INFO  org.springframework.data.repository.config.RepositoryConfigurationDelegate - Multiple Spring Data modules found, entering strict repository configuration mode
2026-10-08 11:21:26.654 [main] INFO  org.springframework.data.repository.config.RepositoryConfigurationDelegate - Bootstrapping Spring Data Redis repositories in DEFAULT mode.
2026-10-08 11:21:26.679 [main] INFO  org.springframework.data.repository.config.RepositoryConfigurationDelegate - Finished Spring Data repository scanning in 12 ms. Found 0 Redis repository interfaces.
2026-10-08 11:21:27.378 [main] INFO  org.springframework.boot.web.embedded.tomcat.TomcatWebServer - Tomcat initialized with port 8080 (http)
2026-10-08 11:21:27.393 [main] INFO  org.apache.coyote.http11.Http11NioProtocol - Initializing ProtocolHandler ["http-nio-8080"]
2026-10-08 11:21:27.395 [main] INFO  org.apache.catalina.core.StandardService - Starting service [Tomcat]
2026-10-08 11:21:27.395 [main] INFO  org.apache.catalina.core.StandardEngine - Starting Servlet engine: [Apache Tomcat/10.1.42]
2026-10-08 11:21:27.457 [main] INFO  org.apache.catalina.core.ContainerBase.[Tomcat].[localhost].[/] - Initializing Spring embedded WebApplicationContext
2026-10-08 11:21:27.457 [main] INFO  org.springframework.boot.web.servlet.context.ServletWebServerApplicationContext - Root WebApplicationContext: initialization completed in 1467 ms
2026-10-08 11:21:27.856 [main] INFO  cloud.tianai.captcha.generator.AbstractImageCaptchaGenerator - 图片验证码[SpringMultiImageCaptchaGenerator]初始化...
2026-10-08 11:21:28.812 [main] INFO  org.apache.coyote.http11.Http11NioProtocol - Starting ProtocolHandler ["http-nio-8080"]
2026-10-08 11:21:28.830 [main] INFO  org.springframework.boot.web.embedded.tomcat.TomcatWebServer - Tomcat started on port 8080 (http) with context path '/'
2026-10-08 11:21:28.838 [main] INFO  com.practice.flashsale.app.SeckillApplication - Started SeckillApplication in 3.426 seconds (process running for 4.298)
2026-10-08 11:21:59.819 [http-nio-8080-exec-1] INFO  org.apache.catalina.core.ContainerBase.[Tomcat].[localhost].[/] - Initializing Spring DispatcherServlet 'dispatcherServlet'
2026-10-08 11:21:59.819 [http-nio-8080-exec-1] INFO  org.springframework.web.servlet.DispatcherServlet - Initializing Servlet 'dispatcherServlet'
2026-10-08 11:21:59.820 [http-nio-8080-exec-1] INFO  org.springframework.web.servlet.DispatcherServlet - Completed initialization in 1 ms
2026-10-08 11:22:00.015 [http-nio-8080-exec-1] INFO  com.practice.flashsale.common.aspect.ApiOperationLogAspect - ====== 请求开始：[查询秒杀商品列表], 入参：{"activityId":1}, 请求类：GoodsController, 请求方法：getSeckillGoodsList =================================== 
2026-10-08 11:22:00.016 [http-nio-8080-exec-1] INFO  com.practice.flashsale.goods.service.impl.GoodsServiceImpl - ==> 查询秒杀商品列表, activityId: 1
2026-10-08 11:22:00.042 [http-nio-8080-exec-1] INFO  com.zaxxer.hikari.HikariDataSource - SeckillHikariPool - Starting...
2026-10-08 11:22:00.219 [http-nio-8080-exec-1] INFO  com.zaxxer.hikari.pool.HikariPool - SeckillHikariPool - Added connection com.mysql.cj.jdbc.ConnectionImpl@29e0ded5
2026-10-08 11:22:00.221 [http-nio-8080-exec-1] INFO  com.zaxxer.hikari.HikariDataSource - SeckillHikariPool - Start completed.
2026-10-08 11:22:00.348 [http-nio-8080-exec-1] INFO  com.practice.flashsale.common.aspect.ApiOperationLogAspect - ====== 请求结束: [查询秒杀商品列表], 耗时: 344ms, 出参: {"success":true,"message":null,"errorCode":null,"data":[{"id":1,"goodsPrice":9999.00,"activityId":1,"seckillTitle":"【秒杀】iPhone 15 Pro Max 256GB","seckillImg":"https://img.quanxiaoha.com/sk-iphone15promax.jpg","seckillPrice":8999.00,"seckillTotal":100,"seckillStock":88,"activityStatus":1,"beginTime":"2026-04-01 00:00:00","endTime":"2026-12-31 23:59:59"}]} =================================== 
2026-10-08 11:29:17.988 [SpringApplicationShutdownHook] INFO  org.springframework.boot.web.embedded.tomcat.GracefulShutdown - Commencing graceful shutdown. Waiting for active requests to complete
2026-10-08 11:29:18.276 [tomcat-shutdown] INFO  org.springframework.boot.web.embedded.tomcat.GracefulShutdown - Graceful shutdown complete
2026-10-08 11:29:18.286 [SpringApplicationShutdownHook] INFO  com.zaxxer.hikari.HikariDataSource - SeckillHikariPool - Shutdown initiated...
2026-10-08 11:29:18.291 [SpringApplicationShutdownHook] INFO  com.zaxxer.hikari.HikariDataSource - SeckillHikariPool - Shutdown completed.
2026-10-08 11:29:22.629 [background-preinit] INFO  org.hibernate.validator.internal.util.Version - HV000001: Hibernate Validator 8.0.2.Final
2026-10-08 11:29:22.688 [main] INFO  com.practice.flashsale.app.SeckillApplication - Starting SeckillApplication using Java 17.0.19 with PID 76280 (D:\java_practice\FlashSaleSystem\seckill-app\target\classes started by am0006 in D:\java_practice\FlashSaleSystem)
2026-10-08 11:29:22.690 [main] INFO  com.practice.flashsale.app.SeckillApplication - The following 1 profile is active: "dev"
2026-10-08 11:29:23.392 [main] INFO  org.springframework.data.repository.config.RepositoryConfigurationDelegate - Multiple Spring Data modules found, entering strict repository configuration mode
2026-10-08 11:29:23.394 [main] INFO  org.springframework.data.repository.config.RepositoryConfigurationDelegate - Bootstrapping Spring Data Redis repositories in DEFAULT mode.
2026-10-08 11:29:23.421 [main] INFO  org.springframework.data.repository.config.RepositoryConfigurationDelegate - Finished Spring Data repository scanning in 13 ms. Found 0 Redis repository interfaces.
2026-10-08 11:29:24.121 [main] INFO  org.springframework.boot.web.embedded.tomcat.TomcatWebServer - Tomcat initialized with port 8080 (http)
2026-10-08 11:29:24.137 [main] INFO  org.apache.coyote.http11.Http11NioProtocol - Initializing ProtocolHandler ["http-nio-8080"]
2026-10-08 11:29:24.138 [main] INFO  org.apache.catalina.core.StandardService - Starting service [Tomcat]
2026-10-08 11:29:24.139 [main] INFO  org.apache.catalina.core.StandardEngine - Starting Servlet engine: [Apache Tomcat/10.1.42]
2026-10-08 11:29:24.200 [main] INFO  org.apache.catalina.core.ContainerBase.[Tomcat].[localhost].[/] - Initializing Spring embedded WebApplicationContext
2026-10-08 11:29:24.200 [main] INFO  org.springframework.boot.web.servlet.context.ServletWebServerApplicationContext - Root WebApplicationContext: initialization completed in 1469 ms
2026-10-08 11:29:24.582 [main] INFO  cloud.tianai.captcha.generator.AbstractImageCaptchaGenerator - 图片验证码[SpringMultiImageCaptchaGenerator]初始化...
2026-10-08 11:29:25.461 [main] INFO  org.apache.coyote.http11.Http11NioProtocol - Starting ProtocolHandler ["http-nio-8080"]
2026-10-08 11:29:25.477 [main] INFO  org.springframework.boot.web.embedded.tomcat.TomcatWebServer - Tomcat started on port 8080 (http) with context path '/'
2026-10-08 11:29:25.484 [main] INFO  com.practice.flashsale.app.SeckillApplication - Started SeckillApplication in 3.335 seconds (process running for 4.169)
2026-10-08 11:29:32.798 [http-nio-8080-exec-1] INFO  org.apache.catalina.core.ContainerBase.[Tomcat].[localhost].[/] - Initializing Spring DispatcherServlet 'dispatcherServlet'
2026-10-08 11:29:32.798 [http-nio-8080-exec-1] INFO  org.springframework.web.servlet.DispatcherServlet - Initializing Servlet 'dispatcherServlet'
2026-10-08 11:29:32.799 [http-nio-8080-exec-1] INFO  org.springframework.web.servlet.DispatcherServlet - Completed initialization in 0 ms
2026-10-08 11:29:32.975 [http-nio-8080-exec-1] INFO  com.practice.flashsale.common.aspect.ApiOperationLogAspect - ====== 请求开始：[查询秒杀商品列表], 入参：{"activityId":1}, 请求类：GoodsController, 请求方法：getSeckillGoodsList =================================== 
2026-10-08 11:29:32.975 [http-nio-8080-exec-1] INFO  com.practice.flashsale.goods.service.impl.GoodsServiceImpl - ==> 查询秒杀商品列表, activityId: 1
2026-10-08 11:29:33.001 [http-nio-8080-exec-1] INFO  com.zaxxer.hikari.HikariDataSource - SeckillHikariPool - Starting...
2026-10-08 11:29:33.186 [http-nio-8080-exec-1] INFO  com.zaxxer.hikari.pool.HikariPool - SeckillHikariPool - Added connection com.mysql.cj.jdbc.ConnectionImpl@3cd105d5
2026-10-08 11:29:33.187 [http-nio-8080-exec-1] INFO  com.zaxxer.hikari.HikariDataSource - SeckillHikariPool - Start completed.
2026-10-08 11:29:33.322 [http-nio-8080-exec-1] INFO  com.practice.flashsale.common.aspect.ApiOperationLogAspect - ====== 请求结束: [查询秒杀商品列表], 耗时: 350ms, 出参: {"success":true,"message":null,"errorCode":null,"data":[{"id":1,"goodsPrice":9999.00,"activityId":1,"seckillTitle":"【秒杀】iPhone 15 Pro Max 256GB","seckillImg":"https://img.quanxiaoha.com/sk-iphone15promax.jpg","seckillPrice":8999.00,"seckillTotal":100,"seckillStock":88,"activityStatus":1,"beginTime":"2026-04-01 00:00:00","endTime":"2026-12-31 23:59:59"},{"id":2,"goodsPrice":14999.00,"activityId":1,"seckillTitle":"【秒杀】MacBook Pro 14英寸","seckillImg":"https://img.quanxiaoha.com/sk-macbookpro14.jpg","seckillPrice":12999.00,"seckillTotal":50,"seckillStock":42,"activityStatus":1,"beginTime":"2026-04-01 00:00:00","endTime":"2026-12-31 23:59:59"},{"id":3,"goodsPrice":1899.00,"activityId":1,"seckillTitle":"【秒杀】AirPods Pro 2","seckillImg":"https://img.quanxiaoha.com/sk-airpodspro2.jpg","seckillPrice":1499.00,"seckillTotal":200,"seckillStock":166,"activityStatus":1,"beginTime":"2026-04-01 00:00:00","endTime":"2026-12-31 23:59:59"}]} =================================== 
2026-10-08 11:29:49.283 [http-nio-8080-exec-2] INFO  com.practice.flashsale.common.aspect.ApiOperationLogAspect - ====== 请求开始：[查询秒杀商品列表], 入参：{"activityId":99}, 请求类：GoodsController, 请求方法：getSeckillGoodsList =================================== 
2026-10-08 11:29:49.283 [http-nio-8080-exec-2] INFO  com.practice.flashsale.goods.service.impl.GoodsServiceImpl - ==> 查询秒杀商品列表, activityId: 99
2026-10-08 11:29:49.290 [http-nio-8080-exec-2] WARN  com.practice.flashsale.common.exception.GlobalExceptionHandler - /seckill/goods/list request fail, errorCode: 30001, errorMessage: 秒杀活动不存在
2026-10-08 11:35:43.644 [SpringApplicationShutdownHook] INFO  org.springframework.boot.web.embedded.tomcat.GracefulShutdown - Commencing graceful shutdown. Waiting for active requests to complete
2026-10-08 11:35:43.955 [tomcat-shutdown] INFO  org.springframework.boot.web.embedded.tomcat.GracefulShutdown - Graceful shutdown complete
2026-10-08 11:35:43.966 [SpringApplicationShutdownHook] INFO  com.zaxxer.hikari.HikariDataSource - SeckillHikariPool - Shutdown initiated...
2026-10-08 11:35:43.971 [SpringApplicationShutdownHook] INFO  com.zaxxer.hikari.HikariDataSource - SeckillHikariPool - Shutdown completed.
2026-10-08 14:20:28.672 [background-preinit] INFO  org.hibernate.validator.internal.util.Version - HV000001: Hibernate Validator 8.0.2.Final
2026-10-08 14:20:28.729 [main] INFO  com.practice.flashsale.app.SeckillApplication - Starting SeckillApplication using Java 17.0.19 with PID 77956 (D:\java_practice\FlashSaleSystem\seckill-app\target\classes started by am0006 in D:\java_practice\FlashSaleSystem)
2026-10-08 14:20:28.731 [main] INFO  com.practice.flashsale.app.SeckillApplication - The following 1 profile is active: "dev"
2026-10-08 14:20:29.434 [main] INFO  org.springframework.data.repository.config.RepositoryConfigurationDelegate - Multiple Spring Data modules found, entering strict repository configuration mode
2026-10-08 14:20:29.437 [main] INFO  org.springframework.data.repository.config.RepositoryConfigurationDelegate - Bootstrapping Spring Data Redis repositories in DEFAULT mode.
2026-10-08 14:20:29.462 [main] INFO  org.springframework.data.repository.config.RepositoryConfigurationDelegate - Finished Spring Data repository scanning in 12 ms. Found 0 Redis repository interfaces.
2026-10-08 14:20:30.153 [main] INFO  org.springframework.boot.web.embedded.tomcat.TomcatWebServer - Tomcat initialized with port 8080 (http)
2026-10-08 14:20:30.168 [main] INFO  org.apache.coyote.http11.Http11NioProtocol - Initializing ProtocolHandler ["http-nio-8080"]
2026-10-08 14:20:30.170 [main] INFO  org.apache.catalina.core.StandardService - Starting service [Tomcat]
2026-10-08 14:20:30.170 [main] INFO  org.apache.catalina.core.StandardEngine - Starting Servlet engine: [Apache Tomcat/10.1.42]
2026-10-08 14:20:30.232 [main] INFO  org.apache.catalina.core.ContainerBase.[Tomcat].[localhost].[/] - Initializing Spring embedded WebApplicationContext
2026-10-08 14:20:30.232 [main] INFO  org.springframework.boot.web.servlet.context.ServletWebServerApplicationContext - Root WebApplicationContext: initialization completed in 1462 ms
2026-10-08 14:20:30.614 [main] INFO  cloud.tianai.captcha.generator.AbstractImageCaptchaGenerator - 图片验证码[SpringMultiImageCaptchaGenerator]初始化...
2026-10-08 14:20:31.541 [main] INFO  org.apache.coyote.http11.Http11NioProtocol - Starting ProtocolHandler ["http-nio-8080"]
2026-10-08 14:20:31.558 [main] INFO  org.springframework.boot.web.embedded.tomcat.TomcatWebServer - Tomcat started on port 8080 (http) with context path '/'
2026-10-08 14:20:31.564 [main] INFO  com.practice.flashsale.app.SeckillApplication - Started SeckillApplication in 3.357 seconds (process running for 4.165)
2026-10-08 14:21:21.072 [http-nio-8080-exec-1] INFO  org.apache.catalina.core.ContainerBase.[Tomcat].[localhost].[/] - Initializing Spring DispatcherServlet 'dispatcherServlet'
2026-10-08 14:21:21.072 [http-nio-8080-exec-1] INFO  org.springframework.web.servlet.DispatcherServlet - Initializing Servlet 'dispatcherServlet'
2026-10-08 14:21:21.074 [http-nio-8080-exec-1] INFO  org.springframework.web.servlet.DispatcherServlet - Completed initialization in 2 ms
2026-10-08 14:21:21.243 [http-nio-8080-exec-1] INFO  com.practice.flashsale.common.aspect.ApiOperationLogAspect - ====== 请求开始：[查询秒杀商品详情], 入参：{"activityId":1,"goodsId":1}, 请求类：GoodsController, 请求方法：getSeckillGoodsDetail =================================== 
2026-10-08 14:21:21.243 [http-nio-8080-exec-1] INFO  com.practice.flashsale.goods.service.impl.GoodsServiceImpl - ==> 查询秒杀商品详情, activityId: 1, goodsId: 1
2026-10-08 14:21:21.263 [http-nio-8080-exec-1] INFO  com.zaxxer.hikari.HikariDataSource - SeckillHikariPool - Starting...
2026-10-08 14:21:21.438 [http-nio-8080-exec-1] INFO  com.zaxxer.hikari.pool.HikariPool - SeckillHikariPool - Added connection com.mysql.cj.jdbc.ConnectionImpl@4f95298d
2026-10-08 14:21:21.439 [http-nio-8080-exec-1] INFO  com.zaxxer.hikari.HikariDataSource - SeckillHikariPool - Start completed.
2026-10-08 14:21:26.263 [http-nio-8080-exec-3] INFO  com.practice.flashsale.common.aspect.ApiOperationLogAspect - ====== 请求开始：[查询秒杀商品详情], 入参：{"activityId":1,"goodsId":1}, 请求类：GoodsController, 请求方法：getSeckillGoodsDetail =================================== 
2026-10-08 14:21:26.263 [http-nio-8080-exec-3] INFO  com.practice.flashsale.goods.service.impl.GoodsServiceImpl - ==> 查询秒杀商品详情, activityId: 1, goodsId: 1
2026-10-08 14:21:32.810 [SpringApplicationShutdownHook] INFO  org.springframework.boot.web.embedded.tomcat.GracefulShutdown - Commencing graceful shutdown. Waiting for active requests to complete
2026-10-08 14:21:33.111 [tomcat-shutdown] INFO  org.springframework.boot.web.embedded.tomcat.GracefulShutdown - Graceful shutdown complete
2026-10-08 14:21:33.121 [SpringApplicationShutdownHook] INFO  com.zaxxer.hikari.HikariDataSource - SeckillHikariPool - Shutdown initiated...
2026-10-08 14:21:33.125 [SpringApplicationShutdownHook] INFO  com.zaxxer.hikari.HikariDataSource - SeckillHikariPool - Shutdown completed.
2026-10-08 14:25:09.700 [background-preinit] INFO  org.hibernate.validator.internal.util.Version - HV000001: Hibernate Validator 8.0.2.Final
2026-10-08 14:25:09.757 [main] INFO  com.practice.flashsale.app.SeckillApplication - Starting SeckillApplication using Java 17.0.19 with PID 20348 (D:\java_practice\FlashSaleSystem\seckill-app\target\classes started by am0006 in D:\java_practice\FlashSaleSystem)
2026-10-08 14:25:09.759 [main] INFO  com.practice.flashsale.app.SeckillApplication - The following 1 profile is active: "dev"
2026-10-08 14:25:10.467 [main] INFO  org.springframework.data.repository.config.RepositoryConfigurationDelegate - Multiple Spring Data modules found, entering strict repository configuration mode
2026-10-08 14:25:10.469 [main] INFO  org.springframework.data.repository.config.RepositoryConfigurationDelegate - Bootstrapping Spring Data Redis repositories in DEFAULT mode.
2026-10-08 14:25:10.496 [main] INFO  org.springframework.data.repository.config.RepositoryConfigurationDelegate - Finished Spring Data repository scanning in 13 ms. Found 0 Redis repository interfaces.
2026-10-08 14:25:11.191 [main] INFO  org.springframework.boot.web.embedded.tomcat.TomcatWebServer - Tomcat initialized with port 8080 (http)
2026-10-08 14:25:11.205 [main] INFO  org.apache.coyote.http11.Http11NioProtocol - Initializing ProtocolHandler ["http-nio-8080"]
2026-10-08 14:25:11.207 [main] INFO  org.apache.catalina.core.StandardService - Starting service [Tomcat]
2026-10-08 14:25:11.207 [main] INFO  org.apache.catalina.core.StandardEngine - Starting Servlet engine: [Apache Tomcat/10.1.42]
2026-10-08 14:25:11.268 [main] INFO  org.apache.catalina.core.ContainerBase.[Tomcat].[localhost].[/] - Initializing Spring embedded WebApplicationContext
2026-10-08 14:25:11.268 [main] INFO  org.springframework.boot.web.servlet.context.ServletWebServerApplicationContext - Root WebApplicationContext: initialization completed in 1470 ms
2026-10-08 14:25:11.678 [main] INFO  cloud.tianai.captcha.generator.AbstractImageCaptchaGenerator - 图片验证码[SpringMultiImageCaptchaGenerator]初始化...
2026-10-08 14:25:12.653 [main] INFO  org.apache.coyote.http11.Http11NioProtocol - Starting ProtocolHandler ["http-nio-8080"]
2026-10-08 14:25:12.676 [main] INFO  org.springframework.boot.web.embedded.tomcat.TomcatWebServer - Tomcat started on port 8080 (http) with context path '/'
2026-10-08 14:25:12.684 [main] INFO  com.practice.flashsale.app.SeckillApplication - Started SeckillApplication in 3.46 seconds (process running for 4.314)
2026-10-08 14:25:23.529 [http-nio-8080-exec-1] INFO  org.apache.catalina.core.ContainerBase.[Tomcat].[localhost].[/] - Initializing Spring DispatcherServlet 'dispatcherServlet'
2026-10-08 14:25:23.529 [http-nio-8080-exec-1] INFO  org.springframework.web.servlet.DispatcherServlet - Initializing Servlet 'dispatcherServlet'
2026-10-08 14:25:23.530 [http-nio-8080-exec-1] INFO  org.springframework.web.servlet.DispatcherServlet - Completed initialization in 1 ms
2026-10-08 14:25:23.709 [http-nio-8080-exec-1] INFO  com.practice.flashsale.common.aspect.ApiOperationLogAspect - ====== 请求开始：[查询秒杀商品详情], 入参：{"activityId":1,"goodsId":1}, 请求类：GoodsController, 请求方法：getSeckillGoodsDetail =================================== 
2026-10-08 14:25:23.709 [http-nio-8080-exec-1] INFO  com.practice.flashsale.goods.service.impl.GoodsServiceImpl - ==> 查询秒杀商品详情, activityId: 1, goodsId: 1
2026-10-08 14:25:23.728 [http-nio-8080-exec-1] INFO  com.zaxxer.hikari.HikariDataSource - SeckillHikariPool - Starting...
2026-10-08 14:25:23.908 [http-nio-8080-exec-1] INFO  com.zaxxer.hikari.pool.HikariPool - SeckillHikariPool - Added connection com.mysql.cj.jdbc.ConnectionImpl@39dd5f22
2026-10-08 14:25:23.910 [http-nio-8080-exec-1] INFO  com.zaxxer.hikari.HikariDataSource - SeckillHikariPool - Start completed.
2026-10-08 14:25:24.039 [http-nio-8080-exec-1] INFO  com.practice.flashsale.common.aspect.ApiOperationLogAspect - ====== 请求结束: [查询秒杀商品详情], 耗时: 333ms, 出参: {"success":true,"message":null,"errorCode":null,"data":{"id":1,"goodsId":1,"activityId":1,"goodsName":"iPhone 15 Pro Max 256GB 深空黑色","goodsPrice":9999.00,"goodsImgs":["https://img.quanxiaoha.com/goods/iphone15promax-1.jpg","https://img.quanxiaoha.com/goods/iphone15promax-2.jpg","https://img.quanxiaoha.com/goods/iphone15promax-3.jpg","https://img.quanxiaoha.com/goods/iphone15promax-4.jpg"],"goodsDetail":"<h2>iPhone 15 Pro Max 256GB</h2><p>A17 Pro 芯片，钛金属设计，4800 万像素主摄。</p><ul><li>6.7 英寸超视网膜 XDR 显示屏</li><li>最长 29 小时视频播放</li><li>支持 USB 3，传输速度最高可达 10Gb/s</li></ul>","seckillPrice":8999.00,"seckillTotal":100,"seckillStock":88,"activityStatus":1,"beginTime":"2026-04-01 00:00:00","endTime":"2026-12-31 23:59:59"}} =================================== 
2026-10-08 14:26:27.551 [http-nio-8080-exec-4] INFO  com.practice.flashsale.common.aspect.ApiOperationLogAspect - ====== 请求开始：[查询秒杀商品详情], 入参：{"activityId":999,"goodsId":1}, 请求类：GoodsController, 请求方法：getSeckillGoodsDetail =================================== 
2026-10-08 14:26:27.552 [http-nio-8080-exec-4] INFO  com.practice.flashsale.goods.service.impl.GoodsServiceImpl - ==> 查询秒杀商品详情, activityId: 999, goodsId: 1
2026-10-08 14:26:27.559 [http-nio-8080-exec-4] WARN  com.practice.flashsale.common.exception.GlobalExceptionHandler - /seckill/goods/detail request fail, errorCode: 30001, errorMessage: 秒杀活动不存在
2026-10-08 14:26:37.072 [http-nio-8080-exec-3] INFO  com.practice.flashsale.common.aspect.ApiOperationLogAspect - ====== 请求开始：[查询秒杀商品详情], 入参：{"activityId":1,"goodsId":999}, 请求类：GoodsController, 请求方法：getSeckillGoodsDetail =================================== 
2026-10-08 14:26:37.072 [http-nio-8080-exec-3] INFO  com.practice.flashsale.goods.service.impl.GoodsServiceImpl - ==> 查询秒杀商品详情, activityId: 1, goodsId: 999
2026-10-08 14:26:37.079 [http-nio-8080-exec-3] WARN  com.practice.flashsale.common.exception.GlobalExceptionHandler - /seckill/goods/detail request fail, errorCode: 30002, errorMessage: 秒杀商品不存在
2026-10-08 14:26:49.953 [SpringApplicationShutdownHook] INFO  org.springframework.boot.web.embedded.tomcat.GracefulShutdown - Commencing graceful shutdown. Waiting for active requests to complete
2026-10-08 14:26:50.260 [tomcat-shutdown] INFO  org.springframework.boot.web.embedded.tomcat.GracefulShutdown - Graceful shutdown complete
2026-10-08 14:26:50.271 [SpringApplicationShutdownHook] INFO  com.zaxxer.hikari.HikariDataSource - SeckillHikariPool - Shutdown initiated...
2026-10-08 14:26:50.276 [SpringApplicationShutdownHook] INFO  com.zaxxer.hikari.HikariDataSource - SeckillHikariPool - Shutdown completed.
2026-10-08 15:59:43.874 [background-preinit] INFO  org.hibernate.validator.internal.util.Version - HV000001: Hibernate Validator 8.0.2.Final
2026-10-08 15:59:43.933 [main] INFO  com.practice.flashsale.app.SeckillApplication - Starting SeckillApplication using Java 17.0.19 with PID 32800 (D:\java_practice\FlashSaleSystem\seckill-app\target\classes started by am0006 in D:\java_practice\FlashSaleSystem)
2026-10-08 15:59:43.936 [main] INFO  com.practice.flashsale.app.SeckillApplication - The following 1 profile is active: "dev"
2026-10-08 15:59:44.681 [main] INFO  org.springframework.data.repository.config.RepositoryConfigurationDelegate - Multiple Spring Data modules found, entering strict repository configuration mode
2026-10-08 15:59:44.683 [main] INFO  org.springframework.data.repository.config.RepositoryConfigurationDelegate - Bootstrapping Spring Data Redis repositories in DEFAULT mode.
2026-10-08 15:59:44.709 [main] INFO  org.springframework.data.repository.config.RepositoryConfigurationDelegate - Finished Spring Data repository scanning in 12 ms. Found 0 Redis repository interfaces.
2026-10-08 15:59:45.456 [main] INFO  org.springframework.boot.web.embedded.tomcat.TomcatWebServer - Tomcat initialized with port 8080 (http)
2026-10-08 15:59:45.471 [main] INFO  org.apache.coyote.http11.Http11NioProtocol - Initializing ProtocolHandler ["http-nio-8080"]
2026-10-08 15:59:45.472 [main] INFO  org.apache.catalina.core.StandardService - Starting service [Tomcat]
2026-10-08 15:59:45.472 [main] INFO  org.apache.catalina.core.StandardEngine - Starting Servlet engine: [Apache Tomcat/10.1.42]
2026-10-08 15:59:45.539 [main] INFO  org.apache.catalina.core.ContainerBase.[Tomcat].[localhost].[/] - Initializing Spring embedded WebApplicationContext
2026-10-08 15:59:45.539 [main] INFO  org.springframework.boot.web.servlet.context.ServletWebServerApplicationContext - Root WebApplicationContext: initialization completed in 1563 ms
2026-10-08 15:59:46.633 [main] INFO  cloud.tianai.captcha.generator.AbstractImageCaptchaGenerator - 图片验证码[SpringMultiImageCaptchaGenerator]初始化...
2026-10-08 15:59:47.316 [main] INFO  org.apache.coyote.http11.Http11NioProtocol - Starting ProtocolHandler ["http-nio-8080"]
2026-10-08 15:59:47.343 [main] INFO  org.springframework.boot.web.embedded.tomcat.TomcatWebServer - Tomcat started on port 8080 (http) with context path '/'
2026-10-08 15:59:47.353 [main] INFO  com.practice.flashsale.app.SeckillApplication - Started SeckillApplication in 3.965 seconds (process running for 4.793)
2026-10-08 16:02:00.517 [http-nio-8080-exec-1] INFO  org.apache.catalina.core.ContainerBase.[Tomcat].[localhost].[/] - Initializing Spring DispatcherServlet 'dispatcherServlet'
2026-10-08 16:02:00.517 [http-nio-8080-exec-1] INFO  org.springframework.web.servlet.DispatcherServlet - Initializing Servlet 'dispatcherServlet'
2026-10-08 16:02:00.518 [http-nio-8080-exec-1] INFO  org.springframework.web.servlet.DispatcherServlet - Completed initialization in 1 ms
2026-10-08 16:02:00.557 [http-nio-8080-exec-1] WARN  com.practice.flashsale.common.exception.GlobalExceptionHandler - /seckill/order request fail, 未登录异常, type=-1, message=未能读取到有效 token
2026-10-08 16:06:56.348 [http-nio-8080-exec-3] INFO  com.practice.flashsale.common.aspect.ApiOperationLogAspect - ====== 请求开始：[用户登录], 入参：{"mobile":"13420906815","type":1,"password":"123456","verifyCode":null}, 请求类：UserController, 请求方法：login =================================== 
2026-10-08 16:06:56.444 [http-nio-8080-exec-3] INFO  com.zaxxer.hikari.HikariDataSource - SeckillHikariPool - Starting...
2026-10-08 16:06:56.639 [http-nio-8080-exec-3] INFO  com.zaxxer.hikari.pool.HikariPool - SeckillHikariPool - Added connection com.mysql.cj.jdbc.ConnectionImpl@197bdc8e
2026-10-08 16:06:56.641 [http-nio-8080-exec-3] INFO  com.zaxxer.hikari.HikariDataSource - SeckillHikariPool - Start completed.
2026-10-08 16:06:57.344 [http-nio-8080-exec-3] INFO  com.practice.flashsale.user.service.impl.UserServiceImpl - 登录失败次数 +1, mobile=13420906815, failCount=1
2026-10-08 16:06:57.345 [http-nio-8080-exec-3] WARN  com.practice.flashsale.common.exception.GlobalExceptionHandler - /user/login request fail, errorCode: 20012, errorMessage: 手机号或密码错误
2026-10-08 16:07:06.799 [http-nio-8080-exec-4] INFO  com.practice.flashsale.common.aspect.ApiOperationLogAspect - ====== 请求开始：[用户登录], 入参：{"mobile":"13420906815","type":1,"password":"mkyl2014","verifyCode":null}, 请求类：UserController, 请求方法：login =================================== 
2026-10-08 16:07:06.935 [http-nio-8080-exec-4] INFO  com.practice.flashsale.user.service.impl.UserServiceImpl - 用户登录成功, userId=2, mobile=13420906815
2026-10-08 16:07:06.937 [http-nio-8080-exec-4] INFO  com.practice.flashsale.common.aspect.ApiOperationLogAspect - ====== 请求结束: [用户登录], 耗时: 136ms, 出参: {"success":true,"message":null,"errorCode":null,"data":{"token":"fcd70e09-b40b-48f1-8fd8-d4b4ae427eaa","userInfo":{"id":2,"nickname":"用户657343","avatar":null}}} =================================== 
2026-10-08 16:08:42.807 [http-nio-8080-exec-6] INFO  com.practice.flashsale.common.aspect.ApiOperationLogAspect - ====== 请求开始：[秒杀下单], 入参：{"activityId":1,"goodsId":1}, 请求类：OrderController, 请求方法：doSeckill =================================== 
2026-10-08 16:08:42.820 [http-nio-8080-exec-6] INFO  com.practice.flashsale.order.service.impl.OrderServiceImpl - ==> 当前登录用户 ID：2
2026-10-08 16:08:42.957 [http-nio-8080-exec-6] INFO  com.practice.flashsale.order.service.impl.OrderServiceImpl - ==> 秒杀下单成功, orderId：1, orderNo：2108107305177735168
2026-10-08 16:08:42.967 [http-nio-8080-exec-6] INFO  com.practice.flashsale.common.aspect.ApiOperationLogAspect - ====== 请求结束: [秒杀下单], 耗时: 156ms, 出参: {"success":true,"message":null,"errorCode":null,"data":{"orderId":1,"orderNo":"2108107305177735168","goodsName":"iPhone 15 Pro Max 256GB 深空黑色","goodsImg":"https://img.quanxiaoha.com/iphone15promax.jpg","seckillPrice":8999.00,"status":0,"expireTime":"2026-10-08 16:38:42"}} =================================== 
2026-10-08 16:09:27.257 [http-nio-8080-exec-7] INFO  com.practice.flashsale.common.aspect.ApiOperationLogAspect - ====== 请求开始：[秒杀下单], 入参：{"activityId":99,"goodsId":1}, 请求类：OrderController, 请求方法：doSeckill =================================== 
2026-10-08 16:09:27.259 [http-nio-8080-exec-7] INFO  com.practice.flashsale.order.service.impl.OrderServiceImpl - ==> 当前登录用户 ID：2
2026-10-08 16:09:27.264 [http-nio-8080-exec-7] WARN  com.practice.flashsale.common.exception.GlobalExceptionHandler - /seckill/order request fail, errorCode: 30001, errorMessage: 秒杀活动不存在
2026-10-08 16:09:36.935 [http-nio-8080-exec-8] INFO  com.practice.flashsale.common.aspect.ApiOperationLogAspect - ====== 请求开始：[秒杀下单], 入参：{"activityId":1,"goodsId":999}, 请求类：OrderController, 请求方法：doSeckill =================================== 
2026-10-08 16:09:36.937 [http-nio-8080-exec-8] INFO  com.practice.flashsale.order.service.impl.OrderServiceImpl - ==> 当前登录用户 ID：2
2026-10-08 16:09:36.941 [http-nio-8080-exec-8] WARN  com.practice.flashsale.common.exception.GlobalExceptionHandler - /seckill/order request fail, errorCode: 30002, errorMessage: 秒杀商品不存在
2026-10-08 16:09:48.226 [http-nio-8080-exec-9] INFO  com.practice.flashsale.common.aspect.ApiOperationLogAspect - ====== 请求开始：[秒杀下单], 入参：{"activityId":1,"goodsId":1}, 请求类：OrderController, 请求方法：doSeckill =================================== 
2026-10-08 16:09:48.229 [http-nio-8080-exec-9] INFO  com.practice.flashsale.order.service.impl.OrderServiceImpl - ==> 当前登录用户 ID：2
2026-10-08 16:09:48.348 [http-nio-8080-exec-9] WARN  com.practice.flashsale.order.service.impl.OrderServiceImpl - ==> 重复下单, userId：2, activityId：1, goodsId：1
2026-10-08 16:09:48.351 [http-nio-8080-exec-9] WARN  com.practice.flashsale.common.exception.GlobalExceptionHandler - /seckill/order request fail, errorCode: 40004, errorMessage: 您已参与过此商品的秒杀
2026-10-08 16:14:08.022 [SpringApplicationShutdownHook] INFO  org.springframework.boot.web.embedded.tomcat.GracefulShutdown - Commencing graceful shutdown. Waiting for active requests to complete
2026-10-08 16:14:08.333 [tomcat-shutdown] INFO  org.springframework.boot.web.embedded.tomcat.GracefulShutdown - Graceful shutdown complete
2026-10-08 16:14:08.364 [SpringApplicationShutdownHook] INFO  com.zaxxer.hikari.HikariDataSource - SeckillHikariPool - Shutdown initiated...
2026-10-08 16:14:08.371 [SpringApplicationShutdownHook] INFO  com.zaxxer.hikari.HikariDataSource - SeckillHikariPool - Shutdown completed.
2026-10-08 16:48:31.788 [background-preinit] INFO  org.hibernate.validator.internal.util.Version - HV000001: Hibernate Validator 8.0.2.Final
2026-10-08 16:48:31.849 [main] INFO  com.practice.flashsale.app.SeckillApplication - Starting SeckillApplication using Java 17.0.19 with PID 35824 (D:\java_practice\FlashSaleSystem\seckill-app\target\classes started by am0006 in D:\java_practice\FlashSaleSystem)
2026-10-08 16:48:31.852 [main] INFO  com.practice.flashsale.app.SeckillApplication - The following 1 profile is active: "dev"
2026-10-08 16:48:32.608 [main] INFO  org.springframework.data.repository.config.RepositoryConfigurationDelegate - Multiple Spring Data modules found, entering strict repository configuration mode
2026-10-08 16:48:32.610 [main] INFO  org.springframework.data.repository.config.RepositoryConfigurationDelegate - Bootstrapping Spring Data Redis repositories in DEFAULT mode.
2026-10-08 16:48:32.637 [main] INFO  org.springframework.data.repository.config.RepositoryConfigurationDelegate - Finished Spring Data repository scanning in 12 ms. Found 0 Redis repository interfaces.
2026-10-08 16:48:33.364 [main] INFO  org.springframework.boot.web.embedded.tomcat.TomcatWebServer - Tomcat initialized with port 8080 (http)
2026-10-08 16:48:33.380 [main] INFO  org.apache.coyote.http11.Http11NioProtocol - Initializing ProtocolHandler ["http-nio-8080"]
2026-10-08 16:48:33.381 [main] INFO  org.apache.catalina.core.StandardService - Starting service [Tomcat]
2026-10-08 16:48:33.381 [main] INFO  org.apache.catalina.core.StandardEngine - Starting Servlet engine: [Apache Tomcat/10.1.42]
2026-10-08 16:48:33.444 [main] INFO  org.apache.catalina.core.ContainerBase.[Tomcat].[localhost].[/] - Initializing Spring embedded WebApplicationContext
2026-10-08 16:48:33.444 [main] INFO  org.springframework.boot.web.servlet.context.ServletWebServerApplicationContext - Root WebApplicationContext: initialization completed in 1552 ms
2026-10-08 16:48:34.297 [main] INFO  cloud.tianai.captcha.generator.AbstractImageCaptchaGenerator - 图片验证码[SpringMultiImageCaptchaGenerator]初始化...
2026-10-08 16:48:34.860 [main] INFO  org.apache.coyote.http11.Http11NioProtocol - Starting ProtocolHandler ["http-nio-8080"]
2026-10-08 16:48:34.877 [main] INFO  org.springframework.boot.web.embedded.tomcat.TomcatWebServer - Tomcat started on port 8080 (http) with context path '/'
2026-10-08 16:48:34.886 [main] INFO  com.practice.flashsale.app.SeckillApplication - Started SeckillApplication in 3.626 seconds (process running for 4.456)
2026-10-08 16:48:59.148 [http-nio-8080-exec-1] INFO  org.apache.catalina.core.ContainerBase.[Tomcat].[localhost].[/] - Initializing Spring DispatcherServlet 'dispatcherServlet'
2026-10-08 16:48:59.148 [http-nio-8080-exec-1] INFO  org.springframework.web.servlet.DispatcherServlet - Initializing Servlet 'dispatcherServlet'
2026-10-08 16:48:59.149 [http-nio-8080-exec-1] INFO  org.springframework.web.servlet.DispatcherServlet - Completed initialization in 1 ms
2026-10-08 16:48:59.281 [http-nio-8080-exec-1] INFO  com.zaxxer.hikari.HikariDataSource - SeckillHikariPool - Starting...
2026-10-08 16:48:59.484 [http-nio-8080-exec-1] INFO  com.zaxxer.hikari.pool.HikariPool - SeckillHikariPool - Added connection com.mysql.cj.jdbc.ConnectionImpl@18da8b60
2026-10-08 16:48:59.486 [http-nio-8080-exec-1] INFO  com.zaxxer.hikari.HikariDataSource - SeckillHikariPool - Start completed.
2026-10-08 16:49:00.598 [http-nio-8080-exec-1] INFO  com.practice.flashsale.user.controller.TestController - ==> 批量登录完成, 共获取 100 个 Token, 已写入 D:\java_practice\FlashSaleSystem\tokens.csv
2026-10-08 17:12:12.415 [http-nio-8080-exec-60] INFO  com.practice.flashsale.common.aspect.ApiOperationLogAspect - ====== 请求开始：[秒杀下单], 入参：{"activityId":1,"goodsId":1}, 请求类：OrderController, 请求方法：doSeckill =================================== 
2026-10-08 17:12:12.415 [http-nio-8080-exec-51] INFO  com.practice.flashsale.common.aspect.ApiOperationLogAspect - ====== 请求开始：[秒杀下单], 入参：{"activityId":1,"goodsId":1}, 请求类：OrderController, 请求方法：doSeckill =================================== 
2026-10-08 17:12:12.415 [http-nio-8080-exec-65] INFO  com.practice.flashsale.common.aspect.ApiOperationLogAspect - ====== 请求开始：[秒杀下单], 入参：{"activityId":1,"goodsId":1}, 请求类：OrderController, 请求方法：doSeckill =================================== 
2026-10-08 17:12:12.415 [http-nio-8080-exec-45] INFO  com.practice.flashsale.common.aspect.ApiOperationLogAspect - ====== 请求开始：[秒杀下单], 入参：{"activityId":1,"goodsId":1}, 请求类：OrderController, 请求方法：doSeckill =================================== 
2026-10-08 17:12:12.415 [http-nio-8080-exec-11] INFO  com.practice.flashsale.common.aspect.ApiOperationLogAspect - ====== 请求开始：[秒杀下单], 入参：{"activityId":1,"goodsId":1}, 请求类：OrderController, 请求方法：doSeckill =================================== 
2026-10-08 17:12:12.415 [http-nio-8080-exec-3] INFO  com.practice.flashsale.common.aspect.ApiOperationLogAspect - ====== 请求开始：[秒杀下单], 入参：{"activityId":1,"goodsId":1}, 请求类：OrderController, 请求方法：doSeckill =================================== 
2026-10-08 17:12:12.415 [http-nio-8080-exec-99] INFO  com.practice.flashsale.common.aspect.ApiOperationLogAspect - ====== 请求开始：[秒杀下单], 入参：{"activityId":1,"goodsId":1}, 请求类：OrderController, 请求方法：doSeckill =================================== 
2026-10-08 17:12:12.415 [http-nio-8080-exec-23] INFO  com.practice.flashsale.common.aspect.ApiOperationLogAspect - ====== 请求开始：[秒杀下单], 入参：{"activityId":1,"goodsId":1}, 请求类：OrderController, 请求方法：doSeckill =================================== 
2026-10-08 17:12:12.415 [http-nio-8080-exec-35] INFO  com.practice.flashsale.common.aspect.ApiOperationLogAspect - ====== 请求开始：[秒杀下单], 入参：{"activityId":1,"goodsId":1}, 请求类：OrderController, 请求方法：doSeckill =================================== 
2026-10-08 17:12:12.415 [http-nio-8080-exec-93] INFO  com.practice.flashsale.common.aspect.ApiOperationLogAspect - ====== 请求开始：[秒杀下单], 入参：{"activityId":1,"goodsId":1}, 请求类：OrderController, 请求方法：doSeckill =================================== 
2026-10-08 17:12:12.415 [http-nio-8080-exec-62] INFO  com.practice.flashsale.common.aspect.ApiOperationLogAspect - ====== 请求开始：[秒杀下单], 入参：{"activityId":1,"goodsId":1}, 请求类：OrderController, 请求方法：doSeckill =================================== 
2026-10-08 17:12:12.415 [http-nio-8080-exec-90] INFO  com.practice.flashsale.common.aspect.ApiOperationLogAspect - ====== 请求开始：[秒杀下单], 入参：{"activityId":1,"goodsId":1}, 请求类：OrderController, 请求方法：doSeckill =================================== 
2026-10-08 17:12:12.415 [http-nio-8080-exec-48] INFO  com.practice.flashsale.common.aspect.ApiOperationLogAspect - ====== 请求开始：[秒杀下单], 入参：{"activityId":1,"goodsId":1}, 请求类：OrderController, 请求方法：doSeckill =================================== 
2026-10-08 17:12:12.415 [http-nio-8080-exec-64] INFO  com.practice.flashsale.common.aspect.ApiOperationLogAspect - ====== 请求开始：[秒杀下单], 入参：{"activityId":1,"goodsId":1}, 请求类：OrderController, 请求方法：doSeckill =================================== 
2026-10-08 17:12:12.415 [http-nio-8080-exec-66] INFO  com.practice.flashsale.common.aspect.ApiOperationLogAspect - ====== 请求开始：[秒杀下单], 入参：{"activityId":1,"goodsId":1}, 请求类：OrderController, 请求方法：doSeckill =================================== 
2026-10-08 17:12:12.415 [http-nio-8080-exec-36] INFO  com.practice.flashsale.common.aspect.ApiOperationLogAspect - ====== 请求开始：[秒杀下单], 入参：{"activityId":1,"goodsId":1}, 请求类：OrderController, 请求方法：doSeckill =================================== 
2026-10-08 17:12:12.415 [http-nio-8080-exec-89] INFO  com.practice.flashsale.common.aspect.ApiOperationLogAspect - ====== 请求开始：[秒杀下单], 入参：{"activityId":1,"goodsId":1}, 请求类：OrderController, 请求方法：doSeckill =================================== 
2026-10-08 17:12:12.415 [http-nio-8080-exec-38] INFO  com.practice.flashsale.common.aspect.ApiOperationLogAspect - ====== 请求开始：[秒杀下单], 入参：{"activityId":1,"goodsId":1}, 请求类：OrderController, 请求方法：doSeckill =================================== 
2026-10-08 17:12:12.415 [http-nio-8080-exec-44] INFO  com.practice.flashsale.common.aspect.ApiOperationLogAspect - ====== 请求开始：[秒杀下单], 入参：{"activityId":1,"goodsId":1}, 请求类：OrderController, 请求方法：doSeckill =================================== 
2026-10-08 17:12:12.415 [http-nio-8080-exec-22] INFO  com.practice.flashsale.common.aspect.ApiOperationLogAspect - ====== 请求开始：[秒杀下单], 入参：{"activityId":1,"goodsId":1}, 请求类：OrderController, 请求方法：doSeckill =================================== 
2026-10-08 17:12:12.415 [http-nio-8080-exec-67] INFO  com.practice.flashsale.common.aspect.ApiOperationLogAspect - ====== 请求开始：[秒杀下单], 入参：{"activityId":1,"goodsId":1}, 请求类：OrderController, 请求方法：doSeckill =================================== 
2026-10-08 17:12:12.415 [http-nio-8080-exec-61] INFO  com.practice.flashsale.common.aspect.ApiOperationLogAspect - ====== 请求开始：[秒杀下单], 入参：{"activityId":1,"goodsId":1}, 请求类：OrderController, 请求方法：doSeckill =================================== 
2026-10-08 17:12:12.415 [http-nio-8080-exec-7] INFO  com.practice.flashsale.common.aspect.ApiOperationLogAspect - ====== 请求开始：[秒杀下单], 入参：{"activityId":1,"goodsId":1}, 请求类：OrderController, 请求方法：doSeckill =================================== 
2026-10-08 17:12:12.415 [http-nio-8080-exec-83] INFO  com.practice.flashsale.common.aspect.ApiOperationLogAspect - ====== 请求开始：[秒杀下单], 入参：{"activityId":1,"goodsId":1}, 请求类：OrderController, 请求方法：doSeckill =================================== 
2026-10-08 17:12:12.415 [http-nio-8080-exec-2] INFO  com.practice.flashsale.common.aspect.ApiOperationLogAspect - ====== 请求开始：[秒杀下单], 入参：{"activityId":1,"goodsId":1}, 请求类：OrderController, 请求方法：doSeckill =================================== 
2026-10-08 17:12:12.415 [http-nio-8080-exec-84] INFO  com.practice.flashsale.common.aspect.ApiOperationLogAspect - ====== 请求开始：[秒杀下单], 入参：{"activityId":1,"goodsId":1}, 请求类：OrderController, 请求方法：doSeckill =================================== 
2026-10-08 17:12:12.415 [http-nio-8080-exec-10] INFO  com.practice.flashsale.common.aspect.ApiOperationLogAspect - ====== 请求开始：[秒杀下单], 入参：{"activityId":1,"goodsId":1}, 请求类：OrderController, 请求方法：doSeckill =================================== 
2026-10-08 17:12:12.415 [http-nio-8080-exec-95] INFO  com.practice.flashsale.common.aspect.ApiOperationLogAspect - ====== 请求开始：[秒杀下单], 入参：{"activityId":1,"goodsId":1}, 请求类：OrderController, 请求方法：doSeckill =================================== 
2026-10-08 17:12:12.415 [http-nio-8080-exec-75] INFO  com.practice.flashsale.common.aspect.ApiOperationLogAspect - ====== 请求开始：[秒杀下单], 入参：{"activityId":1,"goodsId":1}, 请求类：OrderController, 请求方法：doSeckill =================================== 
2026-10-08 17:12:12.415 [http-nio-8080-exec-56] INFO  com.practice.flashsale.common.aspect.ApiOperationLogAspect - ====== 请求开始：[秒杀下单], 入参：{"activityId":1,"goodsId":1}, 请求类：OrderController, 请求方法：doSeckill =================================== 
2026-10-08 17:12:12.415 [http-nio-8080-exec-41] INFO  com.practice.flashsale.common.aspect.ApiOperationLogAspect - ====== 请求开始：[秒杀下单], 入参：{"activityId":1,"goodsId":1}, 请求类：OrderController, 请求方法：doSeckill =================================== 
2026-10-08 17:12:12.415 [http-nio-8080-exec-98] INFO  com.practice.flashsale.common.aspect.ApiOperationLogAspect - ====== 请求开始：[秒杀下单], 入参：{"activityId":1,"goodsId":1}, 请求类：OrderController, 请求方法：doSeckill =================================== 
2026-10-08 17:12:12.415 [http-nio-8080-exec-88] INFO  com.practice.flashsale.common.aspect.ApiOperationLogAspect - ====== 请求开始：[秒杀下单], 入参：{"activityId":1,"goodsId":1}, 请求类：OrderController, 请求方法：doSeckill =================================== 
2026-10-08 17:12:12.415 [http-nio-8080-exec-63] INFO  com.practice.flashsale.common.aspect.ApiOperationLogAspect - ====== 请求开始：[秒杀下单], 入参：{"activityId":1,"goodsId":1}, 请求类：OrderController, 请求方法：doSeckill =================================== 
2026-10-08 17:12:12.415 [http-nio-8080-exec-76] INFO  com.practice.flashsale.common.aspect.ApiOperationLogAspect - ====== 请求开始：[秒杀下单], 入参：{"activityId":1,"goodsId":1}, 请求类：OrderController, 请求方法：doSeckill =================================== 
2026-10-08 17:12:12.416 [http-nio-8080-exec-68] INFO  com.practice.flashsale.common.aspect.ApiOperationLogAspect - ====== 请求开始：[秒杀下单], 入参：{"activityId":1,"goodsId":1}, 请求类：OrderController, 请求方法：doSeckill =================================== 
2026-10-08 17:12:12.416 [http-nio-8080-exec-33] INFO  com.practice.flashsale.common.aspect.ApiOperationLogAspect - ====== 请求开始：[秒杀下单], 入参：{"activityId":1,"goodsId":1}, 请求类：OrderController, 请求方法：doSeckill =================================== 
2026-10-08 17:12:12.416 [http-nio-8080-exec-70] INFO  com.practice.flashsale.common.aspect.ApiOperationLogAspect - ====== 请求开始：[秒杀下单], 入参：{"activityId":1,"goodsId":1}, 请求类：OrderController, 请求方法：doSeckill =================================== 
2026-10-08 17:12:12.416 [http-nio-8080-exec-19] INFO  com.practice.flashsale.common.aspect.ApiOperationLogAspect - ====== 请求开始：[秒杀下单], 入参：{"activityId":1,"goodsId":1}, 请求类：OrderController, 请求方法：doSeckill =================================== 
2026-10-08 17:12:12.416 [http-nio-8080-exec-71] INFO  com.practice.flashsale.common.aspect.ApiOperationLogAspect - ====== 请求开始：[秒杀下单], 入参：{"activityId":1,"goodsId":1}, 请求类：OrderController, 请求方法：doSeckill =================================== 
2026-10-08 17:12:12.416 [http-nio-8080-exec-25] INFO  com.practice.flashsale.common.aspect.ApiOperationLogAspect - ====== 请求开始：[秒杀下单], 入参：{"activityId":1,"goodsId":1}, 请求类：OrderController, 请求方法：doSeckill =================================== 
2026-10-08 17:12:12.416 [http-nio-8080-exec-40] INFO  com.practice.flashsale.common.aspect.ApiOperationLogAspect - ====== 请求开始：[秒杀下单], 入参：{"activityId":1,"goodsId":1}, 请求类：OrderController, 请求方法：doSeckill =================================== 
2026-10-08 17:12:12.416 [http-nio-8080-exec-72] INFO  com.practice.flashsale.common.aspect.ApiOperationLogAspect - ====== 请求开始：[秒杀下单], 入参：{"activityId":1,"goodsId":1}, 请求类：OrderController, 请求方法：doSeckill =================================== 
2026-10-08 17:12:12.416 [http-nio-8080-exec-73] INFO  com.practice.flashsale.common.aspect.ApiOperationLogAspect - ====== 请求开始：[秒杀下单], 入参：{"activityId":1,"goodsId":1}, 请求类：OrderController, 请求方法：doSeckill =================================== 
2026-10-08 17:12:12.416 [http-nio-8080-exec-31] INFO  com.practice.flashsale.common.aspect.ApiOperationLogAspect - ====== 请求开始：[秒杀下单], 入参：{"activityId":1,"goodsId":1}, 请求类：OrderController, 请求方法：doSeckill =================================== 
2026-10-08 17:12:12.416 [http-nio-8080-exec-85] INFO  com.practice.flashsale.common.aspect.ApiOperationLogAspect - ====== 请求开始：[秒杀下单], 入参：{"activityId":1,"goodsId":1}, 请求类：OrderController, 请求方法：doSeckill =================================== 
2026-10-08 17:12:12.416 [http-nio-8080-exec-39] INFO  com.practice.flashsale.common.aspect.ApiOperationLogAspect - ====== 请求开始：[秒杀下单], 入参：{"activityId":1,"goodsId":1}, 请求类：OrderController, 请求方法：doSeckill =================================== 
2026-10-08 17:12:12.416 [http-nio-8080-exec-15] INFO  com.practice.flashsale.common.aspect.ApiOperationLogAspect - ====== 请求开始：[秒杀下单], 入参：{"activityId":1,"goodsId":1}, 请求类：OrderController, 请求方法：doSeckill =================================== 
2026-10-08 17:12:12.416 [http-nio-8080-exec-32] INFO  com.practice.flashsale.common.aspect.ApiOperationLogAspect - ====== 请求开始：[秒杀下单], 入参：{"activityId":1,"goodsId":1}, 请求类：OrderController, 请求方法：doSeckill =================================== 
2026-10-08 17:12:12.416 [http-nio-8080-exec-100] INFO  com.practice.flashsale.common.aspect.ApiOperationLogAspect - ====== 请求开始：[秒杀下单], 入参：{"activityId":1,"goodsId":1}, 请求类：OrderController, 请求方法：doSeckill =================================== 
2026-10-08 17:12:12.416 [http-nio-8080-exec-34] INFO  com.practice.flashsale.common.aspect.ApiOperationLogAspect - ====== 请求开始：[秒杀下单], 入参：{"activityId":1,"goodsId":1}, 请求类：OrderController, 请求方法：doSeckill =================================== 
2026-10-08 17:12:12.416 [http-nio-8080-exec-91] INFO  com.practice.flashsale.common.aspect.ApiOperationLogAspect - ====== 请求开始：[秒杀下单], 入参：{"activityId":1,"goodsId":1}, 请求类：OrderController, 请求方法：doSeckill =================================== 
2026-10-08 17:12:12.416 [http-nio-8080-exec-54] INFO  com.practice.flashsale.common.aspect.ApiOperationLogAspect - ====== 请求开始：[秒杀下单], 入参：{"activityId":1,"goodsId":1}, 请求类：OrderController, 请求方法：doSeckill =================================== 
2026-10-08 17:12:12.416 [http-nio-8080-exec-43] INFO  com.practice.flashsale.common.aspect.ApiOperationLogAspect - ====== 请求开始：[秒杀下单], 入参：{"activityId":1,"goodsId":1}, 请求类：OrderController, 请求方法：doSeckill =================================== 
2026-10-08 17:12:12.417 [http-nio-8080-exec-42] INFO  com.practice.flashsale.common.aspect.ApiOperationLogAspect - ====== 请求开始：[秒杀下单], 入参：{"activityId":1,"goodsId":1}, 请求类：OrderController, 请求方法：doSeckill =================================== 
2026-10-08 17:12:12.417 [http-nio-8080-exec-55] INFO  com.practice.flashsale.common.aspect.ApiOperationLogAspect - ====== 请求开始：[秒杀下单], 入参：{"activityId":1,"goodsId":1}, 请求类：OrderController, 请求方法：doSeckill =================================== 
2026-10-08 17:12:12.417 [http-nio-8080-exec-14] INFO  com.practice.flashsale.common.aspect.ApiOperationLogAspect - ====== 请求开始：[秒杀下单], 入参：{"activityId":1,"goodsId":1}, 请求类：OrderController, 请求方法：doSeckill =================================== 
2026-10-08 17:12:12.417 [http-nio-8080-exec-28] INFO  com.practice.flashsale.common.aspect.ApiOperationLogAspect - ====== 请求开始：[秒杀下单], 入参：{"activityId":1,"goodsId":1}, 请求类：OrderController, 请求方法：doSeckill =================================== 
2026-10-08 17:12:12.417 [http-nio-8080-exec-8] INFO  com.practice.flashsale.common.aspect.ApiOperationLogAspect - ====== 请求开始：[秒杀下单], 入参：{"activityId":1,"goodsId":1}, 请求类：OrderController, 请求方法：doSeckill =================================== 
2026-10-08 17:12:12.417 [http-nio-8080-exec-18] INFO  com.practice.flashsale.common.aspect.ApiOperationLogAspect - ====== 请求开始：[秒杀下单], 入参：{"activityId":1,"goodsId":1}, 请求类：OrderController, 请求方法：doSeckill =================================== 
2026-10-08 17:12:12.417 [http-nio-8080-exec-96] INFO  com.practice.flashsale.common.aspect.ApiOperationLogAspect - ====== 请求开始：[秒杀下单], 入参：{"activityId":1,"goodsId":1}, 请求类：OrderController, 请求方法：doSeckill =================================== 
2026-10-08 17:12:12.417 [http-nio-8080-exec-97] INFO  com.practice.flashsale.common.aspect.ApiOperationLogAspect - ====== 请求开始：[秒杀下单], 入参：{"activityId":1,"goodsId":1}, 请求类：OrderController, 请求方法：doSeckill =================================== 
2026-10-08 17:12:12.417 [http-nio-8080-exec-69] INFO  com.practice.flashsale.common.aspect.ApiOperationLogAspect - ====== 请求开始：[秒杀下单], 入参：{"activityId":1,"goodsId":1}, 请求类：OrderController, 请求方法：doSeckill =================================== 
2026-10-08 17:12:12.417 [http-nio-8080-exec-17] INFO  com.practice.flashsale.common.aspect.ApiOperationLogAspect - ====== 请求开始：[秒杀下单], 入参：{"activityId":1,"goodsId":1}, 请求类：OrderController, 请求方法：doSeckill =================================== 
2026-10-08 17:12:12.417 [http-nio-8080-exec-57] INFO  com.practice.flashsale.common.aspect.ApiOperationLogAspect - ====== 请求开始：[秒杀下单], 入参：{"activityId":1,"goodsId":1}, 请求类：OrderController, 请求方法：doSeckill =================================== 
2026-10-08 17:12:12.417 [http-nio-8080-exec-87] INFO  com.practice.flashsale.common.aspect.ApiOperationLogAspect - ====== 请求开始：[秒杀下单], 入参：{"activityId":1,"goodsId":1}, 请求类：OrderController, 请求方法：doSeckill =================================== 
2026-10-08 17:12:12.417 [http-nio-8080-exec-20] INFO  com.practice.flashsale.common.aspect.ApiOperationLogAspect - ====== 请求开始：[秒杀下单], 入参：{"activityId":1,"goodsId":1}, 请求类：OrderController, 请求方法：doSeckill =================================== 
2026-10-08 17:12:12.417 [http-nio-8080-exec-16] INFO  com.practice.flashsale.common.aspect.ApiOperationLogAspect - ====== 请求开始：[秒杀下单], 入参：{"activityId":1,"goodsId":1}, 请求类：OrderController, 请求方法：doSeckill =================================== 
2026-10-08 17:12:12.417 [http-nio-8080-exec-59] INFO  com.practice.flashsale.common.aspect.ApiOperationLogAspect - ====== 请求开始：[秒杀下单], 入参：{"activityId":1,"goodsId":1}, 请求类：OrderController, 请求方法：doSeckill =================================== 
2026-10-08 17:12:12.417 [http-nio-8080-exec-74] INFO  com.practice.flashsale.common.aspect.ApiOperationLogAspect - ====== 请求开始：[秒杀下单], 入参：{"activityId":1,"goodsId":1}, 请求类：OrderController, 请求方法：doSeckill =================================== 
2026-10-08 17:12:12.417 [http-nio-8080-exec-58] INFO  com.practice.flashsale.common.aspect.ApiOperationLogAspect - ====== 请求开始：[秒杀下单], 入参：{"activityId":1,"goodsId":1}, 请求类：OrderController, 请求方法：doSeckill =================================== 
2026-10-08 17:12:12.417 [http-nio-8080-exec-86] INFO  com.practice.flashsale.common.aspect.ApiOperationLogAspect - ====== 请求开始：[秒杀下单], 入参：{"activityId":1,"goodsId":1}, 请求类：OrderController, 请求方法：doSeckill =================================== 
2026-10-08 17:12:12.417 [http-nio-8080-exec-21] INFO  com.practice.flashsale.common.aspect.ApiOperationLogAspect - ====== 请求开始：[秒杀下单], 入参：{"activityId":1,"goodsId":1}, 请求类：OrderController, 请求方法：doSeckill =================================== 
2026-10-08 17:12:12.417 [http-nio-8080-exec-24] INFO  com.practice.flashsale.common.aspect.ApiOperationLogAspect - ====== 请求开始：[秒杀下单], 入参：{"activityId":1,"goodsId":1}, 请求类：OrderController, 请求方法：doSeckill =================================== 
2026-10-08 17:12:12.417 [http-nio-8080-exec-92] INFO  com.practice.flashsale.common.aspect.ApiOperationLogAspect - ====== 请求开始：[秒杀下单], 入参：{"activityId":1,"goodsId":1}, 请求类：OrderController, 请求方法：doSeckill =================================== 
2026-10-08 17:12:12.417 [http-nio-8080-exec-5] INFO  com.practice.flashsale.common.aspect.ApiOperationLogAspect - ====== 请求开始：[秒杀下单], 入参：{"activityId":1,"goodsId":1}, 请求类：OrderController, 请求方法：doSeckill =================================== 
2026-10-08 17:12:12.417 [http-nio-8080-exec-13] INFO  com.practice.flashsale.common.aspect.ApiOperationLogAspect - ====== 请求开始：[秒杀下单], 入参：{"activityId":1,"goodsId":1}, 请求类：OrderController, 请求方法：doSeckill =================================== 
2026-10-08 17:12:12.417 [http-nio-8080-exec-77] INFO  com.practice.flashsale.common.aspect.ApiOperationLogAspect - ====== 请求开始：[秒杀下单], 入参：{"activityId":1,"goodsId":1}, 请求类：OrderController, 请求方法：doSeckill =================================== 
2026-10-08 17:12:12.417 [http-nio-8080-exec-78] INFO  com.practice.flashsale.common.aspect.ApiOperationLogAspect - ====== 请求开始：[秒杀下单], 入参：{"activityId":1,"goodsId":1}, 请求类：OrderController, 请求方法：doSeckill =================================== 
2026-10-08 17:12:12.417 [http-nio-8080-exec-12] INFO  com.practice.flashsale.common.aspect.ApiOperationLogAspect - ====== 请求开始：[秒杀下单], 入参：{"activityId":1,"goodsId":1}, 请求类：OrderController, 请求方法：doSeckill =================================== 
2026-10-08 17:12:12.417 [http-nio-8080-exec-26] INFO  com.practice.flashsale.common.aspect.ApiOperationLogAspect - ====== 请求开始：[秒杀下单], 入参：{"activityId":1,"goodsId":1}, 请求类：OrderController, 请求方法：doSeckill =================================== 
2026-10-08 17:12:12.417 [http-nio-8080-exec-37] INFO  com.practice.flashsale.common.aspect.ApiOperationLogAspect - ====== 请求开始：[秒杀下单], 入参：{"activityId":1,"goodsId":1}, 请求类：OrderController, 请求方法：doSeckill =================================== 
2026-10-08 17:12:12.417 [http-nio-8080-exec-27] INFO  com.practice.flashsale.common.aspect.ApiOperationLogAspect - ====== 请求开始：[秒杀下单], 入参：{"activityId":1,"goodsId":1}, 请求类：OrderController, 请求方法：doSeckill =================================== 
2026-10-08 17:12:12.417 [http-nio-8080-exec-80] INFO  com.practice.flashsale.common.aspect.ApiOperationLogAspect - ====== 请求开始：[秒杀下单], 入参：{"activityId":1,"goodsId":1}, 请求类：OrderController, 请求方法：doSeckill =================================== 
2026-10-08 17:12:12.417 [http-nio-8080-exec-47] INFO  com.practice.flashsale.common.aspect.ApiOperationLogAspect - ====== 请求开始：[秒杀下单], 入参：{"activityId":1,"goodsId":1}, 请求类：OrderController, 请求方法：doSeckill =================================== 
2026-10-08 17:12:12.417 [http-nio-8080-exec-52] INFO  com.practice.flashsale.common.aspect.ApiOperationLogAspect - ====== 请求开始：[秒杀下单], 入参：{"activityId":1,"goodsId":1}, 请求类：OrderController, 请求方法：doSeckill =================================== 
2026-10-08 17:12:12.417 [http-nio-8080-exec-4] INFO  com.practice.flashsale.common.aspect.ApiOperationLogAspect - ====== 请求开始：[秒杀下单], 入参：{"activityId":1,"goodsId":1}, 请求类：OrderController, 请求方法：doSeckill =================================== 
2026-10-08 17:12:12.417 [http-nio-8080-exec-6] INFO  com.practice.flashsale.common.aspect.ApiOperationLogAspect - ====== 请求开始：[秒杀下单], 入参：{"activityId":1,"goodsId":1}, 请求类：OrderController, 请求方法：doSeckill =================================== 
2026-10-08 17:12:12.417 [http-nio-8080-exec-79] INFO  com.practice.flashsale.common.aspect.ApiOperationLogAspect - ====== 请求开始：[秒杀下单], 入参：{"activityId":1,"goodsId":1}, 请求类：OrderController, 请求方法：doSeckill =================================== 
2026-10-08 17:12:12.418 [http-nio-8080-exec-30] INFO  com.practice.flashsale.common.aspect.ApiOperationLogAspect - ====== 请求开始：[秒杀下单], 入参：{"activityId":1,"goodsId":1}, 请求类：OrderController, 请求方法：doSeckill =================================== 
2026-10-08 17:12:12.418 [http-nio-8080-exec-53] INFO  com.practice.flashsale.common.aspect.ApiOperationLogAspect - ====== 请求开始：[秒杀下单], 入参：{"activityId":1,"goodsId":1}, 请求类：OrderController, 请求方法：doSeckill =================================== 
2026-10-08 17:12:12.418 [http-nio-8080-exec-9] INFO  com.practice.flashsale.common.aspect.ApiOperationLogAspect - ====== 请求开始：[秒杀下单], 入参：{"activityId":1,"goodsId":1}, 请求类：OrderController, 请求方法：doSeckill =================================== 
2026-10-08 17:12:12.418 [http-nio-8080-exec-94] INFO  com.practice.flashsale.common.aspect.ApiOperationLogAspect - ====== 请求开始：[秒杀下单], 入参：{"activityId":1,"goodsId":1}, 请求类：OrderController, 请求方法：doSeckill =================================== 
2026-10-08 17:12:12.420 [http-nio-8080-exec-49] INFO  com.practice.flashsale.common.aspect.ApiOperationLogAspect - ====== 请求开始：[秒杀下单], 入参：{"activityId":1,"goodsId":1}, 请求类：OrderController, 请求方法：doSeckill =================================== 
2026-10-08 17:12:12.420 [http-nio-8080-exec-50] INFO  com.practice.flashsale.common.aspect.ApiOperationLogAspect - ====== 请求开始：[秒杀下单], 入参：{"activityId":1,"goodsId":1}, 请求类：OrderController, 请求方法：doSeckill =================================== 
2026-10-08 17:12:12.420 [http-nio-8080-exec-1] INFO  com.practice.flashsale.common.aspect.ApiOperationLogAspect - ====== 请求开始：[秒杀下单], 入参：{"activityId":1,"goodsId":1}, 请求类：OrderController, 请求方法：doSeckill =================================== 
2026-10-08 17:12:12.421 [http-nio-8080-exec-82] INFO  com.practice.flashsale.common.aspect.ApiOperationLogAspect - ====== 请求开始：[秒杀下单], 入参：{"activityId":1,"goodsId":1}, 请求类：OrderController, 请求方法：doSeckill =================================== 
2026-10-08 17:12:12.421 [http-nio-8080-exec-81] INFO  com.practice.flashsale.common.aspect.ApiOperationLogAspect - ====== 请求开始：[秒杀下单], 入参：{"activityId":1,"goodsId":1}, 请求类：OrderController, 请求方法：doSeckill =================================== 
2026-10-08 17:12:12.421 [http-nio-8080-exec-46] INFO  com.practice.flashsale.common.aspect.ApiOperationLogAspect - ====== 请求开始：[秒杀下单], 入参：{"activityId":1,"goodsId":1}, 请求类：OrderController, 请求方法：doSeckill =================================== 
2026-10-08 17:12:12.422 [http-nio-8080-exec-29] INFO  com.practice.flashsale.common.aspect.ApiOperationLogAspect - ====== 请求开始：[秒杀下单], 入参：{"activityId":1,"goodsId":1}, 请求类：OrderController, 请求方法：doSeckill =================================== 
2026-10-08 17:12:12.438 [http-nio-8080-exec-11] INFO  com.practice.flashsale.order.service.impl.OrderServiceImpl - ==> 当前登录用户 ID：98
2026-10-08 17:12:12.440 [http-nio-8080-exec-16] INFO  com.practice.flashsale.order.service.impl.OrderServiceImpl - ==> 当前登录用户 ID：22
2026-10-08 17:12:12.444 [http-nio-8080-exec-35] INFO  com.practice.flashsale.order.service.impl.OrderServiceImpl - ==> 当前登录用户 ID：38
2026-10-08 17:12:12.444 [http-nio-8080-exec-48] INFO  com.practice.flashsale.order.service.impl.OrderServiceImpl - ==> 当前登录用户 ID：61
2026-10-08 17:12:12.445 [http-nio-8080-exec-7] INFO  com.practice.flashsale.order.service.impl.OrderServiceImpl - ==> 当前登录用户 ID：65
2026-10-08 17:12:12.445 [http-nio-8080-exec-64] INFO  com.practice.flashsale.order.service.impl.OrderServiceImpl - ==> 当前登录用户 ID：104
2026-10-08 17:12:12.445 [http-nio-8080-exec-89] INFO  com.practice.flashsale.order.service.impl.OrderServiceImpl - ==> 当前登录用户 ID：70
2026-10-08 17:12:12.445 [http-nio-8080-exec-23] INFO  com.practice.flashsale.order.service.impl.OrderServiceImpl - ==> 当前登录用户 ID：86
2026-10-08 17:12:12.445 [http-nio-8080-exec-36] INFO  com.practice.flashsale.order.service.impl.OrderServiceImpl - ==> 当前登录用户 ID：45
2026-10-08 17:12:12.445 [http-nio-8080-exec-51] INFO  com.practice.flashsale.order.service.impl.OrderServiceImpl - ==> 当前登录用户 ID：63
2026-10-08 17:12:12.461 [http-nio-8080-exec-84] INFO  com.practice.flashsale.order.service.impl.OrderServiceImpl - ==> 当前登录用户 ID：27
2026-10-08 17:12:12.480 [http-nio-8080-exec-45] INFO  com.practice.flashsale.order.service.impl.OrderServiceImpl - ==> 当前登录用户 ID：29
2026-10-08 17:12:12.515 [http-nio-8080-exec-60] INFO  com.practice.flashsale.order.service.impl.OrderServiceImpl - ==> 当前登录用户 ID：43
2026-10-08 17:12:12.552 [http-nio-8080-exec-50] INFO  com.practice.flashsale.order.service.impl.OrderServiceImpl - ==> 当前登录用户 ID：76
2026-10-08 17:12:12.589 [http-nio-8080-exec-44] INFO  com.practice.flashsale.order.service.impl.OrderServiceImpl - ==> 当前登录用户 ID：47
2026-10-08 17:12:12.626 [http-nio-8080-exec-50] INFO  com.practice.flashsale.order.service.impl.OrderServiceImpl - ==> 秒杀下单成功, orderId：1, orderNo：2108123284062490624
2026-10-08 17:12:12.633 [http-nio-8080-exec-22] INFO  com.practice.flashsale.order.service.impl.OrderServiceImpl - ==> 当前登录用户 ID：87
2026-10-08 17:12:12.636 [http-nio-8080-exec-7] INFO  com.practice.flashsale.order.service.impl.OrderServiceImpl - ==> 秒杀下单成功, orderId：2, orderNo：2108123284142182400
2026-10-08 17:12:12.637 [http-nio-8080-exec-66] INFO  com.practice.flashsale.order.service.impl.OrderServiceImpl - ==> 当前登录用户 ID：64
2026-10-08 17:12:12.641 [http-nio-8080-exec-98] INFO  com.practice.flashsale.order.service.impl.OrderServiceImpl - ==> 当前登录用户 ID：53
2026-10-08 17:12:12.641 [http-nio-8080-exec-50] INFO  com.practice.flashsale.common.aspect.ApiOperationLogAspect - ====== 请求结束: [秒杀下单], 耗时: 227ms, 出参: {"success":true,"message":null,"errorCode":null,"data":{"orderId":1,"orderNo":"2108123284062490624","goodsName":"iPhone 15 Pro Max 256GB 深空黑色","goodsImg":"https://img.quanxiaoha.com/iphone15promax.jpg","seckillPrice":8999.00,"status":0,"expireTime":"2026-10-08 17:42:12"}} =================================== 
2026-10-08 17:12:12.641 [http-nio-8080-exec-7] INFO  com.practice.flashsale.common.aspect.ApiOperationLogAspect - ====== 请求结束: [秒杀下单], 耗时: 235ms, 出参: {"success":true,"message":null,"errorCode":null,"data":{"orderId":2,"orderNo":"2108123284142182400","goodsName":"iPhone 15 Pro Max 256GB 深空黑色","goodsImg":"https://img.quanxiaoha.com/iphone15promax.jpg","seckillPrice":8999.00,"status":0,"expireTime":"2026-10-08 17:42:12"}} =================================== 
2026-10-08 17:12:12.645 [http-nio-8080-exec-51] INFO  com.practice.flashsale.order.service.impl.OrderServiceImpl - ==> 秒杀下单成功, orderId：3, orderNo：2108123284175736832
2026-10-08 17:12:12.648 [http-nio-8080-exec-51] INFO  com.practice.flashsale.common.aspect.ApiOperationLogAspect - ====== 请求结束: [秒杀下单], 耗时: 244ms, 出参: {"success":true,"message":null,"errorCode":null,"data":{"orderId":3,"orderNo":"2108123284175736832","goodsName":"iPhone 15 Pro Max 256GB 深空黑色","goodsImg":"https://img.quanxiaoha.com/iphone15promax.jpg","seckillPrice":8999.00,"status":0,"expireTime":"2026-10-08 17:42:12"}} =================================== 
2026-10-08 17:12:12.650 [http-nio-8080-exec-49] INFO  com.practice.flashsale.order.service.impl.OrderServiceImpl - ==> 当前登录用户 ID：31
2026-10-08 17:12:12.652 [http-nio-8080-exec-89] INFO  com.practice.flashsale.order.service.impl.OrderServiceImpl - ==> 秒杀下单成功, orderId：4, orderNo：2108123284209291264
2026-10-08 17:12:12.656 [http-nio-8080-exec-89] INFO  com.practice.flashsale.common.aspect.ApiOperationLogAspect - ====== 请求结束: [秒杀下单], 耗时: 252ms, 出参: {"success":true,"message":null,"errorCode":null,"data":{"orderId":4,"orderNo":"2108123284209291264","goodsName":"iPhone 15 Pro Max 256GB 深空黑色","goodsImg":"https://img.quanxiaoha.com/iphone15promax.jpg","seckillPrice":8999.00,"status":0,"expireTime":"2026-10-08 17:42:12"}} =================================== 
2026-10-08 17:12:12.657 [http-nio-8080-exec-61] INFO  com.practice.flashsale.order.service.impl.OrderServiceImpl - ==> 当前登录用户 ID：96
2026-10-08 17:12:12.661 [http-nio-8080-exec-84] INFO  com.practice.flashsale.order.service.impl.OrderServiceImpl - ==> 秒杀下单成功, orderId：5, orderNo：2108123284247040000
2026-10-08 17:12:12.664 [http-nio-8080-exec-84] INFO  com.practice.flashsale.common.aspect.ApiOperationLogAspect - ====== 请求结束: [秒杀下单], 耗时: 260ms, 出参: {"success":true,"message":null,"errorCode":null,"data":{"orderId":5,"orderNo":"2108123284247040000","goodsName":"iPhone 15 Pro Max 256GB 深空黑色","goodsImg":"https://img.quanxiaoha.com/iphone15promax.jpg","seckillPrice":8999.00,"status":0,"expireTime":"2026-10-08 17:42:12"}} =================================== 
2026-10-08 17:12:12.665 [http-nio-8080-exec-99] INFO  com.practice.flashsale.order.service.impl.OrderServiceImpl - ==> 当前登录用户 ID：44
2026-10-08 17:12:12.670 [http-nio-8080-exec-16] INFO  com.practice.flashsale.order.service.impl.OrderServiceImpl - ==> 秒杀下单成功, orderId：6, orderNo：2108123284276400128
2026-10-08 17:12:12.673 [http-nio-8080-exec-16] INFO  com.practice.flashsale.common.aspect.ApiOperationLogAspect - ====== 请求结束: [秒杀下单], 耗时: 269ms, 出参: {"success":true,"message":null,"errorCode":null,"data":{"orderId":6,"orderNo":"2108123284276400128","goodsName":"iPhone 15 Pro Max 256GB 深空黑色","goodsImg":"https://img.quanxiaoha.com/iphone15promax.jpg","seckillPrice":8999.00,"status":0,"expireTime":"2026-10-08 17:42:12"}} =================================== 
2026-10-08 17:12:12.675 [http-nio-8080-exec-95] INFO  com.practice.flashsale.order.service.impl.OrderServiceImpl - ==> 当前登录用户 ID：58
2026-10-08 17:12:12.678 [http-nio-8080-exec-23] INFO  com.practice.flashsale.order.service.impl.OrderServiceImpl - ==> 秒杀下单成功, orderId：7, orderNo：2108123284314148864
2026-10-08 17:12:12.681 [http-nio-8080-exec-23] INFO  com.practice.flashsale.common.aspect.ApiOperationLogAspect - ====== 请求结束: [秒杀下单], 耗时: 277ms, 出参: {"success":true,"message":null,"errorCode":null,"data":{"orderId":7,"orderNo":"2108123284314148864","goodsName":"iPhone 15 Pro Max 256GB 深空黑色","goodsImg":"https://img.quanxiaoha.com/iphone15promax.jpg","seckillPrice":8999.00,"status":0,"expireTime":"2026-10-08 17:42:12"}} =================================== 
2026-10-08 17:12:12.682 [http-nio-8080-exec-83] INFO  com.practice.flashsale.order.service.impl.OrderServiceImpl - ==> 当前登录用户 ID：99
2026-10-08 17:12:12.683 [http-nio-8080-exec-88] INFO  com.practice.flashsale.order.service.impl.OrderServiceImpl - ==> 当前登录用户 ID：85
2026-10-08 17:12:12.685 [http-nio-8080-exec-36] INFO  com.practice.flashsale.order.service.impl.OrderServiceImpl - ==> 秒杀下单成功, orderId：8, orderNo：2108123284347703296
2026-10-08 17:12:12.688 [http-nio-8080-exec-36] INFO  com.practice.flashsale.common.aspect.ApiOperationLogAspect - ====== 请求结束: [秒杀下单], 耗时: 284ms, 出参: {"success":true,"message":null,"errorCode":null,"data":{"orderId":8,"orderNo":"2108123284347703296","goodsName":"iPhone 15 Pro Max 256GB 深空黑色","goodsImg":"https://img.quanxiaoha.com/iphone15promax.jpg","seckillPrice":8999.00,"status":0,"expireTime":"2026-10-08 17:42:12"}} =================================== 
2026-10-08 17:12:12.689 [http-nio-8080-exec-63] INFO  com.practice.flashsale.order.service.impl.OrderServiceImpl - ==> 当前登录用户 ID：54
2026-10-08 17:12:12.696 [http-nio-8080-exec-64] INFO  com.practice.flashsale.order.service.impl.OrderServiceImpl - ==> 秒杀下单成功, orderId：9, orderNo：2108123284393840640
2026-10-08 17:12:12.699 [http-nio-8080-exec-64] INFO  com.practice.flashsale.common.aspect.ApiOperationLogAspect - ====== 请求结束: [秒杀下单], 耗时: 294ms, 出参: {"success":true,"message":null,"errorCode":null,"data":{"orderId":9,"orderNo":"2108123284393840640","goodsName":"iPhone 15 Pro Max 256GB 深空黑色","goodsImg":"https://img.quanxiaoha.com/iphone15promax.jpg","seckillPrice":8999.00,"status":0,"expireTime":"2026-10-08 17:42:12"}} =================================== 
2026-10-08 17:12:12.700 [http-nio-8080-exec-42] INFO  com.practice.flashsale.order.service.impl.OrderServiceImpl - ==> 当前登录用户 ID：56
2026-10-08 17:12:12.702 [http-nio-8080-exec-48] INFO  com.practice.flashsale.order.service.impl.OrderServiceImpl - ==> 秒杀下单成功, orderId：10, orderNo：2108123284423200768
2026-10-08 17:12:12.706 [http-nio-8080-exec-48] INFO  com.practice.flashsale.common.aspect.ApiOperationLogAspect - ====== 请求结束: [秒杀下单], 耗时: 301ms, 出参: {"success":true,"message":null,"errorCode":null,"data":{"orderId":10,"orderNo":"2108123284423200768","goodsName":"iPhone 15 Pro Max 256GB 深空黑色","goodsImg":"https://img.quanxiaoha.com/iphone15promax.jpg","seckillPrice":8999.00,"status":0,"expireTime":"2026-10-08 17:42:12"}} =================================== 
2026-10-08 17:12:12.707 [http-nio-8080-exec-19] INFO  com.practice.flashsale.order.service.impl.OrderServiceImpl - ==> 当前登录用户 ID：66
2026-10-08 17:12:12.709 [http-nio-8080-exec-45] INFO  com.practice.flashsale.order.service.impl.OrderServiceImpl - ==> 秒杀下单成功, orderId：11, orderNo：2108123284448366592
2026-10-08 17:12:12.711 [http-nio-8080-exec-45] INFO  com.practice.flashsale.common.aspect.ApiOperationLogAspect - ====== 请求结束: [秒杀下单], 耗时: 307ms, 出参: {"success":true,"message":null,"errorCode":null,"data":{"orderId":11,"orderNo":"2108123284448366592","goodsName":"iPhone 15 Pro Max 256GB 深空黑色","goodsImg":"https://img.quanxiaoha.com/iphone15promax.jpg","seckillPrice":8999.00,"status":0,"expireTime":"2026-10-08 17:42:12"}} =================================== 
2026-10-08 17:12:12.713 [http-nio-8080-exec-82] INFO  com.practice.flashsale.order.service.impl.OrderServiceImpl - ==> 当前登录用户 ID：77
2026-10-08 17:12:12.715 [http-nio-8080-exec-35] INFO  com.practice.flashsale.order.service.impl.OrderServiceImpl - ==> 秒杀下单成功, orderId：12, orderNo：2108123284477726720
2026-10-08 17:12:12.718 [http-nio-8080-exec-35] INFO  com.practice.flashsale.common.aspect.ApiOperationLogAspect - ====== 请求结束: [秒杀下单], 耗时: 314ms, 出参: {"success":true,"message":null,"errorCode":null,"data":{"orderId":12,"orderNo":"2108123284477726720","goodsName":"iPhone 15 Pro Max 256GB 深空黑色","goodsImg":"https://img.quanxiaoha.com/iphone15promax.jpg","seckillPrice":8999.00,"status":0,"expireTime":"2026-10-08 17:42:12"}} =================================== 
2026-10-08 17:12:12.719 [http-nio-8080-exec-70] INFO  com.practice.flashsale.order.service.impl.OrderServiceImpl - ==> 当前登录用户 ID：101
2026-10-08 17:12:12.720 [http-nio-8080-exec-11] INFO  com.practice.flashsale.order.service.impl.OrderServiceImpl - ==> 秒杀下单成功, orderId：13, orderNo：2108123284502892544
2026-10-08 17:12:12.723 [http-nio-8080-exec-11] INFO  com.practice.flashsale.common.aspect.ApiOperationLogAspect - ====== 请求结束: [秒杀下单], 耗时: 319ms, 出参: {"success":true,"message":null,"errorCode":null,"data":{"orderId":13,"orderNo":"2108123284502892544","goodsName":"iPhone 15 Pro Max 256GB 深空黑色","goodsImg":"https://img.quanxiaoha.com/iphone15promax.jpg","seckillPrice":8999.00,"status":0,"expireTime":"2026-10-08 17:42:12"}} =================================== 
2026-10-08 17:12:12.724 [http-nio-8080-exec-38] INFO  com.practice.flashsale.order.service.impl.OrderServiceImpl - ==> 当前登录用户 ID：50
2026-10-08 17:12:12.727 [http-nio-8080-exec-60] INFO  com.practice.flashsale.order.service.impl.OrderServiceImpl - ==> 秒杀下单成功, orderId：14, orderNo：2108123284523864064
2026-10-08 17:12:12.730 [http-nio-8080-exec-60] INFO  com.practice.flashsale.common.aspect.ApiOperationLogAspect - ====== 请求结束: [秒杀下单], 耗时: 326ms, 出参: {"success":true,"message":null,"errorCode":null,"data":{"orderId":14,"orderNo":"2108123284523864064","goodsName":"iPhone 15 Pro Max 256GB 深空黑色","goodsImg":"https://img.quanxiaoha.com/iphone15promax.jpg","seckillPrice":8999.00,"status":0,"expireTime":"2026-10-08 17:42:12"}} =================================== 
2026-10-08 17:12:12.731 [http-nio-8080-exec-9] INFO  com.practice.flashsale.order.service.impl.OrderServiceImpl - ==> 当前登录用户 ID：83
2026-10-08 17:12:12.731 [http-nio-8080-exec-93] INFO  com.practice.flashsale.order.service.impl.OrderServiceImpl - ==> 当前登录用户 ID：57
2026-10-08 17:12:12.733 [http-nio-8080-exec-44] INFO  com.practice.flashsale.order.service.impl.OrderServiceImpl - ==> 秒杀下单成功, orderId：15, orderNo：2108123284553224192
2026-10-08 17:12:12.736 [http-nio-8080-exec-44] INFO  com.practice.flashsale.common.aspect.ApiOperationLogAspect - ====== 请求结束: [秒杀下单], 耗时: 332ms, 出参: {"success":true,"message":null,"errorCode":null,"data":{"orderId":15,"orderNo":"2108123284553224192","goodsName":"iPhone 15 Pro Max 256GB 深空黑色","goodsImg":"https://img.quanxiaoha.com/iphone15promax.jpg","seckillPrice":8999.00,"status":0,"expireTime":"2026-10-08 17:42:12"}} =================================== 
2026-10-08 17:12:12.737 [http-nio-8080-exec-29] INFO  com.practice.flashsale.order.service.impl.OrderServiceImpl - ==> 当前登录用户 ID：69
2026-10-08 17:12:12.741 [http-nio-8080-exec-22] INFO  com.practice.flashsale.order.service.impl.OrderServiceImpl - ==> 秒杀下单成功, orderId：16, orderNo：2108123284582584320
2026-10-08 17:12:12.744 [http-nio-8080-exec-22] INFO  com.practice.flashsale.common.aspect.ApiOperationLogAspect - ====== 请求结束: [秒杀下单], 耗时: 340ms, 出参: {"success":true,"message":null,"errorCode":null,"data":{"orderId":16,"orderNo":"2108123284582584320","goodsName":"iPhone 15 Pro Max 256GB 深空黑色","goodsImg":"https://img.quanxiaoha.com/iphone15promax.jpg","seckillPrice":8999.00,"status":0,"expireTime":"2026-10-08 17:42:12"}} =================================== 
2026-10-08 17:12:12.745 [http-nio-8080-exec-34] INFO  com.practice.flashsale.order.service.impl.OrderServiceImpl - ==> 当前登录用户 ID：62
2026-10-08 17:12:12.748 [http-nio-8080-exec-66] INFO  com.practice.flashsale.order.service.impl.OrderServiceImpl - ==> 秒杀下单成功, orderId：17, orderNo：2108123284611944448
2026-10-08 17:12:12.750 [http-nio-8080-exec-66] INFO  com.practice.flashsale.common.aspect.ApiOperationLogAspect - ====== 请求结束: [秒杀下单], 耗时: 346ms, 出参: {"success":true,"message":null,"errorCode":null,"data":{"orderId":17,"orderNo":"2108123284611944448","goodsName":"iPhone 15 Pro Max 256GB 深空黑色","goodsImg":"https://img.quanxiaoha.com/iphone15promax.jpg","seckillPrice":8999.00,"status":0,"expireTime":"2026-10-08 17:42:12"}} =================================== 
2026-10-08 17:12:12.752 [http-nio-8080-exec-100] INFO  com.practice.flashsale.order.service.impl.OrderServiceImpl - ==> 当前登录用户 ID：67
2026-10-08 17:12:12.753 [http-nio-8080-exec-98] INFO  com.practice.flashsale.order.service.impl.OrderServiceImpl - ==> 秒杀下单成功, orderId：18, orderNo：2108123284637110272
2026-10-08 17:12:12.756 [http-nio-8080-exec-98] INFO  com.practice.flashsale.common.aspect.ApiOperationLogAspect - ====== 请求结束: [秒杀下单], 耗时: 351ms, 出参: {"success":true,"message":null,"errorCode":null,"data":{"orderId":18,"orderNo":"2108123284637110272","goodsName":"iPhone 15 Pro Max 256GB 深空黑色","goodsImg":"https://img.quanxiaoha.com/iphone15promax.jpg","seckillPrice":8999.00,"status":0,"expireTime":"2026-10-08 17:42:12"}} =================================== 
2026-10-08 17:12:12.757 [http-nio-8080-exec-32] INFO  com.practice.flashsale.order.service.impl.OrderServiceImpl - ==> 当前登录用户 ID：88
2026-10-08 17:12:12.758 [http-nio-8080-exec-49] INFO  com.practice.flashsale.order.service.impl.OrderServiceImpl - ==> 秒杀下单成功, orderId：19, orderNo：2108123284658081792
2026-10-08 17:12:12.761 [http-nio-8080-exec-49] INFO  com.practice.flashsale.common.aspect.ApiOperationLogAspect - ====== 请求结束: [秒杀下单], 耗时: 357ms, 出参: {"success":true,"message":null,"errorCode":null,"data":{"orderId":19,"orderNo":"2108123284658081792","goodsName":"iPhone 15 Pro Max 256GB 深空黑色","goodsImg":"https://img.quanxiaoha.com/iphone15promax.jpg","seckillPrice":8999.00,"status":0,"expireTime":"2026-10-08 17:42:12"}} =================================== 
2026-10-08 17:12:12.762 [http-nio-8080-exec-15] INFO  com.practice.flashsale.order.service.impl.OrderServiceImpl - ==> 当前登录用户 ID：68
2026-10-08 17:12:12.763 [http-nio-8080-exec-61] INFO  com.practice.flashsale.order.service.impl.OrderServiceImpl - ==> 秒杀下单成功, orderId：20, orderNo：2108123284683247616
2026-10-08 17:12:12.766 [http-nio-8080-exec-61] INFO  com.practice.flashsale.common.aspect.ApiOperationLogAspect - ====== 请求结束: [秒杀下单], 耗时: 361ms, 出参: {"success":true,"message":null,"errorCode":null,"data":{"orderId":20,"orderNo":"2108123284683247616","goodsName":"iPhone 15 Pro Max 256GB 深空黑色","goodsImg":"https://img.quanxiaoha.com/iphone15promax.jpg","seckillPrice":8999.00,"status":0,"expireTime":"2026-10-08 17:42:12"}} =================================== 
2026-10-08 17:12:12.767 [http-nio-8080-exec-85] INFO  com.practice.flashsale.order.service.impl.OrderServiceImpl - ==> 当前登录用户 ID：19
2026-10-08 17:12:12.768 [http-nio-8080-exec-99] INFO  com.practice.flashsale.order.service.impl.OrderServiceImpl - ==> 秒杀下单成功, orderId：21, orderNo：2108123284700024832
2026-10-08 17:12:12.770 [http-nio-8080-exec-99] INFO  com.practice.flashsale.common.aspect.ApiOperationLogAspect - ====== 请求结束: [秒杀下单], 耗时: 366ms, 出参: {"success":true,"message":null,"errorCode":null,"data":{"orderId":21,"orderNo":"2108123284700024832","goodsName":"iPhone 15 Pro Max 256GB 深空黑色","goodsImg":"https://img.quanxiaoha.com/iphone15promax.jpg","seckillPrice":8999.00,"status":0,"expireTime":"2026-10-08 17:42:12"}} =================================== 
2026-10-08 17:12:12.771 [http-nio-8080-exec-39] INFO  com.practice.flashsale.order.service.impl.OrderServiceImpl - ==> 当前登录用户 ID：7
2026-10-08 17:12:12.772 [http-nio-8080-exec-95] INFO  com.practice.flashsale.order.service.impl.OrderServiceImpl - ==> 秒杀下单成功, orderId：22, orderNo：2108123284720996352
2026-10-08 17:12:12.775 [http-nio-8080-exec-95] INFO  com.practice.flashsale.common.aspect.ApiOperationLogAspect - ====== 请求结束: [秒杀下单], 耗时: 371ms, 出参: {"success":true,"message":null,"errorCode":null,"data":{"orderId":22,"orderNo":"2108123284720996352","goodsName":"iPhone 15 Pro Max 256GB 深空黑色","goodsImg":"https://img.quanxiaoha.com/iphone15promax.jpg","seckillPrice":8999.00,"status":0,"expireTime":"2026-10-08 17:42:12"}} =================================== 
2026-10-08 17:12:12.776 [http-nio-8080-exec-73] INFO  com.practice.flashsale.order.service.impl.OrderServiceImpl - ==> 当前登录用户 ID：80
2026-10-08 17:12:12.776 [http-nio-8080-exec-31] INFO  com.practice.flashsale.order.service.impl.OrderServiceImpl - ==> 当前登录用户 ID：16
2026-10-08 17:12:12.777 [http-nio-8080-exec-83] INFO  com.practice.flashsale.order.service.impl.OrderServiceImpl - ==> 秒杀下单成功, orderId：23, orderNo：2108123284737773568
2026-10-08 17:12:12.779 [http-nio-8080-exec-83] INFO  com.practice.flashsale.common.aspect.ApiOperationLogAspect - ====== 请求结束: [秒杀下单], 耗时: 375ms, 出参: {"success":true,"message":null,"errorCode":null,"data":{"orderId":23,"orderNo":"2108123284737773568","goodsName":"iPhone 15 Pro Max 256GB 深空黑色","goodsImg":"https://img.quanxiaoha.com/iphone15promax.jpg","seckillPrice":8999.00,"status":0,"expireTime":"2026-10-08 17:42:12"}} =================================== 
2026-10-08 17:12:12.781 [http-nio-8080-exec-25] INFO  com.practice.flashsale.order.service.impl.OrderServiceImpl - ==> 当前登录用户 ID：18
2026-10-08 17:12:12.782 [http-nio-8080-exec-88] INFO  com.practice.flashsale.order.service.impl.OrderServiceImpl - ==> 秒杀下单成功, orderId：24, orderNo：2108123284758745088
2026-10-08 17:12:12.784 [http-nio-8080-exec-88] INFO  com.practice.flashsale.common.aspect.ApiOperationLogAspect - ====== 请求结束: [秒杀下单], 耗时: 380ms, 出参: {"success":true,"message":null,"errorCode":null,"data":{"orderId":24,"orderNo":"2108123284758745088","goodsName":"iPhone 15 Pro Max 256GB 深空黑色","goodsImg":"https://img.quanxiaoha.com/iphone15promax.jpg","seckillPrice":8999.00,"status":0,"expireTime":"2026-10-08 17:42:12"}} =================================== 
2026-10-08 17:12:12.785 [http-nio-8080-exec-33] INFO  com.practice.flashsale.order.service.impl.OrderServiceImpl - ==> 当前登录用户 ID：48
2026-10-08 17:12:12.787 [http-nio-8080-exec-63] INFO  com.practice.flashsale.order.service.impl.OrderServiceImpl - ==> 秒杀下单成功, orderId：25, orderNo：2108123284775522304
2026-10-08 17:12:12.788 [http-nio-8080-exec-63] INFO  com.practice.flashsale.common.aspect.ApiOperationLogAspect - ====== 请求结束: [秒杀下单], 耗时: 384ms, 出参: {"success":true,"message":null,"errorCode":null,"data":{"orderId":25,"orderNo":"2108123284775522304","goodsName":"iPhone 15 Pro Max 256GB 深空黑色","goodsImg":"https://img.quanxiaoha.com/iphone15promax.jpg","seckillPrice":8999.00,"status":0,"expireTime":"2026-10-08 17:42:12"}} =================================== 
2026-10-08 17:12:12.790 [http-nio-8080-exec-68] INFO  com.practice.flashsale.order.service.impl.OrderServiceImpl - ==> 当前登录用户 ID：14
2026-10-08 17:12:12.791 [http-nio-8080-exec-42] INFO  com.practice.flashsale.order.service.impl.OrderServiceImpl - ==> 秒杀下单成功, orderId：26, orderNo：2108123284800688128
2026-10-08 17:12:12.794 [http-nio-8080-exec-42] INFO  com.practice.flashsale.common.aspect.ApiOperationLogAspect - ====== 请求结束: [秒杀下单], 耗时: 390ms, 出参: {"success":true,"message":null,"errorCode":null,"data":{"orderId":26,"orderNo":"2108123284800688128","goodsName":"iPhone 15 Pro Max 256GB 深空黑色","goodsImg":"https://img.quanxiaoha.com/iphone15promax.jpg","seckillPrice":8999.00,"status":0,"expireTime":"2026-10-08 17:42:12"}} =================================== 
2026-10-08 17:12:12.795 [http-nio-8080-exec-75] INFO  com.practice.flashsale.order.service.impl.OrderServiceImpl - ==> 当前登录用户 ID：9
2026-10-08 17:12:12.796 [http-nio-8080-exec-19] INFO  com.practice.flashsale.order.service.impl.OrderServiceImpl - ==> 秒杀下单成功, orderId：27, orderNo：2108123284817465344
2026-10-08 17:12:12.798 [http-nio-8080-exec-19] INFO  com.practice.flashsale.common.aspect.ApiOperationLogAspect - ====== 请求结束: [秒杀下单], 耗时: 394ms, 出参: {"success":true,"message":null,"errorCode":null,"data":{"orderId":27,"orderNo":"2108123284817465344","goodsName":"iPhone 15 Pro Max 256GB 深空黑色","goodsImg":"https://img.quanxiaoha.com/iphone15promax.jpg","seckillPrice":8999.00,"status":0,"expireTime":"2026-10-08 17:42:12"}} =================================== 
2026-10-08 17:12:12.799 [http-nio-8080-exec-3] INFO  com.practice.flashsale.order.service.impl.OrderServiceImpl - ==> 当前登录用户 ID：95
2026-10-08 17:12:12.801 [http-nio-8080-exec-82] INFO  com.practice.flashsale.order.service.impl.OrderServiceImpl - ==> 秒杀下单成功, orderId：28, orderNo：2108123284838436864
2026-10-08 17:12:12.804 [http-nio-8080-exec-82] INFO  com.practice.flashsale.common.aspect.ApiOperationLogAspect - ====== 请求结束: [秒杀下单], 耗时: 399ms, 出参: {"success":true,"message":null,"errorCode":null,"data":{"orderId":28,"orderNo":"2108123284838436864","goodsName":"iPhone 15 Pro Max 256GB 深空黑色","goodsImg":"https://img.quanxiaoha.com/iphone15promax.jpg","seckillPrice":8999.00,"status":0,"expireTime":"2026-10-08 17:42:12"}} =================================== 
2026-10-08 17:12:12.805 [http-nio-8080-exec-91] INFO  com.practice.flashsale.order.service.impl.OrderServiceImpl - ==> 当前登录用户 ID：25
2026-10-08 17:12:12.806 [http-nio-8080-exec-70] INFO  com.practice.flashsale.order.service.impl.OrderServiceImpl - ==> 秒杀下单成功, orderId：29, orderNo：2108123284859408384
2026-10-08 17:12:12.808 [http-nio-8080-exec-70] INFO  com.practice.flashsale.common.aspect.ApiOperationLogAspect - ====== 请求结束: [秒杀下单], 耗时: 404ms, 出参: {"success":true,"message":null,"errorCode":null,"data":{"orderId":29,"orderNo":"2108123284859408384","goodsName":"iPhone 15 Pro Max 256GB 深空黑色","goodsImg":"https://img.quanxiaoha.com/iphone15promax.jpg","seckillPrice":8999.00,"status":0,"expireTime":"2026-10-08 17:42:12"}} =================================== 
2026-10-08 17:12:12.809 [http-nio-8080-exec-41] INFO  com.practice.flashsale.order.service.impl.OrderServiceImpl - ==> 当前登录用户 ID：46
2026-10-08 17:12:12.810 [http-nio-8080-exec-38] INFO  com.practice.flashsale.order.service.impl.OrderServiceImpl - ==> 秒杀下单成功, orderId：30, orderNo：2108123284880379904
2026-10-08 17:12:12.813 [http-nio-8080-exec-38] INFO  com.practice.flashsale.common.aspect.ApiOperationLogAspect - ====== 请求结束: [秒杀下单], 耗时: 409ms, 出参: {"success":true,"message":null,"errorCode":null,"data":{"orderId":30,"orderNo":"2108123284880379904","goodsName":"iPhone 15 Pro Max 256GB 深空黑色","goodsImg":"https://img.quanxiaoha.com/iphone15promax.jpg","seckillPrice":8999.00,"status":0,"expireTime":"2026-10-08 17:42:12"}} =================================== 
2026-10-08 17:12:12.814 [http-nio-8080-exec-65] INFO  com.practice.flashsale.order.service.impl.OrderServiceImpl - ==> 当前登录用户 ID：97
2026-10-08 17:12:12.816 [http-nio-8080-exec-9] INFO  com.practice.flashsale.order.service.impl.OrderServiceImpl - ==> 秒杀下单成功, orderId：31, orderNo：2108123284901351424
2026-10-08 17:12:12.818 [http-nio-8080-exec-9] INFO  com.practice.flashsale.common.aspect.ApiOperationLogAspect - ====== 请求结束: [秒杀下单], 耗时: 414ms, 出参: {"success":true,"message":null,"errorCode":null,"data":{"orderId":31,"orderNo":"2108123284901351424","goodsName":"iPhone 15 Pro Max 256GB 深空黑色","goodsImg":"https://img.quanxiaoha.com/iphone15promax.jpg","seckillPrice":8999.00,"status":0,"expireTime":"2026-10-08 17:42:12"}} =================================== 
2026-10-08 17:12:12.819 [http-nio-8080-exec-2] INFO  com.practice.flashsale.order.service.impl.OrderServiceImpl - ==> 当前登录用户 ID：39
2026-10-08 17:12:12.821 [http-nio-8080-exec-93] INFO  com.practice.flashsale.order.service.impl.OrderServiceImpl - ==> 秒杀下单成功, orderId：32, orderNo：2108123284922322944
2026-10-08 17:12:12.822 [http-nio-8080-exec-54] INFO  com.practice.flashsale.order.service.impl.OrderServiceImpl - ==> 当前登录用户 ID：51
2026-10-08 17:12:12.824 [http-nio-8080-exec-93] INFO  com.practice.flashsale.common.aspect.ApiOperationLogAspect - ====== 请求结束: [秒杀下单], 耗时: 419ms, 出参: {"success":true,"message":null,"errorCode":null,"data":{"orderId":32,"orderNo":"2108123284922322944","goodsName":"iPhone 15 Pro Max 256GB 深空黑色","goodsImg":"https://img.quanxiaoha.com/iphone15promax.jpg","seckillPrice":8999.00,"status":0,"expireTime":"2026-10-08 17:42:12"}} =================================== 
2026-10-08 17:12:12.825 [http-nio-8080-exec-81] INFO  com.practice.flashsale.order.service.impl.OrderServiceImpl - ==> 当前登录用户 ID：41
2026-10-08 17:12:12.826 [http-nio-8080-exec-29] INFO  com.practice.flashsale.order.service.impl.OrderServiceImpl - ==> 秒杀下单成功, orderId：33, orderNo：2108123284943294464
2026-10-08 17:12:12.828 [http-nio-8080-exec-29] INFO  com.practice.flashsale.common.aspect.ApiOperationLogAspect - ====== 请求结束: [秒杀下单], 耗时: 424ms, 出参: {"success":true,"message":null,"errorCode":null,"data":{"orderId":33,"orderNo":"2108123284943294464","goodsName":"iPhone 15 Pro Max 256GB 深空黑色","goodsImg":"https://img.quanxiaoha.com/iphone15promax.jpg","seckillPrice":8999.00,"status":0,"expireTime":"2026-10-08 17:42:12"}} =================================== 
2026-10-08 17:12:12.829 [http-nio-8080-exec-62] INFO  com.practice.flashsale.order.service.impl.OrderServiceImpl - ==> 当前登录用户 ID：55
2026-10-08 17:12:12.830 [http-nio-8080-exec-34] INFO  com.practice.flashsale.order.service.impl.OrderServiceImpl - ==> 秒杀下单成功, orderId：34, orderNo：2108123284964265984
2026-10-08 17:12:12.834 [http-nio-8080-exec-34] INFO  com.practice.flashsale.common.aspect.ApiOperationLogAspect - ====== 请求结束: [秒杀下单], 耗时: 429ms, 出参: {"success":true,"message":null,"errorCode":null,"data":{"orderId":34,"orderNo":"2108123284964265984","goodsName":"iPhone 15 Pro Max 256GB 深空黑色","goodsImg":"https://img.quanxiaoha.com/iphone15promax.jpg","seckillPrice":8999.00,"status":0,"expireTime":"2026-10-08 17:42:12"}} =================================== 
2026-10-08 17:12:12.835 [http-nio-8080-exec-76] INFO  com.practice.flashsale.order.service.impl.OrderServiceImpl - ==> 当前登录用户 ID：17
2026-10-08 17:12:12.836 [http-nio-8080-exec-100] INFO  com.practice.flashsale.order.service.impl.OrderServiceImpl - ==> 秒杀下单成功, orderId：35, orderNo：2108123284985237504
2026-10-08 17:12:12.838 [http-nio-8080-exec-100] INFO  com.practice.flashsale.common.aspect.ApiOperationLogAspect - ====== 请求结束: [秒杀下单], 耗时: 434ms, 出参: {"success":true,"message":null,"errorCode":null,"data":{"orderId":35,"orderNo":"2108123284985237504","goodsName":"iPhone 15 Pro Max 256GB 深空黑色","goodsImg":"https://img.quanxiaoha.com/iphone15promax.jpg","seckillPrice":8999.00,"status":0,"expireTime":"2026-10-08 17:42:12"}} =================================== 
2026-10-08 17:12:12.839 [http-nio-8080-exec-56] INFO  com.practice.flashsale.order.service.impl.OrderServiceImpl - ==> 当前登录用户 ID：42
2026-10-08 17:12:12.840 [http-nio-8080-exec-32] INFO  com.practice.flashsale.order.service.impl.OrderServiceImpl - ==> 秒杀下单成功, orderId：36, orderNo：2108123285006209024
2026-10-08 17:12:12.843 [http-nio-8080-exec-32] INFO  com.practice.flashsale.common.aspect.ApiOperationLogAspect - ====== 请求结束: [秒杀下单], 耗时: 439ms, 出参: {"success":true,"message":null,"errorCode":null,"data":{"orderId":36,"orderNo":"2108123285006209024","goodsName":"iPhone 15 Pro Max 256GB 深空黑色","goodsImg":"https://img.quanxiaoha.com/iphone15promax.jpg","seckillPrice":8999.00,"status":0,"expireTime":"2026-10-08 17:42:12"}} =================================== 
2026-10-08 17:12:12.845 [http-nio-8080-exec-10] INFO  com.practice.flashsale.order.service.impl.OrderServiceImpl - ==> 当前登录用户 ID：36
2026-10-08 17:12:12.846 [http-nio-8080-exec-15] INFO  com.practice.flashsale.order.service.impl.OrderServiceImpl - ==> 秒杀下单成功, orderId：37, orderNo：2108123285027180544
2026-10-08 17:12:12.849 [http-nio-8080-exec-15] INFO  com.practice.flashsale.common.aspect.ApiOperationLogAspect - ====== 请求结束: [秒杀下单], 耗时: 444ms, 出参: {"success":true,"message":null,"errorCode":null,"data":{"orderId":37,"orderNo":"2108123285027180544","goodsName":"iPhone 15 Pro Max 256GB 深空黑色","goodsImg":"https://img.quanxiaoha.com/iphone15promax.jpg","seckillPrice":8999.00,"status":0,"expireTime":"2026-10-08 17:42:12"}} =================================== 
2026-10-08 17:12:12.850 [http-nio-8080-exec-46] INFO  com.practice.flashsale.order.service.impl.OrderServiceImpl - ==> 当前登录用户 ID：34
2026-10-08 17:12:12.851 [http-nio-8080-exec-85] INFO  com.practice.flashsale.order.service.impl.OrderServiceImpl - ==> 秒杀下单成功, orderId：38, orderNo：2108123285052346368
2026-10-08 17:12:12.854 [http-nio-8080-exec-85] INFO  com.practice.flashsale.common.aspect.ApiOperationLogAspect - ====== 请求结束: [秒杀下单], 耗时: 450ms, 出参: {"success":true,"message":null,"errorCode":null,"data":{"orderId":38,"orderNo":"2108123285052346368","goodsName":"iPhone 15 Pro Max 256GB 深空黑色","goodsImg":"https://img.quanxiaoha.com/iphone15promax.jpg","seckillPrice":8999.00,"status":0,"expireTime":"2026-10-08 17:42:12"}} =================================== 
2026-10-08 17:12:12.855 [http-nio-8080-exec-90] INFO  com.practice.flashsale.order.service.impl.OrderServiceImpl - ==> 当前登录用户 ID：81
2026-10-08 17:12:12.856 [http-nio-8080-exec-39] INFO  com.practice.flashsale.order.service.impl.OrderServiceImpl - ==> 秒杀下单成功, orderId：39, orderNo：2108123285069123584
2026-10-08 17:12:12.858 [http-nio-8080-exec-39] INFO  com.practice.flashsale.common.aspect.ApiOperationLogAspect - ====== 请求结束: [秒杀下单], 耗时: 454ms, 出参: {"success":true,"message":null,"errorCode":null,"data":{"orderId":39,"orderNo":"2108123285069123584","goodsName":"iPhone 15 Pro Max 256GB 深空黑色","goodsImg":"https://img.quanxiaoha.com/iphone15promax.jpg","seckillPrice":8999.00,"status":0,"expireTime":"2026-10-08 17:42:12"}} =================================== 
2026-10-08 17:12:12.860 [http-nio-8080-exec-67] INFO  com.practice.flashsale.order.service.impl.OrderServiceImpl - ==> 当前登录用户 ID：84
2026-10-08 17:12:12.861 [http-nio-8080-exec-73] INFO  com.practice.flashsale.order.service.impl.OrderServiceImpl - ==> 秒杀下单成功, orderId：40, orderNo：2108123285090095104
2026-10-08 17:12:12.865 [http-nio-8080-exec-73] INFO  com.practice.flashsale.common.aspect.ApiOperationLogAspect - ====== 请求结束: [秒杀下单], 耗时: 460ms, 出参: {"success":true,"message":null,"errorCode":null,"data":{"orderId":40,"orderNo":"2108123285090095104","goodsName":"iPhone 15 Pro Max 256GB 深空黑色","goodsImg":"https://img.quanxiaoha.com/iphone15promax.jpg","seckillPrice":8999.00,"status":0,"expireTime":"2026-10-08 17:42:12"}} =================================== 
2026-10-08 17:12:12.867 [http-nio-8080-exec-40] INFO  com.practice.flashsale.order.service.impl.OrderServiceImpl - ==> 当前登录用户 ID：35
2026-10-08 17:12:12.869 [http-nio-8080-exec-25] INFO  com.practice.flashsale.order.service.impl.OrderServiceImpl - ==> 秒杀下单成功, orderId：41, orderNo：2108123285115260928
2026-10-08 17:12:12.871 [http-nio-8080-exec-71] INFO  com.practice.flashsale.order.service.impl.OrderServiceImpl - ==> 当前登录用户 ID：37
2026-10-08 17:12:12.872 [http-nio-8080-exec-25] INFO  com.practice.flashsale.common.aspect.ApiOperationLogAspect - ====== 请求结束: [秒杀下单], 耗时: 468ms, 出参: {"success":true,"message":null,"errorCode":null,"data":{"orderId":41,"orderNo":"2108123285115260928","goodsName":"iPhone 15 Pro Max 256GB 深空黑色","goodsImg":"https://img.quanxiaoha.com/iphone15promax.jpg","seckillPrice":8999.00,"status":0,"expireTime":"2026-10-08 17:42:12"}} =================================== 
2026-10-08 17:12:12.874 [http-nio-8080-exec-72] INFO  com.practice.flashsale.order.service.impl.OrderServiceImpl - ==> 当前登录用户 ID：92
2026-10-08 17:12:12.874 [http-nio-8080-exec-31] INFO  com.practice.flashsale.order.service.impl.OrderServiceImpl - ==> 秒杀下单成功, orderId：42, orderNo：2108123285144621056
2026-10-08 17:12:12.877 [http-nio-8080-exec-31] INFO  com.practice.flashsale.common.aspect.ApiOperationLogAspect - ====== 请求结束: [秒杀下单], 耗时: 473ms, 出参: {"success":true,"message":null,"errorCode":null,"data":{"orderId":42,"orderNo":"2108123285144621056","goodsName":"iPhone 15 Pro Max 256GB 深空黑色","goodsImg":"https://img.quanxiaoha.com/iphone15promax.jpg","seckillPrice":8999.00,"status":0,"expireTime":"2026-10-08 17:42:12"}} =================================== 
2026-10-08 17:12:12.878 [http-nio-8080-exec-43] INFO  com.practice.flashsale.order.service.impl.OrderServiceImpl - ==> 当前登录用户 ID：75
2026-10-08 17:12:12.880 [http-nio-8080-exec-33] INFO  com.practice.flashsale.order.service.impl.OrderServiceImpl - ==> 秒杀下单成功, orderId：43, orderNo：2108123285165592576
2026-10-08 17:12:12.883 [http-nio-8080-exec-33] INFO  com.practice.flashsale.common.aspect.ApiOperationLogAspect - ====== 请求结束: [秒杀下单], 耗时: 478ms, 出参: {"success":true,"message":null,"errorCode":null,"data":{"orderId":43,"orderNo":"2108123285165592576","goodsName":"iPhone 15 Pro Max 256GB 深空黑色","goodsImg":"https://img.quanxiaoha.com/iphone15promax.jpg","seckillPrice":8999.00,"status":0,"expireTime":"2026-10-08 17:42:12"}} =================================== 
2026-10-08 17:12:12.884 [http-nio-8080-exec-55] INFO  com.practice.flashsale.order.service.impl.OrderServiceImpl - ==> 当前登录用户 ID：59
2026-10-08 17:12:12.885 [http-nio-8080-exec-68] INFO  com.practice.flashsale.order.service.impl.OrderServiceImpl - ==> 秒杀下单成功, orderId：44, orderNo：2108123285190758400
2026-10-08 17:12:12.888 [http-nio-8080-exec-68] INFO  com.practice.flashsale.common.aspect.ApiOperationLogAspect - ====== 请求结束: [秒杀下单], 耗时: 484ms, 出参: {"success":true,"message":null,"errorCode":null,"data":{"orderId":44,"orderNo":"2108123285190758400","goodsName":"iPhone 15 Pro Max 256GB 深空黑色","goodsImg":"https://img.quanxiaoha.com/iphone15promax.jpg","seckillPrice":8999.00,"status":0,"expireTime":"2026-10-08 17:42:12"}} =================================== 
2026-10-08 17:12:12.890 [http-nio-8080-exec-8] INFO  com.practice.flashsale.order.service.impl.OrderServiceImpl - ==> 当前登录用户 ID：30
2026-10-08 17:12:12.891 [http-nio-8080-exec-75] INFO  com.practice.flashsale.order.service.impl.OrderServiceImpl - ==> 秒杀下单成功, orderId：45, orderNo：2108123285211729920
2026-10-08 17:12:12.893 [http-nio-8080-exec-75] INFO  com.practice.flashsale.common.aspect.ApiOperationLogAspect - ====== 请求结束: [秒杀下单], 耗时: 489ms, 出参: {"success":true,"message":null,"errorCode":null,"data":{"orderId":45,"orderNo":"2108123285211729920","goodsName":"iPhone 15 Pro Max 256GB 深空黑色","goodsImg":"https://img.quanxiaoha.com/iphone15promax.jpg","seckillPrice":8999.00,"status":0,"expireTime":"2026-10-08 17:42:12"}} =================================== 
2026-10-08 17:12:12.895 [http-nio-8080-exec-96] INFO  com.practice.flashsale.order.service.impl.OrderServiceImpl - ==> 当前登录用户 ID：28
2026-10-08 17:12:12.896 [http-nio-8080-exec-3] INFO  com.practice.flashsale.order.service.impl.OrderServiceImpl - ==> 秒杀下单成功, orderId：46, orderNo：2108123285232701440
2026-10-08 17:12:12.898 [http-nio-8080-exec-3] INFO  com.practice.flashsale.common.aspect.ApiOperationLogAspect - ====== 请求结束: [秒杀下单], 耗时: 494ms, 出参: {"success":true,"message":null,"errorCode":null,"data":{"orderId":46,"orderNo":"2108123285232701440","goodsName":"iPhone 15 Pro Max 256GB 深空黑色","goodsImg":"https://img.quanxiaoha.com/iphone15promax.jpg","seckillPrice":8999.00,"status":0,"expireTime":"2026-10-08 17:42:12"}} =================================== 
2026-10-08 17:12:12.899 [http-nio-8080-exec-14] INFO  com.practice.flashsale.order.service.impl.OrderServiceImpl - ==> 当前登录用户 ID：52
2026-10-08 17:12:12.901 [http-nio-8080-exec-41] INFO  com.practice.flashsale.order.service.impl.OrderServiceImpl - ==> 秒杀下单成功, orderId：47, orderNo：2108123285253672960
2026-10-08 17:12:12.903 [http-nio-8080-exec-41] INFO  com.practice.flashsale.common.aspect.ApiOperationLogAspect - ====== 请求结束: [秒杀下单], 耗时: 498ms, 出参: {"success":true,"message":null,"errorCode":null,"data":{"orderId":47,"orderNo":"2108123285253672960","goodsName":"iPhone 15 Pro Max 256GB 深空黑色","goodsImg":"https://img.quanxiaoha.com/iphone15promax.jpg","seckillPrice":8999.00,"status":0,"expireTime":"2026-10-08 17:42:12"}} =================================== 
2026-10-08 17:12:12.904 [http-nio-8080-exec-69] INFO  com.practice.flashsale.order.service.impl.OrderServiceImpl - ==> 当前登录用户 ID：90
2026-10-08 17:12:12.905 [http-nio-8080-exec-91] INFO  com.practice.flashsale.order.service.impl.OrderServiceImpl - ==> 秒杀下单成功, orderId：48, orderNo：2108123285274644480
2026-10-08 17:12:12.908 [http-nio-8080-exec-91] INFO  com.practice.flashsale.common.aspect.ApiOperationLogAspect - ====== 请求结束: [秒杀下单], 耗时: 503ms, 出参: {"success":true,"message":null,"errorCode":null,"data":{"orderId":48,"orderNo":"2108123285274644480","goodsName":"iPhone 15 Pro Max 256GB 深空黑色","goodsImg":"https://img.quanxiaoha.com/iphone15promax.jpg","seckillPrice":8999.00,"status":0,"expireTime":"2026-10-08 17:42:12"}} =================================== 
2026-10-08 17:12:12.909 [http-nio-8080-exec-18] INFO  com.practice.flashsale.order.service.impl.OrderServiceImpl - ==> 当前登录用户 ID：26
2026-10-08 17:12:12.912 [http-nio-8080-exec-65] INFO  com.practice.flashsale.order.service.impl.OrderServiceImpl - ==> 秒杀下单成功, orderId：49, orderNo：2108123285295616000
2026-10-08 17:12:12.914 [http-nio-8080-exec-65] INFO  com.practice.flashsale.common.aspect.ApiOperationLogAspect - ====== 请求结束: [秒杀下单], 耗时: 510ms, 出参: {"success":true,"message":null,"errorCode":null,"data":{"orderId":49,"orderNo":"2108123285295616000","goodsName":"iPhone 15 Pro Max 256GB 深空黑色","goodsImg":"https://img.quanxiaoha.com/iphone15promax.jpg","seckillPrice":8999.00,"status":0,"expireTime":"2026-10-08 17:42:12"}} =================================== 
2026-10-08 17:12:12.915 [http-nio-8080-exec-59] INFO  com.practice.flashsale.order.service.impl.OrderServiceImpl - ==> 当前登录用户 ID：6
2026-10-08 17:12:12.916 [http-nio-8080-exec-2] INFO  com.practice.flashsale.order.service.impl.OrderServiceImpl - ==> 秒杀下单成功, orderId：50, orderNo：2108123285324976128
2026-10-08 17:12:12.918 [http-nio-8080-exec-20] INFO  com.practice.flashsale.order.service.impl.OrderServiceImpl - ==> 当前登录用户 ID：40
2026-10-08 17:12:12.919 [http-nio-8080-exec-2] INFO  com.practice.flashsale.common.aspect.ApiOperationLogAspect - ====== 请求结束: [秒杀下单], 耗时: 515ms, 出参: {"success":true,"message":null,"errorCode":null,"data":{"orderId":50,"orderNo":"2108123285324976128","goodsName":"iPhone 15 Pro Max 256GB 深空黑色","goodsImg":"https://img.quanxiaoha.com/iphone15promax.jpg","seckillPrice":8999.00,"status":0,"expireTime":"2026-10-08 17:42:12"}} =================================== 
2026-10-08 17:12:12.920 [http-nio-8080-exec-28] INFO  com.practice.flashsale.order.service.impl.OrderServiceImpl - ==> 当前登录用户 ID：71
2026-10-08 17:12:12.921 [http-nio-8080-exec-54] INFO  com.practice.flashsale.order.service.impl.OrderServiceImpl - ==> 秒杀下单成功, orderId：51, orderNo：2108123285341753344
2026-10-08 17:12:12.926 [http-nio-8080-exec-54] INFO  com.practice.flashsale.common.aspect.ApiOperationLogAspect - ====== 请求结束: [秒杀下单], 耗时: 522ms, 出参: {"success":true,"message":null,"errorCode":null,"data":{"orderId":51,"orderNo":"2108123285341753344","goodsName":"iPhone 15 Pro Max 256GB 深空黑色","goodsImg":"https://img.quanxiaoha.com/iphone15promax.jpg","seckillPrice":8999.00,"status":0,"expireTime":"2026-10-08 17:42:12"}} =================================== 
2026-10-08 17:12:12.927 [http-nio-8080-exec-97] INFO  com.practice.flashsale.order.service.impl.OrderServiceImpl - ==> 当前登录用户 ID：72
2026-10-08 17:12:12.929 [http-nio-8080-exec-81] INFO  com.practice.flashsale.order.service.impl.OrderServiceImpl - ==> 秒杀下单成功, orderId：52, orderNo：2108123285375307776
2026-10-08 17:12:12.931 [http-nio-8080-exec-81] INFO  com.practice.flashsale.common.aspect.ApiOperationLogAspect - ====== 请求结束: [秒杀下单], 耗时: 527ms, 出参: {"success":true,"message":null,"errorCode":null,"data":{"orderId":52,"orderNo":"2108123285375307776","goodsName":"iPhone 15 Pro Max 256GB 深空黑色","goodsImg":"https://img.quanxiaoha.com/iphone15promax.jpg","seckillPrice":8999.00,"status":0,"expireTime":"2026-10-08 17:42:12"}} =================================== 
2026-10-08 17:12:12.932 [http-nio-8080-exec-87] INFO  com.practice.flashsale.order.service.impl.OrderServiceImpl - ==> 当前登录用户 ID：33
2026-10-08 17:12:12.933 [http-nio-8080-exec-62] INFO  com.practice.flashsale.order.service.impl.OrderServiceImpl - ==> 秒杀下单成功, orderId：53, orderNo：2108123285392084992
2026-10-08 17:12:12.935 [http-nio-8080-exec-62] INFO  com.practice.flashsale.common.aspect.ApiOperationLogAspect - ====== 请求结束: [秒杀下单], 耗时: 531ms, 出参: {"success":true,"message":null,"errorCode":null,"data":{"orderId":53,"orderNo":"2108123285392084992","goodsName":"iPhone 15 Pro Max 256GB 深空黑色","goodsImg":"https://img.quanxiaoha.com/iphone15promax.jpg","seckillPrice":8999.00,"status":0,"expireTime":"2026-10-08 17:42:12"}} =================================== 
2026-10-08 17:12:12.937 [http-nio-8080-exec-17] INFO  com.practice.flashsale.order.service.impl.OrderServiceImpl - ==> 当前登录用户 ID：79
2026-10-08 17:12:12.938 [http-nio-8080-exec-76] INFO  com.practice.flashsale.order.service.impl.OrderServiceImpl - ==> 秒杀下单成功, orderId：54, orderNo：2108123285413056512
2026-10-08 17:12:12.941 [http-nio-8080-exec-76] INFO  com.practice.flashsale.common.aspect.ApiOperationLogAspect - ====== 请求结束: [秒杀下单], 耗时: 537ms, 出参: {"success":true,"message":null,"errorCode":null,"data":{"orderId":54,"orderNo":"2108123285413056512","goodsName":"iPhone 15 Pro Max 256GB 深空黑色","goodsImg":"https://img.quanxiaoha.com/iphone15promax.jpg","seckillPrice":8999.00,"status":0,"expireTime":"2026-10-08 17:42:12"}} =================================== 
2026-10-08 17:12:12.942 [http-nio-8080-exec-57] INFO  com.practice.flashsale.order.service.impl.OrderServiceImpl - ==> 当前登录用户 ID：89
2026-10-08 17:12:12.943 [http-nio-8080-exec-56] INFO  com.practice.flashsale.order.service.impl.OrderServiceImpl - ==> 秒杀下单成功, orderId：55, orderNo：2108123285434028032
2026-10-08 17:12:12.945 [http-nio-8080-exec-56] INFO  com.practice.flashsale.common.aspect.ApiOperationLogAspect - ====== 请求结束: [秒杀下单], 耗时: 541ms, 出参: {"success":true,"message":null,"errorCode":null,"data":{"orderId":55,"orderNo":"2108123285434028032","goodsName":"iPhone 15 Pro Max 256GB 深空黑色","goodsImg":"https://img.quanxiaoha.com/iphone15promax.jpg","seckillPrice":8999.00,"status":0,"expireTime":"2026-10-08 17:42:12"}} =================================== 
2026-10-08 17:12:12.947 [http-nio-8080-exec-21] INFO  com.practice.flashsale.order.service.impl.OrderServiceImpl - ==> 当前登录用户 ID：74
2026-10-08 17:12:12.947 [http-nio-8080-exec-10] INFO  com.practice.flashsale.order.service.impl.OrderServiceImpl - ==> 秒杀下单成功, orderId：56, orderNo：2108123285454999552
2026-10-08 17:12:12.950 [http-nio-8080-exec-10] INFO  com.practice.flashsale.common.aspect.ApiOperationLogAspect - ====== 请求结束: [秒杀下单], 耗时: 546ms, 出参: {"success":true,"message":null,"errorCode":null,"data":{"orderId":56,"orderNo":"2108123285454999552","goodsName":"iPhone 15 Pro Max 256GB 深空黑色","goodsImg":"https://img.quanxiaoha.com/iphone15promax.jpg","seckillPrice":8999.00,"status":0,"expireTime":"2026-10-08 17:42:12"}} =================================== 
2026-10-08 17:12:12.951 [http-nio-8080-exec-58] INFO  com.practice.flashsale.order.service.impl.OrderServiceImpl - ==> 当前登录用户 ID：13
2026-10-08 17:12:12.952 [http-nio-8080-exec-46] INFO  com.practice.flashsale.order.service.impl.OrderServiceImpl - ==> 秒杀下单成功, orderId：57, orderNo：2108123285471776768
2026-10-08 17:12:12.954 [http-nio-8080-exec-46] INFO  com.practice.flashsale.common.aspect.ApiOperationLogAspect - ====== 请求结束: [秒杀下单], 耗时: 550ms, 出参: {"success":true,"message":null,"errorCode":null,"data":{"orderId":57,"orderNo":"2108123285471776768","goodsName":"iPhone 15 Pro Max 256GB 深空黑色","goodsImg":"https://img.quanxiaoha.com/iphone15promax.jpg","seckillPrice":8999.00,"status":0,"expireTime":"2026-10-08 17:42:12"}} =================================== 
2026-10-08 17:12:12.956 [http-nio-8080-exec-86] INFO  com.practice.flashsale.order.service.impl.OrderServiceImpl - ==> 当前登录用户 ID：102
2026-10-08 17:12:12.957 [http-nio-8080-exec-90] INFO  com.practice.flashsale.order.service.impl.OrderServiceImpl - ==> 秒杀下单成功, orderId：58, orderNo：2108123285492748288
2026-10-08 17:12:12.959 [http-nio-8080-exec-90] INFO  com.practice.flashsale.common.aspect.ApiOperationLogAspect - ====== 请求结束: [秒杀下单], 耗时: 555ms, 出参: {"success":true,"message":null,"errorCode":null,"data":{"orderId":58,"orderNo":"2108123285492748288","goodsName":"iPhone 15 Pro Max 256GB 深空黑色","goodsImg":"https://img.quanxiaoha.com/iphone15promax.jpg","seckillPrice":8999.00,"status":0,"expireTime":"2026-10-08 17:42:12"}} =================================== 
2026-10-08 17:12:12.961 [http-nio-8080-exec-74] INFO  com.practice.flashsale.order.service.impl.OrderServiceImpl - ==> 当前登录用户 ID：82
2026-10-08 17:12:12.961 [http-nio-8080-exec-78] INFO  com.practice.flashsale.order.service.impl.OrderServiceImpl - ==> 当前登录用户 ID：49
2026-10-08 17:12:12.961 [http-nio-8080-exec-67] INFO  com.practice.flashsale.order.service.impl.OrderServiceImpl - ==> 秒杀下单成功, orderId：59, orderNo：2108123285513719808
2026-10-08 17:12:12.964 [http-nio-8080-exec-67] INFO  com.practice.flashsale.common.aspect.ApiOperationLogAspect - ====== 请求结束: [秒杀下单], 耗时: 560ms, 出参: {"success":true,"message":null,"errorCode":null,"data":{"orderId":59,"orderNo":"2108123285513719808","goodsName":"iPhone 15 Pro Max 256GB 深空黑色","goodsImg":"https://img.quanxiaoha.com/iphone15promax.jpg","seckillPrice":8999.00,"status":0,"expireTime":"2026-10-08 17:42:12"}} =================================== 
2026-10-08 17:12:12.965 [http-nio-8080-exec-77] INFO  com.practice.flashsale.order.service.impl.OrderServiceImpl - ==> 当前登录用户 ID：78
2026-10-08 17:12:12.965 [http-nio-8080-exec-40] INFO  com.practice.flashsale.order.service.impl.OrderServiceImpl - ==> 秒杀下单成功, orderId：60, orderNo：2108123285530497024
2026-10-08 17:12:12.968 [http-nio-8080-exec-40] INFO  com.practice.flashsale.common.aspect.ApiOperationLogAspect - ====== 请求结束: [秒杀下单], 耗时: 564ms, 出参: {"success":true,"message":null,"errorCode":null,"data":{"orderId":60,"orderNo":"2108123285530497024","goodsName":"iPhone 15 Pro Max 256GB 深空黑色","goodsImg":"https://img.quanxiaoha.com/iphone15promax.jpg","seckillPrice":8999.00,"status":0,"expireTime":"2026-10-08 17:42:12"}} =================================== 
2026-10-08 17:12:12.969 [http-nio-8080-exec-92] INFO  com.practice.flashsale.order.service.impl.OrderServiceImpl - ==> 当前登录用户 ID：10
2026-10-08 17:12:12.970 [http-nio-8080-exec-71] INFO  com.practice.flashsale.order.service.impl.OrderServiceImpl - ==> 秒杀下单成功, orderId：61, orderNo：2108123285547274240
2026-10-08 17:12:12.974 [http-nio-8080-exec-71] INFO  com.practice.flashsale.common.aspect.ApiOperationLogAspect - ====== 请求结束: [秒杀下单], 耗时: 569ms, 出参: {"success":true,"message":null,"errorCode":null,"data":{"orderId":61,"orderNo":"2108123285547274240","goodsName":"iPhone 15 Pro Max 256GB 深空黑色","goodsImg":"https://img.quanxiaoha.com/iphone15promax.jpg","seckillPrice":8999.00,"status":0,"expireTime":"2026-10-08 17:42:12"}} =================================== 
2026-10-08 17:12:12.975 [http-nio-8080-exec-24] INFO  com.practice.flashsale.order.service.impl.OrderServiceImpl - ==> 当前登录用户 ID：12
2026-10-08 17:12:12.975 [http-nio-8080-exec-72] INFO  com.practice.flashsale.order.service.impl.OrderServiceImpl - ==> 秒杀下单成功, orderId：62, orderNo：2108123285572440064
2026-10-08 17:12:12.978 [http-nio-8080-exec-72] INFO  com.practice.flashsale.common.aspect.ApiOperationLogAspect - ====== 请求结束: [秒杀下单], 耗时: 574ms, 出参: {"success":true,"message":null,"errorCode":null,"data":{"orderId":62,"orderNo":"2108123285572440064","goodsName":"iPhone 15 Pro Max 256GB 深空黑色","goodsImg":"https://img.quanxiaoha.com/iphone15promax.jpg","seckillPrice":8999.00,"status":0,"expireTime":"2026-10-08 17:42:12"}} =================================== 
2026-10-08 17:12:12.979 [http-nio-8080-exec-12] INFO  com.practice.flashsale.order.service.impl.OrderServiceImpl - ==> 当前登录用户 ID：21
2026-10-08 17:12:12.980 [http-nio-8080-exec-43] INFO  com.practice.flashsale.order.service.impl.OrderServiceImpl - ==> 秒杀下单成功, orderId：63, orderNo：2108123285589217280
2026-10-08 17:12:12.986 [http-nio-8080-exec-43] INFO  com.practice.flashsale.common.aspect.ApiOperationLogAspect - ====== 请求结束: [秒杀下单], 耗时: 582ms, 出参: {"success":true,"message":null,"errorCode":null,"data":{"orderId":63,"orderNo":"2108123285589217280","goodsName":"iPhone 15 Pro Max 256GB 深空黑色","goodsImg":"https://img.quanxiaoha.com/iphone15promax.jpg","seckillPrice":8999.00,"status":0,"expireTime":"2026-10-08 17:42:12"}} =================================== 
2026-10-08 17:12:12.988 [http-nio-8080-exec-5] INFO  com.practice.flashsale.order.service.impl.OrderServiceImpl - ==> 当前登录用户 ID：15
2026-10-08 17:12:12.988 [http-nio-8080-exec-55] INFO  com.practice.flashsale.order.service.impl.OrderServiceImpl - ==> 秒杀下单成功, orderId：64, orderNo：2108123285626966016
2026-10-08 17:12:12.990 [http-nio-8080-exec-55] INFO  com.practice.flashsale.common.aspect.ApiOperationLogAspect - ====== 请求结束: [秒杀下单], 耗时: 586ms, 出参: {"success":true,"message":null,"errorCode":null,"data":{"orderId":64,"orderNo":"2108123285626966016","goodsName":"iPhone 15 Pro Max 256GB 深空黑色","goodsImg":"https://img.quanxiaoha.com/iphone15promax.jpg","seckillPrice":8999.00,"status":0,"expireTime":"2026-10-08 17:42:12"}} =================================== 
2026-10-08 17:12:12.991 [http-nio-8080-exec-13] INFO  com.practice.flashsale.order.service.impl.OrderServiceImpl - ==> 当前登录用户 ID：93
2026-10-08 17:12:12.992 [http-nio-8080-exec-8] INFO  com.practice.flashsale.order.service.impl.OrderServiceImpl - ==> 秒杀下单成功, orderId：65, orderNo：2108123285639548928
2026-10-08 17:12:12.994 [http-nio-8080-exec-8] INFO  com.practice.flashsale.common.aspect.ApiOperationLogAspect - ====== 请求结束: [秒杀下单], 耗时: 590ms, 出参: {"success":true,"message":null,"errorCode":null,"data":{"orderId":65,"orderNo":"2108123285639548928","goodsName":"iPhone 15 Pro Max 256GB 深空黑色","goodsImg":"https://img.quanxiaoha.com/iphone15promax.jpg","seckillPrice":8999.00,"status":0,"expireTime":"2026-10-08 17:42:12"}} =================================== 
2026-10-08 17:12:12.995 [http-nio-8080-exec-26] INFO  com.practice.flashsale.order.service.impl.OrderServiceImpl - ==> 当前登录用户 ID：32
2026-10-08 17:12:12.996 [http-nio-8080-exec-96] INFO  com.practice.flashsale.order.service.impl.OrderServiceImpl - ==> 秒杀下单成功, orderId：66, orderNo：2108123285660520448
2026-10-08 17:12:12.998 [http-nio-8080-exec-96] INFO  com.practice.flashsale.common.aspect.ApiOperationLogAspect - ====== 请求结束: [秒杀下单], 耗时: 594ms, 出参: {"success":true,"message":null,"errorCode":null,"data":{"orderId":66,"orderNo":"2108123285660520448","goodsName":"iPhone 15 Pro Max 256GB 深空黑色","goodsImg":"https://img.quanxiaoha.com/iphone15promax.jpg","seckillPrice":8999.00,"status":0,"expireTime":"2026-10-08 17:42:12"}} =================================== 
2026-10-08 17:12:12.999 [http-nio-8080-exec-80] INFO  com.practice.flashsale.order.service.impl.OrderServiceImpl - ==> 当前登录用户 ID：24
2026-10-08 17:12:13.000 [http-nio-8080-exec-14] INFO  com.practice.flashsale.order.service.impl.OrderServiceImpl - ==> 秒杀下单成功, orderId：67, orderNo：2108123285677297664
2026-10-08 17:12:13.002 [http-nio-8080-exec-14] INFO  com.practice.flashsale.common.aspect.ApiOperationLogAspect - ====== 请求结束: [秒杀下单], 耗时: 598ms, 出参: {"success":true,"message":null,"errorCode":null,"data":{"orderId":67,"orderNo":"2108123285677297664","goodsName":"iPhone 15 Pro Max 256GB 深空黑色","goodsImg":"https://img.quanxiaoha.com/iphone15promax.jpg","seckillPrice":8999.00,"status":0,"expireTime":"2026-10-08 17:42:12"}} =================================== 
2026-10-08 17:12:13.004 [http-nio-8080-exec-52] INFO  com.practice.flashsale.order.service.impl.OrderServiceImpl - ==> 当前登录用户 ID：60
2026-10-08 17:12:13.004 [http-nio-8080-exec-69] INFO  com.practice.flashsale.order.service.impl.OrderServiceImpl - ==> 秒杀下单成功, orderId：68, orderNo：2108123285689880576
2026-10-08 17:12:13.008 [http-nio-8080-exec-47] INFO  com.practice.flashsale.order.service.impl.OrderServiceImpl - ==> 当前登录用户 ID：105
2026-10-08 17:12:13.008 [http-nio-8080-exec-18] INFO  com.practice.flashsale.order.service.impl.OrderServiceImpl - ==> 秒杀下单成功, orderId：69, orderNo：2108123285710852096
2026-10-08 17:12:13.010 [http-nio-8080-exec-18] INFO  com.practice.flashsale.common.aspect.ApiOperationLogAspect - ====== 请求结束: [秒杀下单], 耗时: 606ms, 出参: {"success":true,"message":null,"errorCode":null,"data":{"orderId":69,"orderNo":"2108123285710852096","goodsName":"iPhone 15 Pro Max 256GB 深空黑色","goodsImg":"https://img.quanxiaoha.com/iphone15promax.jpg","seckillPrice":8999.00,"status":0,"expireTime":"2026-10-08 17:42:12"}} =================================== 
2026-10-08 17:12:13.012 [http-nio-8080-exec-27] INFO  com.practice.flashsale.order.service.impl.OrderServiceImpl - ==> 当前登录用户 ID：100
2026-10-08 17:12:13.012 [http-nio-8080-exec-59] INFO  com.practice.flashsale.order.service.impl.OrderServiceImpl - ==> 秒杀下单成功, orderId：70, orderNo：2108123285727629312
2026-10-08 17:12:13.015 [http-nio-8080-exec-59] INFO  com.practice.flashsale.common.aspect.ApiOperationLogAspect - ====== 请求结束: [秒杀下单], 耗时: 611ms, 出参: {"success":true,"message":null,"errorCode":null,"data":{"orderId":70,"orderNo":"2108123285727629312","goodsName":"iPhone 15 Pro Max 256GB 深空黑色","goodsImg":"https://img.quanxiaoha.com/iphone15promax.jpg","seckillPrice":8999.00,"status":0,"expireTime":"2026-10-08 17:42:12"}} =================================== 
2026-10-08 17:12:13.016 [http-nio-8080-exec-79] INFO  com.practice.flashsale.order.service.impl.OrderServiceImpl - ==> 当前登录用户 ID：73
2026-10-08 17:12:13.016 [http-nio-8080-exec-20] INFO  com.practice.flashsale.order.service.impl.OrderServiceImpl - ==> 秒杀下单成功, orderId：71, orderNo：2108123285744406528
2026-10-08 17:12:13.017 [http-nio-8080-exec-69] INFO  com.practice.flashsale.common.aspect.ApiOperationLogAspect - ====== 请求结束: [秒杀下单], 耗时: 613ms, 出参: {"success":true,"message":null,"errorCode":null,"data":{"orderId":68,"orderNo":"2108123285689880576","goodsName":"iPhone 15 Pro Max 256GB 深空黑色","goodsImg":"https://img.quanxiaoha.com/iphone15promax.jpg","seckillPrice":8999.00,"status":0,"expireTime":"2026-10-08 17:42:12"}} =================================== 
2026-10-08 17:12:13.018 [http-nio-8080-exec-37] INFO  com.practice.flashsale.order.service.impl.OrderServiceImpl - ==> 当前登录用户 ID：94
2026-10-08 17:12:13.018 [http-nio-8080-exec-20] INFO  com.practice.flashsale.common.aspect.ApiOperationLogAspect - ====== 请求结束: [秒杀下单], 耗时: 614ms, 出参: {"success":true,"message":null,"errorCode":null,"data":{"orderId":71,"orderNo":"2108123285744406528","goodsName":"iPhone 15 Pro Max 256GB 深空黑色","goodsImg":"https://img.quanxiaoha.com/iphone15promax.jpg","seckillPrice":8999.00,"status":0,"expireTime":"2026-10-08 17:42:12"}} =================================== 
2026-10-08 17:12:13.020 [http-nio-8080-exec-4] INFO  com.practice.flashsale.order.service.impl.OrderServiceImpl - ==> 当前登录用户 ID：11
2026-10-08 17:12:13.021 [http-nio-8080-exec-28] INFO  com.practice.flashsale.order.service.impl.OrderServiceImpl - ==> 秒杀下单成功, orderId：72, orderNo：2108123285761183744
2026-10-08 17:12:13.023 [http-nio-8080-exec-28] INFO  com.practice.flashsale.common.aspect.ApiOperationLogAspect - ====== 请求结束: [秒杀下单], 耗时: 619ms, 出参: {"success":true,"message":null,"errorCode":null,"data":{"orderId":72,"orderNo":"2108123285761183744","goodsName":"iPhone 15 Pro Max 256GB 深空黑色","goodsImg":"https://img.quanxiaoha.com/iphone15promax.jpg","seckillPrice":8999.00,"status":0,"expireTime":"2026-10-08 17:42:12"}} =================================== 
2026-10-08 17:12:13.024 [http-nio-8080-exec-6] INFO  com.practice.flashsale.order.service.impl.OrderServiceImpl - ==> 当前登录用户 ID：23
2026-10-08 17:12:13.025 [http-nio-8080-exec-97] INFO  com.practice.flashsale.order.service.impl.OrderServiceImpl - ==> 秒杀下单成功, orderId：73, orderNo：2108123285777960960
2026-10-08 17:12:13.027 [http-nio-8080-exec-97] INFO  com.practice.flashsale.common.aspect.ApiOperationLogAspect - ====== 请求结束: [秒杀下单], 耗时: 623ms, 出参: {"success":true,"message":null,"errorCode":null,"data":{"orderId":73,"orderNo":"2108123285777960960","goodsName":"iPhone 15 Pro Max 256GB 深空黑色","goodsImg":"https://img.quanxiaoha.com/iphone15promax.jpg","seckillPrice":8999.00,"status":0,"expireTime":"2026-10-08 17:42:12"}} =================================== 
2026-10-08 17:12:13.028 [http-nio-8080-exec-53] INFO  com.practice.flashsale.order.service.impl.OrderServiceImpl - ==> 当前登录用户 ID：103
2026-10-08 17:12:13.029 [http-nio-8080-exec-87] INFO  com.practice.flashsale.order.service.impl.OrderServiceImpl - ==> 秒杀下单成功, orderId：74, orderNo：2108123285794738176
2026-10-08 17:12:13.031 [http-nio-8080-exec-87] INFO  com.practice.flashsale.common.aspect.ApiOperationLogAspect - ====== 请求结束: [秒杀下单], 耗时: 627ms, 出参: {"success":true,"message":null,"errorCode":null,"data":{"orderId":74,"orderNo":"2108123285794738176","goodsName":"iPhone 15 Pro Max 256GB 深空黑色","goodsImg":"https://img.quanxiaoha.com/iphone15promax.jpg","seckillPrice":8999.00,"status":0,"expireTime":"2026-10-08 17:42:12"}} =================================== 
2026-10-08 17:12:13.032 [http-nio-8080-exec-30] INFO  com.practice.flashsale.order.service.impl.OrderServiceImpl - ==> 当前登录用户 ID：20
2026-10-08 17:12:13.032 [http-nio-8080-exec-17] INFO  com.practice.flashsale.order.service.impl.OrderServiceImpl - ==> 秒杀下单成功, orderId：75, orderNo：2108123285811515392
2026-10-08 17:12:13.034 [http-nio-8080-exec-17] INFO  com.practice.flashsale.common.aspect.ApiOperationLogAspect - ====== 请求结束: [秒杀下单], 耗时: 630ms, 出参: {"success":true,"message":null,"errorCode":null,"data":{"orderId":75,"orderNo":"2108123285811515392","goodsName":"iPhone 15 Pro Max 256GB 深空黑色","goodsImg":"https://img.quanxiaoha.com/iphone15promax.jpg","seckillPrice":8999.00,"status":0,"expireTime":"2026-10-08 17:42:12"}} =================================== 
2026-10-08 17:12:13.035 [http-nio-8080-exec-94] INFO  com.practice.flashsale.order.service.impl.OrderServiceImpl - ==> 当前登录用户 ID：91
2026-10-08 17:12:13.036 [http-nio-8080-exec-57] INFO  com.practice.flashsale.order.service.impl.OrderServiceImpl - ==> 秒杀下单成功, orderId：76, orderNo：2108123285828292608
2026-10-08 17:12:13.038 [http-nio-8080-exec-57] INFO  com.practice.flashsale.common.aspect.ApiOperationLogAspect - ====== 请求结束: [秒杀下单], 耗时: 634ms, 出参: {"success":true,"message":null,"errorCode":null,"data":{"orderId":76,"orderNo":"2108123285828292608","goodsName":"iPhone 15 Pro Max 256GB 深空黑色","goodsImg":"https://img.quanxiaoha.com/iphone15promax.jpg","seckillPrice":8999.00,"status":0,"expireTime":"2026-10-08 17:42:12"}} =================================== 
2026-10-08 17:12:13.039 [http-nio-8080-exec-1] INFO  com.practice.flashsale.order.service.impl.OrderServiceImpl - ==> 当前登录用户 ID：8
2026-10-08 17:12:13.040 [http-nio-8080-exec-21] INFO  com.practice.flashsale.order.service.impl.OrderServiceImpl - ==> 秒杀下单成功, orderId：77, orderNo：2108123285845069824
2026-10-08 17:12:13.042 [http-nio-8080-exec-21] INFO  com.practice.flashsale.common.aspect.ApiOperationLogAspect - ====== 请求结束: [秒杀下单], 耗时: 638ms, 出参: {"success":true,"message":null,"errorCode":null,"data":{"orderId":77,"orderNo":"2108123285845069824","goodsName":"iPhone 15 Pro Max 256GB 深空黑色","goodsImg":"https://img.quanxiaoha.com/iphone15promax.jpg","seckillPrice":8999.00,"status":0,"expireTime":"2026-10-08 17:42:12"}} =================================== 
2026-10-08 17:12:13.044 [http-nio-8080-exec-58] INFO  com.practice.flashsale.order.service.impl.OrderServiceImpl - ==> 秒杀下单成功, orderId：78, orderNo：2108123285857652736
2026-10-08 17:12:13.047 [http-nio-8080-exec-58] INFO  com.practice.flashsale.common.aspect.ApiOperationLogAspect - ====== 请求结束: [秒杀下单], 耗时: 643ms, 出参: {"success":true,"message":null,"errorCode":null,"data":{"orderId":78,"orderNo":"2108123285857652736","goodsName":"iPhone 15 Pro Max 256GB 深空黑色","goodsImg":"https://img.quanxiaoha.com/iphone15promax.jpg","seckillPrice":8999.00,"status":0,"expireTime":"2026-10-08 17:42:12"}} =================================== 
2026-10-08 17:12:13.049 [http-nio-8080-exec-74] INFO  com.practice.flashsale.order.service.impl.OrderServiceImpl - ==> 秒杀下单成功, orderId：79, orderNo：2108123285878624256
2026-10-08 17:12:13.052 [http-nio-8080-exec-74] INFO  com.practice.flashsale.common.aspect.ApiOperationLogAspect - ====== 请求结束: [秒杀下单], 耗时: 648ms, 出参: {"success":true,"message":null,"errorCode":null,"data":{"orderId":79,"orderNo":"2108123285878624256","goodsName":"iPhone 15 Pro Max 256GB 深空黑色","goodsImg":"https://img.quanxiaoha.com/iphone15promax.jpg","seckillPrice":8999.00,"status":0,"expireTime":"2026-10-08 17:42:12"}} =================================== 
2026-10-08 17:12:13.054 [http-nio-8080-exec-78] INFO  com.practice.flashsale.order.service.impl.OrderServiceImpl - ==> 秒杀下单成功, orderId：80, orderNo：2108123285899595776
2026-10-08 17:12:13.057 [http-nio-8080-exec-78] INFO  com.practice.flashsale.common.aspect.ApiOperationLogAspect - ====== 请求结束: [秒杀下单], 耗时: 653ms, 出参: {"success":true,"message":null,"errorCode":null,"data":{"orderId":80,"orderNo":"2108123285899595776","goodsName":"iPhone 15 Pro Max 256GB 深空黑色","goodsImg":"https://img.quanxiaoha.com/iphone15promax.jpg","seckillPrice":8999.00,"status":0,"expireTime":"2026-10-08 17:42:12"}} =================================== 
2026-10-08 17:12:13.059 [http-nio-8080-exec-77] INFO  com.practice.flashsale.order.service.impl.OrderServiceImpl - ==> 秒杀下单成功, orderId：81, orderNo：2108123285920567296
2026-10-08 17:12:13.062 [http-nio-8080-exec-77] INFO  com.practice.flashsale.common.aspect.ApiOperationLogAspect - ====== 请求结束: [秒杀下单], 耗时: 658ms, 出参: {"success":true,"message":null,"errorCode":null,"data":{"orderId":81,"orderNo":"2108123285920567296","goodsName":"iPhone 15 Pro Max 256GB 深空黑色","goodsImg":"https://img.quanxiaoha.com/iphone15promax.jpg","seckillPrice":8999.00,"status":0,"expireTime":"2026-10-08 17:42:12"}} =================================== 
2026-10-08 17:12:13.065 [http-nio-8080-exec-86] INFO  com.practice.flashsale.order.service.impl.OrderServiceImpl - ==> 秒杀下单成功, orderId：82, orderNo：2108123285945733120
2026-10-08 17:12:13.066 [http-nio-8080-exec-86] INFO  com.practice.flashsale.common.aspect.ApiOperationLogAspect - ====== 请求结束: [秒杀下单], 耗时: 662ms, 出参: {"success":true,"message":null,"errorCode":null,"data":{"orderId":82,"orderNo":"2108123285945733120","goodsName":"iPhone 15 Pro Max 256GB 深空黑色","goodsImg":"https://img.quanxiaoha.com/iphone15promax.jpg","seckillPrice":8999.00,"status":0,"expireTime":"2026-10-08 17:42:12"}} =================================== 
2026-10-08 17:12:13.069 [http-nio-8080-exec-92] INFO  com.practice.flashsale.order.service.impl.OrderServiceImpl - ==> 秒杀下单成功, orderId：83, orderNo：2108123285962510336
2026-10-08 17:12:13.072 [http-nio-8080-exec-92] INFO  com.practice.flashsale.common.aspect.ApiOperationLogAspect - ====== 请求结束: [秒杀下单], 耗时: 668ms, 出参: {"success":true,"message":null,"errorCode":null,"data":{"orderId":83,"orderNo":"2108123285962510336","goodsName":"iPhone 15 Pro Max 256GB 深空黑色","goodsImg":"https://img.quanxiaoha.com/iphone15promax.jpg","seckillPrice":8999.00,"status":0,"expireTime":"2026-10-08 17:42:12"}} =================================== 
2026-10-08 17:12:13.075 [http-nio-8080-exec-24] INFO  com.practice.flashsale.order.service.impl.OrderServiceImpl - ==> 秒杀下单成功, orderId：84, orderNo：2108123285987676160
2026-10-08 17:12:13.080 [http-nio-8080-exec-24] INFO  com.practice.flashsale.common.aspect.ApiOperationLogAspect - ====== 请求结束: [秒杀下单], 耗时: 675ms, 出参: {"success":true,"message":null,"errorCode":null,"data":{"orderId":84,"orderNo":"2108123285987676160","goodsName":"iPhone 15 Pro Max 256GB 深空黑色","goodsImg":"https://img.quanxiaoha.com/iphone15promax.jpg","seckillPrice":8999.00,"status":0,"expireTime":"2026-10-08 17:42:12"}} =================================== 
2026-10-08 17:12:13.083 [http-nio-8080-exec-12] INFO  com.practice.flashsale.order.service.impl.OrderServiceImpl - ==> 秒杀下单成功, orderId：85, orderNo：2108123286017036288
2026-10-08 17:12:13.085 [http-nio-8080-exec-12] INFO  com.practice.flashsale.common.aspect.ApiOperationLogAspect - ====== 请求结束: [秒杀下单], 耗时: 681ms, 出参: {"success":true,"message":null,"errorCode":null,"data":{"orderId":85,"orderNo":"2108123286017036288","goodsName":"iPhone 15 Pro Max 256GB 深空黑色","goodsImg":"https://img.quanxiaoha.com/iphone15promax.jpg","seckillPrice":8999.00,"status":0,"expireTime":"2026-10-08 17:42:12"}} =================================== 
2026-10-08 17:12:13.088 [http-nio-8080-exec-5] INFO  com.practice.flashsale.order.service.impl.OrderServiceImpl - ==> 秒杀下单成功, orderId：86, orderNo：2108123286042202112
2026-10-08 17:12:13.090 [http-nio-8080-exec-5] INFO  com.practice.flashsale.common.aspect.ApiOperationLogAspect - ====== 请求结束: [秒杀下单], 耗时: 686ms, 出参: {"success":true,"message":null,"errorCode":null,"data":{"orderId":86,"orderNo":"2108123286042202112","goodsName":"iPhone 15 Pro Max 256GB 深空黑色","goodsImg":"https://img.quanxiaoha.com/iphone15promax.jpg","seckillPrice":8999.00,"status":0,"expireTime":"2026-10-08 17:42:12"}} =================================== 
2026-10-08 17:12:13.093 [http-nio-8080-exec-13] INFO  com.practice.flashsale.order.service.impl.OrderServiceImpl - ==> 秒杀下单成功, orderId：87, orderNo：2108123286063173632
2026-10-08 17:12:13.097 [http-nio-8080-exec-13] INFO  com.practice.flashsale.common.aspect.ApiOperationLogAspect - ====== 请求结束: [秒杀下单], 耗时: 693ms, 出参: {"success":true,"message":null,"errorCode":null,"data":{"orderId":87,"orderNo":"2108123286063173632","goodsName":"iPhone 15 Pro Max 256GB 深空黑色","goodsImg":"https://img.quanxiaoha.com/iphone15promax.jpg","seckillPrice":8999.00,"status":0,"expireTime":"2026-10-08 17:42:12"}} =================================== 
2026-10-08 17:12:13.099 [http-nio-8080-exec-26] INFO  com.practice.flashsale.order.service.impl.OrderServiceImpl - ==> 秒杀下单成功, orderId：88, orderNo：2108123286088339456
2026-10-08 17:12:13.103 [http-nio-8080-exec-26] INFO  com.practice.flashsale.common.aspect.ApiOperationLogAspect - ====== 请求结束: [秒杀下单], 耗时: 699ms, 出参: {"success":true,"message":null,"errorCode":null,"data":{"orderId":88,"orderNo":"2108123286088339456","goodsName":"iPhone 15 Pro Max 256GB 深空黑色","goodsImg":"https://img.quanxiaoha.com/iphone15promax.jpg","seckillPrice":8999.00,"status":0,"expireTime":"2026-10-08 17:42:12"}} =================================== 
2026-10-08 17:12:13.105 [http-nio-8080-exec-80] INFO  com.practice.flashsale.order.service.impl.OrderServiceImpl - ==> 秒杀下单成功, orderId：89, orderNo：2108123286117699584
2026-10-08 17:12:13.108 [http-nio-8080-exec-80] INFO  com.practice.flashsale.common.aspect.ApiOperationLogAspect - ====== 请求结束: [秒杀下单], 耗时: 704ms, 出参: {"success":true,"message":null,"errorCode":null,"data":{"orderId":89,"orderNo":"2108123286117699584","goodsName":"iPhone 15 Pro Max 256GB 深空黑色","goodsImg":"https://img.quanxiaoha.com/iphone15promax.jpg","seckillPrice":8999.00,"status":0,"expireTime":"2026-10-08 17:42:13"}} =================================== 
2026-10-08 17:12:13.110 [http-nio-8080-exec-52] INFO  com.practice.flashsale.order.service.impl.OrderServiceImpl - ==> 秒杀下单成功, orderId：90, orderNo：2108123286134476800
2026-10-08 17:12:13.113 [http-nio-8080-exec-52] INFO  com.practice.flashsale.common.aspect.ApiOperationLogAspect - ====== 请求结束: [秒杀下单], 耗时: 708ms, 出参: {"success":true,"message":null,"errorCode":null,"data":{"orderId":90,"orderNo":"2108123286134476800","goodsName":"iPhone 15 Pro Max 256GB 深空黑色","goodsImg":"https://img.quanxiaoha.com/iphone15promax.jpg","seckillPrice":8999.00,"status":0,"expireTime":"2026-10-08 17:42:13"}} =================================== 
2026-10-08 17:12:13.115 [http-nio-8080-exec-47] INFO  com.practice.flashsale.order.service.impl.OrderServiceImpl - ==> 秒杀下单成功, orderId：91, orderNo：2108123286155448320
2026-10-08 17:12:13.117 [http-nio-8080-exec-47] INFO  com.practice.flashsale.common.aspect.ApiOperationLogAspect - ====== 请求结束: [秒杀下单], 耗时: 713ms, 出参: {"success":true,"message":null,"errorCode":null,"data":{"orderId":91,"orderNo":"2108123286155448320","goodsName":"iPhone 15 Pro Max 256GB 深空黑色","goodsImg":"https://img.quanxiaoha.com/iphone15promax.jpg","seckillPrice":8999.00,"status":0,"expireTime":"2026-10-08 17:42:13"}} =================================== 
2026-10-08 17:12:13.119 [http-nio-8080-exec-27] INFO  com.practice.flashsale.order.service.impl.OrderServiceImpl - ==> 秒杀下单成功, orderId：92, orderNo：2108123286176419840
2026-10-08 17:12:13.122 [http-nio-8080-exec-27] INFO  com.practice.flashsale.common.aspect.ApiOperationLogAspect - ====== 请求结束: [秒杀下单], 耗时: 718ms, 出参: {"success":true,"message":null,"errorCode":null,"data":{"orderId":92,"orderNo":"2108123286176419840","goodsName":"iPhone 15 Pro Max 256GB 深空黑色","goodsImg":"https://img.quanxiaoha.com/iphone15promax.jpg","seckillPrice":8999.00,"status":0,"expireTime":"2026-10-08 17:42:13"}} =================================== 
2026-10-08 17:12:13.124 [http-nio-8080-exec-79] INFO  com.practice.flashsale.order.service.impl.OrderServiceImpl - ==> 秒杀下单成功, orderId：93, orderNo：2108123286197391360
2026-10-08 17:12:13.127 [http-nio-8080-exec-79] INFO  com.practice.flashsale.common.aspect.ApiOperationLogAspect - ====== 请求结束: [秒杀下单], 耗时: 723ms, 出参: {"success":true,"message":null,"errorCode":null,"data":{"orderId":93,"orderNo":"2108123286197391360","goodsName":"iPhone 15 Pro Max 256GB 深空黑色","goodsImg":"https://img.quanxiaoha.com/iphone15promax.jpg","seckillPrice":8999.00,"status":0,"expireTime":"2026-10-08 17:42:13"}} =================================== 
2026-10-08 17:12:13.128 [http-nio-8080-exec-4] INFO  com.practice.flashsale.order.service.impl.OrderServiceImpl - ==> 秒杀下单成功, orderId：94, orderNo：2108123286214168576
2026-10-08 17:12:13.131 [http-nio-8080-exec-4] INFO  com.practice.flashsale.common.aspect.ApiOperationLogAspect - ====== 请求结束: [秒杀下单], 耗时: 727ms, 出参: {"success":true,"message":null,"errorCode":null,"data":{"orderId":94,"orderNo":"2108123286214168576","goodsName":"iPhone 15 Pro Max 256GB 深空黑色","goodsImg":"https://img.quanxiaoha.com/iphone15promax.jpg","seckillPrice":8999.00,"status":0,"expireTime":"2026-10-08 17:42:13"}} =================================== 
2026-10-08 17:12:13.133 [http-nio-8080-exec-6] INFO  com.practice.flashsale.order.service.impl.OrderServiceImpl - ==> 秒杀下单成功, orderId：95, orderNo：2108123286230945792
2026-10-08 17:12:13.135 [http-nio-8080-exec-6] INFO  com.practice.flashsale.common.aspect.ApiOperationLogAspect - ====== 请求结束: [秒杀下单], 耗时: 731ms, 出参: {"success":true,"message":null,"errorCode":null,"data":{"orderId":95,"orderNo":"2108123286230945792","goodsName":"iPhone 15 Pro Max 256GB 深空黑色","goodsImg":"https://img.quanxiaoha.com/iphone15promax.jpg","seckillPrice":8999.00,"status":0,"expireTime":"2026-10-08 17:42:13"}} =================================== 
2026-10-08 17:12:13.137 [http-nio-8080-exec-53] INFO  com.practice.flashsale.order.service.impl.OrderServiceImpl - ==> 秒杀下单成功, orderId：96, orderNo：2108123286251917312
2026-10-08 17:12:13.140 [http-nio-8080-exec-53] INFO  com.practice.flashsale.common.aspect.ApiOperationLogAspect - ====== 请求结束: [秒杀下单], 耗时: 736ms, 出参: {"success":true,"message":null,"errorCode":null,"data":{"orderId":96,"orderNo":"2108123286251917312","goodsName":"iPhone 15 Pro Max 256GB 深空黑色","goodsImg":"https://img.quanxiaoha.com/iphone15promax.jpg","seckillPrice":8999.00,"status":0,"expireTime":"2026-10-08 17:42:13"}} =================================== 
2026-10-08 17:12:13.142 [http-nio-8080-exec-37] INFO  com.practice.flashsale.order.service.impl.OrderServiceImpl - ==> 秒杀下单成功, orderId：97, orderNo：2108123286268694528
2026-10-08 17:12:13.145 [http-nio-8080-exec-37] INFO  com.practice.flashsale.common.aspect.ApiOperationLogAspect - ====== 请求结束: [秒杀下单], 耗时: 740ms, 出参: {"success":true,"message":null,"errorCode":null,"data":{"orderId":97,"orderNo":"2108123286268694528","goodsName":"iPhone 15 Pro Max 256GB 深空黑色","goodsImg":"https://img.quanxiaoha.com/iphone15promax.jpg","seckillPrice":8999.00,"status":0,"expireTime":"2026-10-08 17:42:13"}} =================================== 
2026-10-08 17:12:13.147 [http-nio-8080-exec-30] INFO  com.practice.flashsale.order.service.impl.OrderServiceImpl - ==> 秒杀下单成功, orderId：98, orderNo：2108123286289666048
2026-10-08 17:12:13.149 [http-nio-8080-exec-30] INFO  com.practice.flashsale.common.aspect.ApiOperationLogAspect - ====== 请求结束: [秒杀下单], 耗时: 745ms, 出参: {"success":true,"message":null,"errorCode":null,"data":{"orderId":98,"orderNo":"2108123286289666048","goodsName":"iPhone 15 Pro Max 256GB 深空黑色","goodsImg":"https://img.quanxiaoha.com/iphone15promax.jpg","seckillPrice":8999.00,"status":0,"expireTime":"2026-10-08 17:42:13"}} =================================== 
2026-10-08 17:12:13.151 [http-nio-8080-exec-94] INFO  com.practice.flashsale.order.service.impl.OrderServiceImpl - ==> 秒杀下单成功, orderId：99, orderNo：2108123286310637568
2026-10-08 17:12:13.153 [http-nio-8080-exec-94] INFO  com.practice.flashsale.common.aspect.ApiOperationLogAspect - ====== 请求结束: [秒杀下单], 耗时: 749ms, 出参: {"success":true,"message":null,"errorCode":null,"data":{"orderId":99,"orderNo":"2108123286310637568","goodsName":"iPhone 15 Pro Max 256GB 深空黑色","goodsImg":"https://img.quanxiaoha.com/iphone15promax.jpg","seckillPrice":8999.00,"status":0,"expireTime":"2026-10-08 17:42:13"}} =================================== 
2026-10-08 17:12:13.155 [http-nio-8080-exec-1] INFO  com.practice.flashsale.order.service.impl.OrderServiceImpl - ==> 秒杀下单成功, orderId：100, orderNo：2108123286327414784
2026-10-08 17:12:13.157 [http-nio-8080-exec-1] INFO  com.practice.flashsale.common.aspect.ApiOperationLogAspect - ====== 请求结束: [秒杀下单], 耗时: 753ms, 出参: {"success":true,"message":null,"errorCode":null,"data":{"orderId":100,"orderNo":"2108123286327414784","goodsName":"iPhone 15 Pro Max 256GB 深空黑色","goodsImg":"https://img.quanxiaoha.com/iphone15promax.jpg","seckillPrice":8999.00,"status":0,"expireTime":"2026-10-08 17:42:13"}} =================================== 
2026-10-08 17:12:54.186 [http-nio-8080-exec-54] INFO  com.practice.flashsale.common.aspect.ApiOperationLogAspect - ====== 请求开始：[秒杀下单], 入参：{"activityId":1,"goodsId":1}, 请求类：OrderController, 请求方法：doSeckill =================================== 
2026-10-08 17:12:54.186 [http-nio-8080-exec-62] INFO  com.practice.flashsale.common.aspect.ApiOperationLogAspect - ====== 请求开始：[秒杀下单], 入参：{"activityId":1,"goodsId":1}, 请求类：OrderController, 请求方法：doSeckill =================================== 
2026-10-08 17:12:54.186 [http-nio-8080-exec-76] INFO  com.practice.flashsale.common.aspect.ApiOperationLogAspect - ====== 请求开始：[秒杀下单], 入参：{"activityId":1,"goodsId":1}, 请求类：OrderController, 请求方法：doSeckill =================================== 
2026-10-08 17:12:54.186 [http-nio-8080-exec-81] INFO  com.practice.flashsale.common.aspect.ApiOperationLogAspect - ====== 请求开始：[秒杀下单], 入参：{"activityId":1,"goodsId":1}, 请求类：OrderController, 请求方法：doSeckill =================================== 
2026-10-08 17:12:54.186 [http-nio-8080-exec-23] INFO  com.practice.flashsale.common.aspect.ApiOperationLogAspect - ====== 请求开始：[秒杀下单], 入参：{"activityId":1,"goodsId":1}, 请求类：OrderController, 请求方法：doSeckill =================================== 
2026-10-08 17:12:54.187 [http-nio-8080-exec-90] INFO  com.practice.flashsale.common.aspect.ApiOperationLogAspect - ====== 请求开始：[秒杀下单], 入参：{"activityId":1,"goodsId":1}, 请求类：OrderController, 请求方法：doSeckill =================================== 
2026-10-08 17:12:54.187 [http-nio-8080-exec-51] INFO  com.practice.flashsale.common.aspect.ApiOperationLogAspect - ====== 请求开始：[秒杀下单], 入参：{"activityId":1,"goodsId":1}, 请求类：OrderController, 请求方法：doSeckill =================================== 
2026-10-08 17:12:54.188 [http-nio-8080-exec-56] INFO  com.practice.flashsale.common.aspect.ApiOperationLogAspect - ====== 请求开始：[秒杀下单], 入参：{"activityId":1,"goodsId":1}, 请求类：OrderController, 请求方法：doSeckill =================================== 
2026-10-08 17:12:54.188 [http-nio-8080-exec-82] INFO  com.practice.flashsale.common.aspect.ApiOperationLogAspect - ====== 请求开始：[秒杀下单], 入参：{"activityId":1,"goodsId":1}, 请求类：OrderController, 请求方法：doSeckill =================================== 
2026-10-08 17:12:54.188 [http-nio-8080-exec-54] INFO  com.practice.flashsale.order.service.impl.OrderServiceImpl - ==> 当前登录用户 ID：13
2026-10-08 17:12:54.189 [http-nio-8080-exec-42] INFO  com.practice.flashsale.common.aspect.ApiOperationLogAspect - ====== 请求开始：[秒杀下单], 入参：{"activityId":1,"goodsId":1}, 请求类：OrderController, 请求方法：doSeckill =================================== 
2026-10-08 17:12:54.190 [http-nio-8080-exec-60] INFO  com.practice.flashsale.common.aspect.ApiOperationLogAspect - ====== 请求开始：[秒杀下单], 入参：{"activityId":1,"goodsId":1}, 请求类：OrderController, 请求方法：doSeckill =================================== 
2026-10-08 17:12:54.190 [http-nio-8080-exec-19] INFO  com.practice.flashsale.common.aspect.ApiOperationLogAspect - ====== 请求开始：[秒杀下单], 入参：{"activityId":1,"goodsId":1}, 请求类：OrderController, 请求方法：doSeckill =================================== 
2026-10-08 17:12:54.190 [http-nio-8080-exec-23] INFO  com.practice.flashsale.order.service.impl.OrderServiceImpl - ==> 当前登录用户 ID：14
2026-10-08 17:12:54.190 [http-nio-8080-exec-51] INFO  com.practice.flashsale.order.service.impl.OrderServiceImpl - ==> 当前登录用户 ID：15
2026-10-08 17:12:54.190 [http-nio-8080-exec-90] INFO  com.practice.flashsale.order.service.impl.OrderServiceImpl - ==> 当前登录用户 ID：12
2026-10-08 17:12:54.191 [http-nio-8080-exec-82] INFO  com.practice.flashsale.order.service.impl.OrderServiceImpl - ==> 当前登录用户 ID：18
2026-10-08 17:12:54.191 [http-nio-8080-exec-46] INFO  com.practice.flashsale.common.aspect.ApiOperationLogAspect - ====== 请求开始：[秒杀下单], 入参：{"activityId":1,"goodsId":1}, 请求类：OrderController, 请求方法：doSeckill =================================== 
2026-10-08 17:12:54.191 [http-nio-8080-exec-70] INFO  com.practice.flashsale.common.aspect.ApiOperationLogAspect - ====== 请求开始：[秒杀下单], 入参：{"activityId":1,"goodsId":1}, 请求类：OrderController, 请求方法：doSeckill =================================== 
2026-10-08 17:12:54.192 [http-nio-8080-exec-19] INFO  com.practice.flashsale.order.service.impl.OrderServiceImpl - ==> 当前登录用户 ID：7
2026-10-08 17:12:54.192 [http-nio-8080-exec-60] INFO  com.practice.flashsale.order.service.impl.OrderServiceImpl - ==> 当前登录用户 ID：21
2026-10-08 17:12:54.192 [http-nio-8080-exec-62] INFO  com.practice.flashsale.order.service.impl.OrderServiceImpl - ==> 当前登录用户 ID：9
2026-10-08 17:12:54.193 [http-nio-8080-exec-46] INFO  com.practice.flashsale.order.service.impl.OrderServiceImpl - ==> 当前登录用户 ID：19
2026-10-08 17:12:54.193 [http-nio-8080-exec-70] INFO  com.practice.flashsale.order.service.impl.OrderServiceImpl - ==> 当前登录用户 ID：10
2026-10-08 17:12:54.194 [http-nio-8080-exec-76] INFO  com.practice.flashsale.order.service.impl.OrderServiceImpl - ==> 当前登录用户 ID：8
2026-10-08 17:12:54.194 [http-nio-8080-exec-10] INFO  com.practice.flashsale.common.aspect.ApiOperationLogAspect - ====== 请求开始：[秒杀下单], 入参：{"activityId":1,"goodsId":1}, 请求类：OrderController, 请求方法：doSeckill =================================== 
2026-10-08 17:12:54.195 [http-nio-8080-exec-56] INFO  com.practice.flashsale.order.service.impl.OrderServiceImpl - ==> 当前登录用户 ID：20
2026-10-08 17:12:54.195 [http-nio-8080-exec-44] INFO  com.practice.flashsale.common.aspect.ApiOperationLogAspect - ====== 请求开始：[秒杀下单], 入参：{"activityId":1,"goodsId":1}, 请求类：OrderController, 请求方法：doSeckill =================================== 
2026-10-08 17:12:54.198 [http-nio-8080-exec-42] INFO  com.practice.flashsale.order.service.impl.OrderServiceImpl - ==> 当前登录用户 ID：17
2026-10-08 17:12:54.198 [http-nio-8080-exec-44] INFO  com.practice.flashsale.order.service.impl.OrderServiceImpl - ==> 当前登录用户 ID：23
2026-10-08 17:12:54.201 [http-nio-8080-exec-67] INFO  com.practice.flashsale.common.aspect.ApiOperationLogAspect - ====== 请求开始：[秒杀下单], 入参：{"activityId":1,"goodsId":1}, 请求类：OrderController, 请求方法：doSeckill =================================== 
2026-10-08 17:12:54.201 [http-nio-8080-exec-38] INFO  com.practice.flashsale.common.aspect.ApiOperationLogAspect - ====== 请求开始：[秒杀下单], 入参：{"activityId":1,"goodsId":1}, 请求类：OrderController, 请求方法：doSeckill =================================== 
2026-10-08 17:12:54.201 [http-nio-8080-exec-40] INFO  com.practice.flashsale.common.aspect.ApiOperationLogAspect - ====== 请求开始：[秒杀下单], 入参：{"activityId":1,"goodsId":1}, 请求类：OrderController, 请求方法：doSeckill =================================== 
2026-10-08 17:12:54.203 [http-nio-8080-exec-38] INFO  com.practice.flashsale.order.service.impl.OrderServiceImpl - ==> 当前登录用户 ID：6
2026-10-08 17:12:54.203 [http-nio-8080-exec-40] INFO  com.practice.flashsale.order.service.impl.OrderServiceImpl - ==> 当前登录用户 ID：24
2026-10-08 17:12:54.203 [http-nio-8080-exec-67] INFO  com.practice.flashsale.order.service.impl.OrderServiceImpl - ==> 当前登录用户 ID：22
2026-10-08 17:12:54.204 [http-nio-8080-exec-81] INFO  com.practice.flashsale.order.service.impl.OrderServiceImpl - ==> 当前登录用户 ID：11
2026-10-08 17:12:54.205 [http-nio-8080-exec-36] INFO  com.practice.flashsale.common.aspect.ApiOperationLogAspect - ====== 请求开始：[秒杀下单], 入参：{"activityId":1,"goodsId":1}, 请求类：OrderController, 请求方法：doSeckill =================================== 
2026-10-08 17:12:54.207 [http-nio-8080-exec-36] INFO  com.practice.flashsale.order.service.impl.OrderServiceImpl - ==> 当前登录用户 ID：25
2026-10-08 17:12:54.208 [http-nio-8080-exec-10] INFO  com.practice.flashsale.order.service.impl.OrderServiceImpl - ==> 当前登录用户 ID：16
2026-10-08 17:12:54.216 [http-nio-8080-exec-9] INFO  com.practice.flashsale.common.aspect.ApiOperationLogAspect - ====== 请求开始：[秒杀下单], 入参：{"activityId":1,"goodsId":1}, 请求类：OrderController, 请求方法：doSeckill =================================== 
2026-10-08 17:12:54.216 [http-nio-8080-exec-71] INFO  com.practice.flashsale.common.aspect.ApiOperationLogAspect - ====== 请求开始：[秒杀下单], 入参：{"activityId":1,"goodsId":1}, 请求类：OrderController, 请求方法：doSeckill =================================== 
2026-10-08 17:12:54.220 [http-nio-8080-exec-71] INFO  com.practice.flashsale.order.service.impl.OrderServiceImpl - ==> 当前登录用户 ID：26
2026-10-08 17:12:54.220 [http-nio-8080-exec-9] INFO  com.practice.flashsale.order.service.impl.OrderServiceImpl - ==> 当前登录用户 ID：27
2026-10-08 17:12:54.220 [http-nio-8080-exec-22] INFO  com.practice.flashsale.common.aspect.ApiOperationLogAspect - ====== 请求开始：[秒杀下单], 入参：{"activityId":1,"goodsId":1}, 请求类：OrderController, 请求方法：doSeckill =================================== 
2026-10-08 17:12:54.221 [http-nio-8080-exec-93] INFO  com.practice.flashsale.common.aspect.ApiOperationLogAspect - ====== 请求开始：[秒杀下单], 入参：{"activityId":1,"goodsId":1}, 请求类：OrderController, 请求方法：doSeckill =================================== 
2026-10-08 17:12:54.222 [http-nio-8080-exec-72] INFO  com.practice.flashsale.common.aspect.ApiOperationLogAspect - ====== 请求开始：[秒杀下单], 入参：{"activityId":1,"goodsId":1}, 请求类：OrderController, 请求方法：doSeckill =================================== 
2026-10-08 17:12:54.222 [http-nio-8080-exec-22] INFO  com.practice.flashsale.order.service.impl.OrderServiceImpl - ==> 当前登录用户 ID：28
2026-10-08 17:12:54.222 [http-nio-8080-exec-93] INFO  com.practice.flashsale.order.service.impl.OrderServiceImpl - ==> 当前登录用户 ID：31
2026-10-08 17:12:54.224 [http-nio-8080-exec-72] INFO  com.practice.flashsale.order.service.impl.OrderServiceImpl - ==> 当前登录用户 ID：30
2026-10-08 17:12:54.225 [http-nio-8080-exec-43] INFO  com.practice.flashsale.common.aspect.ApiOperationLogAspect - ====== 请求开始：[秒杀下单], 入参：{"activityId":1,"goodsId":1}, 请求类：OrderController, 请求方法：doSeckill =================================== 
2026-10-08 17:12:54.225 [http-nio-8080-exec-96] INFO  com.practice.flashsale.common.aspect.ApiOperationLogAspect - ====== 请求开始：[秒杀下单], 入参：{"activityId":1,"goodsId":1}, 请求类：OrderController, 请求方法：doSeckill =================================== 
2026-10-08 17:12:54.225 [http-nio-8080-exec-8] INFO  com.practice.flashsale.common.aspect.ApiOperationLogAspect - ====== 请求开始：[秒杀下单], 入参：{"activityId":1,"goodsId":1}, 请求类：OrderController, 请求方法：doSeckill =================================== 
2026-10-08 17:12:54.227 [http-nio-8080-exec-66] INFO  com.practice.flashsale.common.aspect.ApiOperationLogAspect - ====== 请求开始：[秒杀下单], 入参：{"activityId":1,"goodsId":1}, 请求类：OrderController, 请求方法：doSeckill =================================== 
2026-10-08 17:12:54.227 [http-nio-8080-exec-7] INFO  com.practice.flashsale.common.aspect.ApiOperationLogAspect - ====== 请求开始：[秒杀下单], 入参：{"activityId":1,"goodsId":1}, 请求类：OrderController, 请求方法：doSeckill =================================== 
2026-10-08 17:12:54.229 [http-nio-8080-exec-29] INFO  com.practice.flashsale.common.aspect.ApiOperationLogAspect - ====== 请求开始：[秒杀下单], 入参：{"activityId":1,"goodsId":1}, 请求类：OrderController, 请求方法：doSeckill =================================== 
2026-10-08 17:12:54.229 [http-nio-8080-exec-7] INFO  com.practice.flashsale.order.service.impl.OrderServiceImpl - ==> 当前登录用户 ID：34
2026-10-08 17:12:54.230 [http-nio-8080-exec-43] INFO  com.practice.flashsale.order.service.impl.OrderServiceImpl - ==> 当前登录用户 ID：29
2026-10-08 17:12:54.230 [http-nio-8080-exec-14] INFO  com.practice.flashsale.common.aspect.ApiOperationLogAspect - ====== 请求开始：[秒杀下单], 入参：{"activityId":1,"goodsId":1}, 请求类：OrderController, 请求方法：doSeckill =================================== 
2026-10-08 17:12:54.230 [http-nio-8080-exec-55] INFO  com.practice.flashsale.common.aspect.ApiOperationLogAspect - ====== 请求开始：[秒杀下单], 入参：{"activityId":1,"goodsId":1}, 请求类：OrderController, 请求方法：doSeckill =================================== 
2026-10-08 17:12:54.236 [http-nio-8080-exec-34] INFO  com.practice.flashsale.common.aspect.ApiOperationLogAspect - ====== 请求开始：[秒杀下单], 入参：{"activityId":1,"goodsId":1}, 请求类：OrderController, 请求方法：doSeckill =================================== 
2026-10-08 17:12:54.239 [http-nio-8080-exec-64] INFO  com.practice.flashsale.common.aspect.ApiOperationLogAspect - ====== 请求开始：[秒杀下单], 入参：{"activityId":1,"goodsId":1}, 请求类：OrderController, 请求方法：doSeckill =================================== 
2026-10-08 17:12:54.239 [http-nio-8080-exec-59] INFO  com.practice.flashsale.common.aspect.ApiOperationLogAspect - ====== 请求开始：[秒杀下单], 入参：{"activityId":1,"goodsId":1}, 请求类：OrderController, 请求方法：doSeckill =================================== 
2026-10-08 17:12:54.239 [http-nio-8080-exec-98] INFO  com.practice.flashsale.common.aspect.ApiOperationLogAspect - ====== 请求开始：[秒杀下单], 入参：{"activityId":1,"goodsId":1}, 请求类：OrderController, 请求方法：doSeckill =================================== 
2026-10-08 17:12:54.239 [http-nio-8080-exec-69] INFO  com.practice.flashsale.common.aspect.ApiOperationLogAspect - ====== 请求开始：[秒杀下单], 入参：{"activityId":1,"goodsId":1}, 请求类：OrderController, 请求方法：doSeckill =================================== 
2026-10-08 17:12:54.239 [http-nio-8080-exec-18] INFO  com.practice.flashsale.common.aspect.ApiOperationLogAspect - ====== 请求开始：[秒杀下单], 入参：{"activityId":1,"goodsId":1}, 请求类：OrderController, 请求方法：doSeckill =================================== 
2026-10-08 17:12:54.240 [http-nio-8080-exec-32] INFO  com.practice.flashsale.common.aspect.ApiOperationLogAspect - ====== 请求开始：[秒杀下单], 入参：{"activityId":1,"goodsId":1}, 请求类：OrderController, 请求方法：doSeckill =================================== 
2026-10-08 17:12:54.241 [http-nio-8080-exec-20] INFO  com.practice.flashsale.common.aspect.ApiOperationLogAspect - ====== 请求开始：[秒杀下单], 入参：{"activityId":1,"goodsId":1}, 请求类：OrderController, 请求方法：doSeckill =================================== 
2026-10-08 17:12:54.241 [http-nio-8080-exec-100] INFO  com.practice.flashsale.common.aspect.ApiOperationLogAspect - ====== 请求开始：[秒杀下单], 入参：{"activityId":1,"goodsId":1}, 请求类：OrderController, 请求方法：doSeckill =================================== 
2026-10-08 17:12:54.245 [http-nio-8080-exec-84] INFO  com.practice.flashsale.common.aspect.ApiOperationLogAspect - ====== 请求开始：[秒杀下单], 入参：{"activityId":1,"goodsId":1}, 请求类：OrderController, 请求方法：doSeckill =================================== 
2026-10-08 17:12:54.246 [http-nio-8080-exec-87] INFO  com.practice.flashsale.common.aspect.ApiOperationLogAspect - ====== 请求开始：[秒杀下单], 入参：{"activityId":1,"goodsId":1}, 请求类：OrderController, 请求方法：doSeckill =================================== 
2026-10-08 17:12:54.246 [http-nio-8080-exec-49] INFO  com.practice.flashsale.common.aspect.ApiOperationLogAspect - ====== 请求开始：[秒杀下单], 入参：{"activityId":1,"goodsId":1}, 请求类：OrderController, 请求方法：doSeckill =================================== 
2026-10-08 17:12:54.247 [http-nio-8080-exec-97] INFO  com.practice.flashsale.common.aspect.ApiOperationLogAspect - ====== 请求开始：[秒杀下单], 入参：{"activityId":1,"goodsId":1}, 请求类：OrderController, 请求方法：doSeckill =================================== 
2026-10-08 17:12:54.247 [http-nio-8080-exec-28] INFO  com.practice.flashsale.common.aspect.ApiOperationLogAspect - ====== 请求开始：[秒杀下单], 入参：{"activityId":1,"goodsId":1}, 请求类：OrderController, 请求方法：doSeckill =================================== 
2026-10-08 17:12:54.247 [http-nio-8080-exec-15] INFO  com.practice.flashsale.common.aspect.ApiOperationLogAspect - ====== 请求开始：[秒杀下单], 入参：{"activityId":1,"goodsId":1}, 请求类：OrderController, 请求方法：doSeckill =================================== 
2026-10-08 17:12:54.253 [http-nio-8080-exec-48] INFO  com.practice.flashsale.common.aspect.ApiOperationLogAspect - ====== 请求开始：[秒杀下单], 入参：{"activityId":1,"goodsId":1}, 请求类：OrderController, 请求方法：doSeckill =================================== 
2026-10-08 17:12:54.253 [http-nio-8080-exec-17] INFO  com.practice.flashsale.common.aspect.ApiOperationLogAspect - ====== 请求开始：[秒杀下单], 入参：{"activityId":1,"goodsId":1}, 请求类：OrderController, 请求方法：doSeckill =================================== 
2026-10-08 17:12:54.253 [http-nio-8080-exec-85] INFO  com.practice.flashsale.common.aspect.ApiOperationLogAspect - ====== 请求开始：[秒杀下单], 入参：{"activityId":1,"goodsId":1}, 请求类：OrderController, 请求方法：doSeckill =================================== 
2026-10-08 17:12:54.254 [http-nio-8080-exec-57] INFO  com.practice.flashsale.common.aspect.ApiOperationLogAspect - ====== 请求开始：[秒杀下单], 入参：{"activityId":1,"goodsId":1}, 请求类：OrderController, 请求方法：doSeckill =================================== 
2026-10-08 17:12:54.255 [http-nio-8080-exec-21] INFO  com.practice.flashsale.common.aspect.ApiOperationLogAspect - ====== 请求开始：[秒杀下单], 入参：{"activityId":1,"goodsId":1}, 请求类：OrderController, 请求方法：doSeckill =================================== 
2026-10-08 17:12:54.256 [http-nio-8080-exec-39] INFO  com.practice.flashsale.common.aspect.ApiOperationLogAspect - ====== 请求开始：[秒杀下单], 入参：{"activityId":1,"goodsId":1}, 请求类：OrderController, 请求方法：doSeckill =================================== 
2026-10-08 17:12:54.256 [http-nio-8080-exec-61] INFO  com.practice.flashsale.common.aspect.ApiOperationLogAspect - ====== 请求开始：[秒杀下单], 入参：{"activityId":1,"goodsId":1}, 请求类：OrderController, 请求方法：doSeckill =================================== 
2026-10-08 17:12:54.256 [http-nio-8080-exec-50] INFO  com.practice.flashsale.common.aspect.ApiOperationLogAspect - ====== 请求开始：[秒杀下单], 入参：{"activityId":1,"goodsId":1}, 请求类：OrderController, 请求方法：doSeckill =================================== 
2026-10-08 17:12:54.256 [http-nio-8080-exec-78] INFO  com.practice.flashsale.common.aspect.ApiOperationLogAspect - ====== 请求开始：[秒杀下单], 入参：{"activityId":1,"goodsId":1}, 请求类：OrderController, 请求方法：doSeckill =================================== 
2026-10-08 17:12:54.256 [http-nio-8080-exec-58] INFO  com.practice.flashsale.common.aspect.ApiOperationLogAspect - ====== 请求开始：[秒杀下单], 入参：{"activityId":1,"goodsId":1}, 请求类：OrderController, 请求方法：doSeckill =================================== 
2026-10-08 17:12:54.256 [http-nio-8080-exec-25] INFO  com.practice.flashsale.common.aspect.ApiOperationLogAspect - ====== 请求开始：[秒杀下单], 入参：{"activityId":1,"goodsId":1}, 请求类：OrderController, 请求方法：doSeckill =================================== 
2026-10-08 17:12:54.258 [http-nio-8080-exec-77] INFO  com.practice.flashsale.common.aspect.ApiOperationLogAspect - ====== 请求开始：[秒杀下单], 入参：{"activityId":1,"goodsId":1}, 请求类：OrderController, 请求方法：doSeckill =================================== 
2026-10-08 17:12:54.258 [http-nio-8080-exec-74] INFO  com.practice.flashsale.common.aspect.ApiOperationLogAspect - ====== 请求开始：[秒杀下单], 入参：{"activityId":1,"goodsId":1}, 请求类：OrderController, 请求方法：doSeckill =================================== 
2026-10-08 17:12:54.258 [http-nio-8080-exec-73] INFO  com.practice.flashsale.common.aspect.ApiOperationLogAspect - ====== 请求开始：[秒杀下单], 入参：{"activityId":1,"goodsId":1}, 请求类：OrderController, 请求方法：doSeckill =================================== 
2026-10-08 17:12:54.262 [http-nio-8080-exec-31] INFO  com.practice.flashsale.common.aspect.ApiOperationLogAspect - ====== 请求开始：[秒杀下单], 入参：{"activityId":1,"goodsId":1}, 请求类：OrderController, 请求方法：doSeckill =================================== 
2026-10-08 17:12:54.262 [http-nio-8080-exec-92] INFO  com.practice.flashsale.common.aspect.ApiOperationLogAspect - ====== 请求开始：[秒杀下单], 入参：{"activityId":1,"goodsId":1}, 请求类：OrderController, 请求方法：doSeckill =================================== 
2026-10-08 17:12:54.262 [http-nio-8080-exec-99] INFO  com.practice.flashsale.common.aspect.ApiOperationLogAspect - ====== 请求开始：[秒杀下单], 入参：{"activityId":1,"goodsId":1}, 请求类：OrderController, 请求方法：doSeckill =================================== 
2026-10-08 17:12:54.265 [http-nio-8080-exec-86] INFO  com.practice.flashsale.common.aspect.ApiOperationLogAspect - ====== 请求开始：[秒杀下单], 入参：{"activityId":1,"goodsId":1}, 请求类：OrderController, 请求方法：doSeckill =================================== 
2026-10-08 17:12:54.266 [http-nio-8080-exec-24] INFO  com.practice.flashsale.common.aspect.ApiOperationLogAspect - ====== 请求开始：[秒杀下单], 入参：{"activityId":1,"goodsId":1}, 请求类：OrderController, 请求方法：doSeckill =================================== 
2026-10-08 17:12:54.266 [http-nio-8080-exec-45] INFO  com.practice.flashsale.common.aspect.ApiOperationLogAspect - ====== 请求开始：[秒杀下单], 入参：{"activityId":1,"goodsId":1}, 请求类：OrderController, 请求方法：doSeckill =================================== 
2026-10-08 17:12:54.266 [http-nio-8080-exec-12] INFO  com.practice.flashsale.common.aspect.ApiOperationLogAspect - ====== 请求开始：[秒杀下单], 入参：{"activityId":1,"goodsId":1}, 请求类：OrderController, 请求方法：doSeckill =================================== 
2026-10-08 17:12:54.267 [http-nio-8080-exec-5] INFO  com.practice.flashsale.common.aspect.ApiOperationLogAspect - ====== 请求开始：[秒杀下单], 入参：{"activityId":1,"goodsId":1}, 请求类：OrderController, 请求方法：doSeckill =================================== 
2026-10-08 17:12:54.270 [http-nio-8080-exec-33] INFO  com.practice.flashsale.common.aspect.ApiOperationLogAspect - ====== 请求开始：[秒杀下单], 入参：{"activityId":1,"goodsId":1}, 请求类：OrderController, 请求方法：doSeckill =================================== 
2026-10-08 17:12:54.270 [http-nio-8080-exec-26] INFO  com.practice.flashsale.common.aspect.ApiOperationLogAspect - ====== 请求开始：[秒杀下单], 入参：{"activityId":1,"goodsId":1}, 请求类：OrderController, 请求方法：doSeckill =================================== 
2026-10-08 17:12:54.270 [http-nio-8080-exec-13] INFO  com.practice.flashsale.common.aspect.ApiOperationLogAspect - ====== 请求开始：[秒杀下单], 入参：{"activityId":1,"goodsId":1}, 请求类：OrderController, 请求方法：doSeckill =================================== 
2026-10-08 17:12:54.271 [http-nio-8080-exec-95] INFO  com.practice.flashsale.common.aspect.ApiOperationLogAspect - ====== 请求开始：[秒杀下单], 入参：{"activityId":1,"goodsId":1}, 请求类：OrderController, 请求方法：doSeckill =================================== 
2026-10-08 17:12:54.273 [http-nio-8080-exec-68] INFO  com.practice.flashsale.common.aspect.ApiOperationLogAspect - ====== 请求开始：[秒杀下单], 入参：{"activityId":1,"goodsId":1}, 请求类：OrderController, 请求方法：doSeckill =================================== 
2026-10-08 17:12:54.273 [http-nio-8080-exec-16] INFO  com.practice.flashsale.common.aspect.ApiOperationLogAspect - ====== 请求开始：[秒杀下单], 入参：{"activityId":1,"goodsId":1}, 请求类：OrderController, 请求方法：doSeckill =================================== 
2026-10-08 17:12:54.273 [http-nio-8080-exec-80] INFO  com.practice.flashsale.common.aspect.ApiOperationLogAspect - ====== 请求开始：[秒杀下单], 入参：{"activityId":1,"goodsId":1}, 请求类：OrderController, 请求方法：doSeckill =================================== 
2026-10-08 17:12:54.273 [http-nio-8080-exec-52] INFO  com.practice.flashsale.common.aspect.ApiOperationLogAspect - ====== 请求开始：[秒杀下单], 入参：{"activityId":1,"goodsId":1}, 请求类：OrderController, 请求方法：doSeckill =================================== 
2026-10-08 17:12:54.273 [http-nio-8080-exec-83] INFO  com.practice.flashsale.common.aspect.ApiOperationLogAspect - ====== 请求开始：[秒杀下单], 入参：{"activityId":1,"goodsId":1}, 请求类：OrderController, 请求方法：doSeckill =================================== 
2026-10-08 17:12:54.273 [http-nio-8080-exec-75] INFO  com.practice.flashsale.common.aspect.ApiOperationLogAspect - ====== 请求开始：[秒杀下单], 入参：{"activityId":1,"goodsId":1}, 请求类：OrderController, 请求方法：doSeckill =================================== 
2026-10-08 17:12:54.282 [http-nio-8080-exec-47] INFO  com.practice.flashsale.common.aspect.ApiOperationLogAspect - ====== 请求开始：[秒杀下单], 入参：{"activityId":1,"goodsId":1}, 请求类：OrderController, 请求方法：doSeckill =================================== 
2026-10-08 17:12:54.282 [http-nio-8080-exec-35] INFO  com.practice.flashsale.common.aspect.ApiOperationLogAspect - ====== 请求开始：[秒杀下单], 入参：{"activityId":1,"goodsId":1}, 请求类：OrderController, 请求方法：doSeckill =================================== 
2026-10-08 17:12:54.282 [http-nio-8080-exec-79] INFO  com.practice.flashsale.common.aspect.ApiOperationLogAspect - ====== 请求开始：[秒杀下单], 入参：{"activityId":1,"goodsId":1}, 请求类：OrderController, 请求方法：doSeckill =================================== 
2026-10-08 17:12:54.282 [http-nio-8080-exec-3] INFO  com.practice.flashsale.common.aspect.ApiOperationLogAspect - ====== 请求开始：[秒杀下单], 入参：{"activityId":1,"goodsId":1}, 请求类：OrderController, 请求方法：doSeckill =================================== 
2026-10-08 17:12:54.282 [http-nio-8080-exec-27] INFO  com.practice.flashsale.common.aspect.ApiOperationLogAspect - ====== 请求开始：[秒杀下单], 入参：{"activityId":1,"goodsId":1}, 请求类：OrderController, 请求方法：doSeckill =================================== 
2026-10-08 17:12:54.282 [http-nio-8080-exec-4] INFO  com.practice.flashsale.common.aspect.ApiOperationLogAspect - ====== 请求开始：[秒杀下单], 入参：{"activityId":1,"goodsId":1}, 请求类：OrderController, 请求方法：doSeckill =================================== 
2026-10-08 17:12:54.282 [http-nio-8080-exec-91] INFO  com.practice.flashsale.common.aspect.ApiOperationLogAspect - ====== 请求开始：[秒杀下单], 入参：{"activityId":1,"goodsId":1}, 请求类：OrderController, 请求方法：doSeckill =================================== 
2026-10-08 17:12:54.284 [http-nio-8080-exec-41] INFO  com.practice.flashsale.common.aspect.ApiOperationLogAspect - ====== 请求开始：[秒杀下单], 入参：{"activityId":1,"goodsId":1}, 请求类：OrderController, 请求方法：doSeckill =================================== 
2026-10-08 17:12:54.284 [http-nio-8080-exec-6] INFO  com.practice.flashsale.common.aspect.ApiOperationLogAspect - ====== 请求开始：[秒杀下单], 入参：{"activityId":1,"goodsId":1}, 请求类：OrderController, 请求方法：doSeckill =================================== 
2026-10-08 17:12:54.286 [http-nio-8080-exec-37] INFO  com.practice.flashsale.common.aspect.ApiOperationLogAspect - ====== 请求开始：[秒杀下单], 入参：{"activityId":1,"goodsId":1}, 请求类：OrderController, 请求方法：doSeckill =================================== 
2026-10-08 17:12:54.286 [http-nio-8080-exec-65] INFO  com.practice.flashsale.common.aspect.ApiOperationLogAspect - ====== 请求开始：[秒杀下单], 入参：{"activityId":1,"goodsId":1}, 请求类：OrderController, 请求方法：doSeckill =================================== 
2026-10-08 17:12:54.286 [http-nio-8080-exec-89] INFO  com.practice.flashsale.common.aspect.ApiOperationLogAspect - ====== 请求开始：[秒杀下单], 入参：{"activityId":1,"goodsId":1}, 请求类：OrderController, 请求方法：doSeckill =================================== 
2026-10-08 17:12:54.286 [http-nio-8080-exec-63] INFO  com.practice.flashsale.common.aspect.ApiOperationLogAspect - ====== 请求开始：[秒杀下单], 入参：{"activityId":1,"goodsId":1}, 请求类：OrderController, 请求方法：doSeckill =================================== 
2026-10-08 17:12:54.287 [http-nio-8080-exec-88] INFO  com.practice.flashsale.common.aspect.ApiOperationLogAspect - ====== 请求开始：[秒杀下单], 入参：{"activityId":1,"goodsId":1}, 请求类：OrderController, 请求方法：doSeckill =================================== 
2026-10-08 17:12:54.288 [http-nio-8080-exec-94] INFO  com.practice.flashsale.common.aspect.ApiOperationLogAspect - ====== 请求开始：[秒杀下单], 入参：{"activityId":1,"goodsId":1}, 请求类：OrderController, 请求方法：doSeckill =================================== 
2026-10-08 17:12:54.289 [http-nio-8080-exec-53] INFO  com.practice.flashsale.common.aspect.ApiOperationLogAspect - ====== 请求开始：[秒杀下单], 入参：{"activityId":1,"goodsId":1}, 请求类：OrderController, 请求方法：doSeckill =================================== 
2026-10-08 17:12:54.289 [http-nio-8080-exec-2] INFO  com.practice.flashsale.common.aspect.ApiOperationLogAspect - ====== 请求开始：[秒杀下单], 入参：{"activityId":1,"goodsId":1}, 请求类：OrderController, 请求方法：doSeckill =================================== 
2026-10-08 17:12:54.289 [http-nio-8080-exec-30] INFO  com.practice.flashsale.common.aspect.ApiOperationLogAspect - ====== 请求开始：[秒杀下单], 入参：{"activityId":1,"goodsId":1}, 请求类：OrderController, 请求方法：doSeckill =================================== 
2026-10-08 17:12:54.292 [http-nio-8080-exec-8] INFO  com.practice.flashsale.order.service.impl.OrderServiceImpl - ==> 当前登录用户 ID：33
2026-10-08 17:12:54.292 [http-nio-8080-exec-1] INFO  com.practice.flashsale.common.aspect.ApiOperationLogAspect - ====== 请求开始：[秒杀下单], 入参：{"activityId":1,"goodsId":1}, 请求类：OrderController, 请求方法：doSeckill =================================== 
2026-10-08 17:12:54.292 [http-nio-8080-exec-11] INFO  com.practice.flashsale.common.aspect.ApiOperationLogAspect - ====== 请求开始：[秒杀下单], 入参：{"activityId":1,"goodsId":1}, 请求类：OrderController, 请求方法：doSeckill =================================== 
2026-10-08 17:12:54.337 [http-nio-8080-exec-66] INFO  com.practice.flashsale.order.service.impl.OrderServiceImpl - ==> 当前登录用户 ID：35
2026-10-08 17:12:54.377 [http-nio-8080-exec-62] WARN  com.practice.flashsale.order.service.impl.OrderServiceImpl - ==> 重复下单, userId：9, activityId：1, goodsId：1
2026-10-08 17:12:54.383 [http-nio-8080-exec-29] INFO  com.practice.flashsale.order.service.impl.OrderServiceImpl - ==> 当前登录用户 ID：37
2026-10-08 17:12:54.383 [http-nio-8080-exec-14] INFO  com.practice.flashsale.order.service.impl.OrderServiceImpl - ==> 当前登录用户 ID：38
2026-10-08 17:12:54.383 [http-nio-8080-exec-90] WARN  com.practice.flashsale.order.service.impl.OrderServiceImpl - ==> 重复下单, userId：12, activityId：1, goodsId：1
2026-10-08 17:12:54.386 [http-nio-8080-exec-62] WARN  com.practice.flashsale.common.exception.GlobalExceptionHandler - /seckill/order request fail, errorCode: 40004, errorMessage: 您已参与过此商品的秒杀
2026-10-08 17:12:54.386 [http-nio-8080-exec-19] WARN  com.practice.flashsale.order.service.impl.OrderServiceImpl - ==> 重复下单, userId：7, activityId：1, goodsId：1
2026-10-08 17:12:54.386 [http-nio-8080-exec-90] WARN  com.practice.flashsale.common.exception.GlobalExceptionHandler - /seckill/order request fail, errorCode: 40004, errorMessage: 您已参与过此商品的秒杀
2026-10-08 17:12:54.387 [http-nio-8080-exec-55] INFO  com.practice.flashsale.order.service.impl.OrderServiceImpl - ==> 当前登录用户 ID：32
2026-10-08 17:12:54.389 [http-nio-8080-exec-19] WARN  com.practice.flashsale.common.exception.GlobalExceptionHandler - /seckill/order request fail, errorCode: 40004, errorMessage: 您已参与过此商品的秒杀
2026-10-08 17:12:54.389 [http-nio-8080-exec-82] WARN  com.practice.flashsale.order.service.impl.OrderServiceImpl - ==> 重复下单, userId：18, activityId：1, goodsId：1
2026-10-08 17:12:54.390 [http-nio-8080-exec-96] INFO  com.practice.flashsale.order.service.impl.OrderServiceImpl - ==> 当前登录用户 ID：36
2026-10-08 17:12:54.392 [http-nio-8080-exec-82] WARN  com.practice.flashsale.common.exception.GlobalExceptionHandler - /seckill/order request fail, errorCode: 40004, errorMessage: 您已参与过此商品的秒杀
2026-10-08 17:12:54.392 [http-nio-8080-exec-54] WARN  com.practice.flashsale.order.service.impl.OrderServiceImpl - ==> 重复下单, userId：13, activityId：1, goodsId：1
2026-10-08 17:12:54.393 [http-nio-8080-exec-34] INFO  com.practice.flashsale.order.service.impl.OrderServiceImpl - ==> 当前登录用户 ID：39
2026-10-08 17:12:54.396 [http-nio-8080-exec-54] WARN  com.practice.flashsale.common.exception.GlobalExceptionHandler - /seckill/order request fail, errorCode: 40004, errorMessage: 您已参与过此商品的秒杀
2026-10-08 17:12:54.396 [http-nio-8080-exec-60] WARN  com.practice.flashsale.order.service.impl.OrderServiceImpl - ==> 重复下单, userId：21, activityId：1, goodsId：1
2026-10-08 17:12:54.397 [http-nio-8080-exec-64] INFO  com.practice.flashsale.order.service.impl.OrderServiceImpl - ==> 当前登录用户 ID：40
2026-10-08 17:12:54.398 [http-nio-8080-exec-60] WARN  com.practice.flashsale.common.exception.GlobalExceptionHandler - /seckill/order request fail, errorCode: 40004, errorMessage: 您已参与过此商品的秒杀
2026-10-08 17:12:54.399 [http-nio-8080-exec-70] WARN  com.practice.flashsale.order.service.impl.OrderServiceImpl - ==> 重复下单, userId：10, activityId：1, goodsId：1
2026-10-08 17:12:54.400 [http-nio-8080-exec-59] INFO  com.practice.flashsale.order.service.impl.OrderServiceImpl - ==> 当前登录用户 ID：43
2026-10-08 17:12:54.403 [http-nio-8080-exec-56] WARN  com.practice.flashsale.order.service.impl.OrderServiceImpl - ==> 重复下单, userId：20, activityId：1, goodsId：1
2026-10-08 17:12:54.403 [http-nio-8080-exec-70] WARN  com.practice.flashsale.common.exception.GlobalExceptionHandler - /seckill/order request fail, errorCode: 40004, errorMessage: 您已参与过此商品的秒杀
2026-10-08 17:12:54.406 [http-nio-8080-exec-69] INFO  com.practice.flashsale.order.service.impl.OrderServiceImpl - ==> 当前登录用户 ID：42
2026-10-08 17:12:54.406 [http-nio-8080-exec-56] WARN  com.practice.flashsale.common.exception.GlobalExceptionHandler - /seckill/order request fail, errorCode: 40004, errorMessage: 您已参与过此商品的秒杀
2026-10-08 17:12:54.407 [http-nio-8080-exec-46] WARN  com.practice.flashsale.order.service.impl.OrderServiceImpl - ==> 重复下单, userId：19, activityId：1, goodsId：1
2026-10-08 17:12:54.408 [http-nio-8080-exec-18] INFO  com.practice.flashsale.order.service.impl.OrderServiceImpl - ==> 当前登录用户 ID：41
2026-10-08 17:12:54.410 [http-nio-8080-exec-46] WARN  com.practice.flashsale.common.exception.GlobalExceptionHandler - /seckill/order request fail, errorCode: 40004, errorMessage: 您已参与过此商品的秒杀
2026-10-08 17:12:54.410 [http-nio-8080-exec-76] WARN  com.practice.flashsale.order.service.impl.OrderServiceImpl - ==> 重复下单, userId：8, activityId：1, goodsId：1
2026-10-08 17:12:54.411 [http-nio-8080-exec-98] INFO  com.practice.flashsale.order.service.impl.OrderServiceImpl - ==> 当前登录用户 ID：44
2026-10-08 17:12:54.413 [http-nio-8080-exec-76] WARN  com.practice.flashsale.common.exception.GlobalExceptionHandler - /seckill/order request fail, errorCode: 40004, errorMessage: 您已参与过此商品的秒杀
2026-10-08 17:12:54.414 [http-nio-8080-exec-23] WARN  com.practice.flashsale.order.service.impl.OrderServiceImpl - ==> 重复下单, userId：14, activityId：1, goodsId：1
2026-10-08 17:12:54.414 [http-nio-8080-exec-32] INFO  com.practice.flashsale.order.service.impl.OrderServiceImpl - ==> 当前登录用户 ID：47
2026-10-08 17:12:54.416 [http-nio-8080-exec-23] WARN  com.practice.flashsale.common.exception.GlobalExceptionHandler - /seckill/order request fail, errorCode: 40004, errorMessage: 您已参与过此商品的秒杀
2026-10-08 17:12:54.417 [http-nio-8080-exec-44] WARN  com.practice.flashsale.order.service.impl.OrderServiceImpl - ==> 重复下单, userId：23, activityId：1, goodsId：1
2026-10-08 17:12:54.418 [http-nio-8080-exec-20] INFO  com.practice.flashsale.order.service.impl.OrderServiceImpl - ==> 当前登录用户 ID：45
2026-10-08 17:12:54.420 [http-nio-8080-exec-44] WARN  com.practice.flashsale.common.exception.GlobalExceptionHandler - /seckill/order request fail, errorCode: 40004, errorMessage: 您已参与过此商品的秒杀
2026-10-08 17:12:54.421 [http-nio-8080-exec-42] WARN  com.practice.flashsale.order.service.impl.OrderServiceImpl - ==> 重复下单, userId：17, activityId：1, goodsId：1
2026-10-08 17:12:54.421 [http-nio-8080-exec-100] INFO  com.practice.flashsale.order.service.impl.OrderServiceImpl - ==> 当前登录用户 ID：46
2026-10-08 17:12:54.424 [http-nio-8080-exec-42] WARN  com.practice.flashsale.common.exception.GlobalExceptionHandler - /seckill/order request fail, errorCode: 40004, errorMessage: 您已参与过此商品的秒杀
2026-10-08 17:12:54.424 [http-nio-8080-exec-38] WARN  com.practice.flashsale.order.service.impl.OrderServiceImpl - ==> 重复下单, userId：6, activityId：1, goodsId：1
2026-10-08 17:12:54.425 [http-nio-8080-exec-84] INFO  com.practice.flashsale.order.service.impl.OrderServiceImpl - ==> 当前登录用户 ID：52
2026-10-08 17:12:54.427 [http-nio-8080-exec-38] WARN  com.practice.flashsale.common.exception.GlobalExceptionHandler - /seckill/order request fail, errorCode: 40004, errorMessage: 您已参与过此商品的秒杀
2026-10-08 17:12:54.429 [http-nio-8080-exec-87] INFO  com.practice.flashsale.order.service.impl.OrderServiceImpl - ==> 当前登录用户 ID：56
2026-10-08 17:12:54.429 [http-nio-8080-exec-51] WARN  com.practice.flashsale.order.service.impl.OrderServiceImpl - ==> 重复下单, userId：15, activityId：1, goodsId：1
2026-10-08 17:12:54.433 [http-nio-8080-exec-40] WARN  com.practice.flashsale.order.service.impl.OrderServiceImpl - ==> 重复下单, userId：24, activityId：1, goodsId：1
2026-10-08 17:12:54.434 [http-nio-8080-exec-49] INFO  com.practice.flashsale.order.service.impl.OrderServiceImpl - ==> 当前登录用户 ID：54
2026-10-08 17:12:54.437 [http-nio-8080-exec-81] WARN  com.practice.flashsale.order.service.impl.OrderServiceImpl - ==> 重复下单, userId：11, activityId：1, goodsId：1
2026-10-08 17:12:54.440 [http-nio-8080-exec-67] WARN  com.practice.flashsale.order.service.impl.OrderServiceImpl - ==> 重复下单, userId：22, activityId：1, goodsId：1
2026-10-08 17:12:54.441 [http-nio-8080-exec-51] WARN  com.practice.flashsale.common.exception.GlobalExceptionHandler - /seckill/order request fail, errorCode: 40004, errorMessage: 您已参与过此商品的秒杀
2026-10-08 17:12:54.442 [http-nio-8080-exec-28] INFO  com.practice.flashsale.order.service.impl.OrderServiceImpl - ==> 当前登录用户 ID：49
2026-10-08 17:12:54.442 [http-nio-8080-exec-67] WARN  com.practice.flashsale.common.exception.GlobalExceptionHandler - /seckill/order request fail, errorCode: 40004, errorMessage: 您已参与过此商品的秒杀
2026-10-08 17:12:54.443 [http-nio-8080-exec-97] INFO  com.practice.flashsale.order.service.impl.OrderServiceImpl - ==> 当前登录用户 ID：50
2026-10-08 17:12:54.444 [http-nio-8080-exec-36] WARN  com.practice.flashsale.order.service.impl.OrderServiceImpl - ==> 重复下单, userId：25, activityId：1, goodsId：1
2026-10-08 17:12:54.446 [http-nio-8080-exec-36] WARN  com.practice.flashsale.common.exception.GlobalExceptionHandler - /seckill/order request fail, errorCode: 40004, errorMessage: 您已参与过此商品的秒杀
2026-10-08 17:12:54.447 [http-nio-8080-exec-10] WARN  com.practice.flashsale.order.service.impl.OrderServiceImpl - ==> 重复下单, userId：16, activityId：1, goodsId：1
2026-10-08 17:12:54.447 [http-nio-8080-exec-15] INFO  com.practice.flashsale.order.service.impl.OrderServiceImpl - ==> 当前登录用户 ID：55
2026-10-08 17:12:54.449 [http-nio-8080-exec-10] WARN  com.practice.flashsale.common.exception.GlobalExceptionHandler - /seckill/order request fail, errorCode: 40004, errorMessage: 您已参与过此商品的秒杀
2026-10-08 17:12:54.450 [http-nio-8080-exec-22] WARN  com.practice.flashsale.order.service.impl.OrderServiceImpl - ==> 重复下单, userId：28, activityId：1, goodsId：1
2026-10-08 17:12:54.450 [http-nio-8080-exec-48] INFO  com.practice.flashsale.order.service.impl.OrderServiceImpl - ==> 当前登录用户 ID：58
2026-10-08 17:12:54.452 [http-nio-8080-exec-22] WARN  com.practice.flashsale.common.exception.GlobalExceptionHandler - /seckill/order request fail, errorCode: 40004, errorMessage: 您已参与过此商品的秒杀
2026-10-08 17:12:54.453 [http-nio-8080-exec-17] INFO  com.practice.flashsale.order.service.impl.OrderServiceImpl - ==> 当前登录用户 ID：57
2026-10-08 17:12:54.454 [http-nio-8080-exec-93] WARN  com.practice.flashsale.order.service.impl.OrderServiceImpl - ==> 重复下单, userId：31, activityId：1, goodsId：1
2026-10-08 17:12:54.456 [http-nio-8080-exec-81] WARN  com.practice.flashsale.common.exception.GlobalExceptionHandler - /seckill/order request fail, errorCode: 40004, errorMessage: 您已参与过此商品的秒杀
2026-10-08 17:12:54.456 [http-nio-8080-exec-40] WARN  com.practice.flashsale.common.exception.GlobalExceptionHandler - /seckill/order request fail, errorCode: 40004, errorMessage: 您已参与过此商品的秒杀
2026-10-08 17:12:54.456 [http-nio-8080-exec-93] WARN  com.practice.flashsale.common.exception.GlobalExceptionHandler - /seckill/order request fail, errorCode: 40004, errorMessage: 您已参与过此商品的秒杀
2026-10-08 17:12:54.457 [http-nio-8080-exec-85] INFO  com.practice.flashsale.order.service.impl.OrderServiceImpl - ==> 当前登录用户 ID：60
2026-10-08 17:12:54.458 [http-nio-8080-exec-72] WARN  com.practice.flashsale.order.service.impl.OrderServiceImpl - ==> 重复下单, userId：30, activityId：1, goodsId：1
2026-10-08 17:12:54.458 [http-nio-8080-exec-57] INFO  com.practice.flashsale.order.service.impl.OrderServiceImpl - ==> 当前登录用户 ID：59
2026-10-08 17:12:54.459 [http-nio-8080-exec-21] INFO  com.practice.flashsale.order.service.impl.OrderServiceImpl - ==> 当前登录用户 ID：66
2026-10-08 17:12:54.460 [http-nio-8080-exec-72] WARN  com.practice.flashsale.common.exception.GlobalExceptionHandler - /seckill/order request fail, errorCode: 40004, errorMessage: 您已参与过此商品的秒杀
2026-10-08 17:12:54.461 [http-nio-8080-exec-9] WARN  com.practice.flashsale.order.service.impl.OrderServiceImpl - ==> 重复下单, userId：27, activityId：1, goodsId：1
2026-10-08 17:12:54.461 [http-nio-8080-exec-39] INFO  com.practice.flashsale.order.service.impl.OrderServiceImpl - ==> 当前登录用户 ID：64
2026-10-08 17:12:54.464 [http-nio-8080-exec-9] WARN  com.practice.flashsale.common.exception.GlobalExceptionHandler - /seckill/order request fail, errorCode: 40004, errorMessage: 您已参与过此商品的秒杀
2026-10-08 17:12:54.464 [http-nio-8080-exec-71] WARN  com.practice.flashsale.order.service.impl.OrderServiceImpl - ==> 重复下单, userId：26, activityId：1, goodsId：1
2026-10-08 17:12:54.465 [http-nio-8080-exec-61] INFO  com.practice.flashsale.order.service.impl.OrderServiceImpl - ==> 当前登录用户 ID：65
2026-10-08 17:12:54.467 [http-nio-8080-exec-71] WARN  com.practice.flashsale.common.exception.GlobalExceptionHandler - /seckill/order request fail, errorCode: 40004, errorMessage: 您已参与过此商品的秒杀
2026-10-08 17:12:54.467 [http-nio-8080-exec-7] WARN  com.practice.flashsale.order.service.impl.OrderServiceImpl - ==> 重复下单, userId：34, activityId：1, goodsId：1
2026-10-08 17:12:54.468 [http-nio-8080-exec-50] INFO  com.practice.flashsale.order.service.impl.OrderServiceImpl - ==> 当前登录用户 ID：51
2026-10-08 17:12:54.470 [http-nio-8080-exec-7] WARN  com.practice.flashsale.common.exception.GlobalExceptionHandler - /seckill/order request fail, errorCode: 40004, errorMessage: 您已参与过此商品的秒杀
2026-10-08 17:12:54.471 [http-nio-8080-exec-43] WARN  com.practice.flashsale.order.service.impl.OrderServiceImpl - ==> 重复下单, userId：29, activityId：1, goodsId：1
2026-10-08 17:12:54.471 [http-nio-8080-exec-78] INFO  com.practice.flashsale.order.service.impl.OrderServiceImpl - ==> 当前登录用户 ID：68
2026-10-08 17:12:54.473 [http-nio-8080-exec-43] WARN  com.practice.flashsale.common.exception.GlobalExceptionHandler - /seckill/order request fail, errorCode: 40004, errorMessage: 您已参与过此商品的秒杀
2026-10-08 17:12:54.474 [http-nio-8080-exec-8] WARN  com.practice.flashsale.order.service.impl.OrderServiceImpl - ==> 重复下单, userId：33, activityId：1, goodsId：1
2026-10-08 17:12:54.474 [http-nio-8080-exec-58] INFO  com.practice.flashsale.order.service.impl.OrderServiceImpl - ==> 当前登录用户 ID：63
2026-10-08 17:12:54.477 [http-nio-8080-exec-8] WARN  com.practice.flashsale.common.exception.GlobalExceptionHandler - /seckill/order request fail, errorCode: 40004, errorMessage: 您已参与过此商品的秒杀
2026-10-08 17:12:54.478 [http-nio-8080-exec-25] INFO  com.practice.flashsale.order.service.impl.OrderServiceImpl - ==> 当前登录用户 ID：53
2026-10-08 17:12:54.478 [http-nio-8080-exec-77] INFO  com.practice.flashsale.order.service.impl.OrderServiceImpl - ==> 当前登录用户 ID：67
2026-10-08 17:12:54.478 [http-nio-8080-exec-66] WARN  com.practice.flashsale.order.service.impl.OrderServiceImpl - ==> 重复下单, userId：35, activityId：1, goodsId：1
2026-10-08 17:12:54.482 [http-nio-8080-exec-66] WARN  com.practice.flashsale.common.exception.GlobalExceptionHandler - /seckill/order request fail, errorCode: 40004, errorMessage: 您已参与过此商品的秒杀
2026-10-08 17:12:54.482 [http-nio-8080-exec-14] WARN  com.practice.flashsale.order.service.impl.OrderServiceImpl - ==> 重复下单, userId：38, activityId：1, goodsId：1
2026-10-08 17:12:54.483 [http-nio-8080-exec-74] INFO  com.practice.flashsale.order.service.impl.OrderServiceImpl - ==> 当前登录用户 ID：62
2026-10-08 17:12:54.484 [http-nio-8080-exec-14] WARN  com.practice.flashsale.common.exception.GlobalExceptionHandler - /seckill/order request fail, errorCode: 40004, errorMessage: 您已参与过此商品的秒杀
2026-10-08 17:12:54.485 [http-nio-8080-exec-29] WARN  com.practice.flashsale.order.service.impl.OrderServiceImpl - ==> 重复下单, userId：37, activityId：1, goodsId：1
2026-10-08 17:12:54.485 [http-nio-8080-exec-73] INFO  com.practice.flashsale.order.service.impl.OrderServiceImpl - ==> 当前登录用户 ID：61
2026-10-08 17:12:54.488 [http-nio-8080-exec-29] WARN  com.practice.flashsale.common.exception.GlobalExceptionHandler - /seckill/order request fail, errorCode: 40004, errorMessage: 您已参与过此商品的秒杀
2026-10-08 17:12:54.488 [http-nio-8080-exec-55] WARN  com.practice.flashsale.order.service.impl.OrderServiceImpl - ==> 重复下单, userId：32, activityId：1, goodsId：1
2026-10-08 17:12:54.489 [http-nio-8080-exec-92] INFO  com.practice.flashsale.order.service.impl.OrderServiceImpl - ==> 当前登录用户 ID：72
2026-10-08 17:12:54.490 [http-nio-8080-exec-55] WARN  com.practice.flashsale.common.exception.GlobalExceptionHandler - /seckill/order request fail, errorCode: 40004, errorMessage: 您已参与过此商品的秒杀
2026-10-08 17:12:54.491 [http-nio-8080-exec-31] INFO  com.practice.flashsale.order.service.impl.OrderServiceImpl - ==> 当前登录用户 ID：71
2026-10-08 17:12:54.491 [http-nio-8080-exec-96] WARN  com.practice.flashsale.order.service.impl.OrderServiceImpl - ==> 重复下单, userId：36, activityId：1, goodsId：1
2026-10-08 17:12:54.494 [http-nio-8080-exec-96] WARN  com.practice.flashsale.common.exception.GlobalExceptionHandler - /seckill/order request fail, errorCode: 40004, errorMessage: 您已参与过此商品的秒杀
2026-10-08 17:12:54.494 [http-nio-8080-exec-34] WARN  com.practice.flashsale.order.service.impl.OrderServiceImpl - ==> 重复下单, userId：39, activityId：1, goodsId：1
2026-10-08 17:12:54.495 [http-nio-8080-exec-99] INFO  com.practice.flashsale.order.service.impl.OrderServiceImpl - ==> 当前登录用户 ID：69
2026-10-08 17:12:54.497 [http-nio-8080-exec-34] WARN  com.practice.flashsale.common.exception.GlobalExceptionHandler - /seckill/order request fail, errorCode: 40004, errorMessage: 您已参与过此商品的秒杀
2026-10-08 17:12:54.498 [http-nio-8080-exec-86] INFO  com.practice.flashsale.order.service.impl.OrderServiceImpl - ==> 当前登录用户 ID：70
2026-10-08 17:12:54.498 [http-nio-8080-exec-64] WARN  com.practice.flashsale.order.service.impl.OrderServiceImpl - ==> 重复下单, userId：40, activityId：1, goodsId：1
2026-10-08 17:12:54.500 [http-nio-8080-exec-64] WARN  com.practice.flashsale.common.exception.GlobalExceptionHandler - /seckill/order request fail, errorCode: 40004, errorMessage: 您已参与过此商品的秒杀
2026-10-08 17:12:54.501 [http-nio-8080-exec-59] WARN  com.practice.flashsale.order.service.impl.OrderServiceImpl - ==> 重复下单, userId：43, activityId：1, goodsId：1
2026-10-08 17:12:54.501 [http-nio-8080-exec-12] INFO  com.practice.flashsale.order.service.impl.OrderServiceImpl - ==> 当前登录用户 ID：75
2026-10-08 17:12:54.503 [http-nio-8080-exec-59] WARN  com.practice.flashsale.common.exception.GlobalExceptionHandler - /seckill/order request fail, errorCode: 40004, errorMessage: 您已参与过此商品的秒杀
2026-10-08 17:12:54.504 [http-nio-8080-exec-69] WARN  com.practice.flashsale.order.service.impl.OrderServiceImpl - ==> 重复下单, userId：42, activityId：1, goodsId：1
2026-10-08 17:12:54.504 [http-nio-8080-exec-45] INFO  com.practice.flashsale.order.service.impl.OrderServiceImpl - ==> 当前登录用户 ID：74
2026-10-08 17:12:54.506 [http-nio-8080-exec-69] WARN  com.practice.flashsale.common.exception.GlobalExceptionHandler - /seckill/order request fail, errorCode: 40004, errorMessage: 您已参与过此商品的秒杀
2026-10-08 17:12:54.507 [http-nio-8080-exec-18] WARN  com.practice.flashsale.order.service.impl.OrderServiceImpl - ==> 重复下单, userId：41, activityId：1, goodsId：1
2026-10-08 17:12:54.507 [http-nio-8080-exec-24] INFO  com.practice.flashsale.order.service.impl.OrderServiceImpl - ==> 当前登录用户 ID：73
2026-10-08 17:12:54.510 [http-nio-8080-exec-18] WARN  com.practice.flashsale.common.exception.GlobalExceptionHandler - /seckill/order request fail, errorCode: 40004, errorMessage: 您已参与过此商品的秒杀
2026-10-08 17:12:54.511 [http-nio-8080-exec-98] WARN  com.practice.flashsale.order.service.impl.OrderServiceImpl - ==> 重复下单, userId：44, activityId：1, goodsId：1
2026-10-08 17:12:54.511 [http-nio-8080-exec-5] INFO  com.practice.flashsale.order.service.impl.OrderServiceImpl - ==> 当前登录用户 ID：83
2026-10-08 17:12:54.513 [http-nio-8080-exec-98] WARN  com.practice.flashsale.common.exception.GlobalExceptionHandler - /seckill/order request fail, errorCode: 40004, errorMessage: 您已参与过此商品的秒杀
2026-10-08 17:12:54.513 [http-nio-8080-exec-32] WARN  com.practice.flashsale.order.service.impl.OrderServiceImpl - ==> 重复下单, userId：47, activityId：1, goodsId：1
2026-10-08 17:12:54.514 [http-nio-8080-exec-26] INFO  com.practice.flashsale.order.service.impl.OrderServiceImpl - ==> 当前登录用户 ID：82
2026-10-08 17:12:54.516 [http-nio-8080-exec-32] WARN  com.practice.flashsale.common.exception.GlobalExceptionHandler - /seckill/order request fail, errorCode: 40004, errorMessage: 您已参与过此商品的秒杀
2026-10-08 17:12:54.516 [http-nio-8080-exec-20] WARN  com.practice.flashsale.order.service.impl.OrderServiceImpl - ==> 重复下单, userId：45, activityId：1, goodsId：1
2026-10-08 17:12:54.517 [http-nio-8080-exec-33] INFO  com.practice.flashsale.order.service.impl.OrderServiceImpl - ==> 当前登录用户 ID：79
2026-10-08 17:12:54.519 [http-nio-8080-exec-20] WARN  com.practice.flashsale.common.exception.GlobalExceptionHandler - /seckill/order request fail, errorCode: 40004, errorMessage: 您已参与过此商品的秒杀
2026-10-08 17:12:54.519 [http-nio-8080-exec-100] WARN  com.practice.flashsale.order.service.impl.OrderServiceImpl - ==> 重复下单, userId：46, activityId：1, goodsId：1
2026-10-08 17:12:54.520 [http-nio-8080-exec-13] INFO  com.practice.flashsale.order.service.impl.OrderServiceImpl - ==> 当前登录用户 ID：81
2026-10-08 17:12:54.522 [http-nio-8080-exec-100] WARN  com.practice.flashsale.common.exception.GlobalExceptionHandler - /seckill/order request fail, errorCode: 40004, errorMessage: 您已参与过此商品的秒杀
2026-10-08 17:12:54.522 [http-nio-8080-exec-95] INFO  com.practice.flashsale.order.service.impl.OrderServiceImpl - ==> 当前登录用户 ID：78
2026-10-08 17:12:54.523 [http-nio-8080-exec-84] WARN  com.practice.flashsale.order.service.impl.OrderServiceImpl - ==> 重复下单, userId：52, activityId：1, goodsId：1
2026-10-08 17:12:54.524 [http-nio-8080-exec-68] INFO  com.practice.flashsale.order.service.impl.OrderServiceImpl - ==> 当前登录用户 ID：80
2026-10-08 17:12:54.525 [http-nio-8080-exec-84] WARN  com.practice.flashsale.common.exception.GlobalExceptionHandler - /seckill/order request fail, errorCode: 40004, errorMessage: 您已参与过此商品的秒杀
2026-10-08 17:12:54.526 [http-nio-8080-exec-87] WARN  com.practice.flashsale.order.service.impl.OrderServiceImpl - ==> 重复下单, userId：56, activityId：1, goodsId：1
2026-10-08 17:12:54.526 [http-nio-8080-exec-52] INFO  com.practice.flashsale.order.service.impl.OrderServiceImpl - ==> 当前登录用户 ID：85
2026-10-08 17:12:54.528 [http-nio-8080-exec-87] WARN  com.practice.flashsale.common.exception.GlobalExceptionHandler - /seckill/order request fail, errorCode: 40004, errorMessage: 您已参与过此商品的秒杀
2026-10-08 17:12:54.529 [http-nio-8080-exec-80] INFO  com.practice.flashsale.order.service.impl.OrderServiceImpl - ==> 当前登录用户 ID：77
2026-10-08 17:12:54.529 [http-nio-8080-exec-49] WARN  com.practice.flashsale.order.service.impl.OrderServiceImpl - ==> 重复下单, userId：54, activityId：1, goodsId：1
2026-10-08 17:12:54.531 [http-nio-8080-exec-49] WARN  com.practice.flashsale.common.exception.GlobalExceptionHandler - /seckill/order request fail, errorCode: 40004, errorMessage: 您已参与过此商品的秒杀
2026-10-08 17:12:54.532 [http-nio-8080-exec-16] INFO  com.practice.flashsale.order.service.impl.OrderServiceImpl - ==> 当前登录用户 ID：86
2026-10-08 17:12:54.534 [http-nio-8080-exec-28] WARN  com.practice.flashsale.order.service.impl.OrderServiceImpl - ==> 重复下单, userId：49, activityId：1, goodsId：1
2026-10-08 17:12:54.537 [http-nio-8080-exec-28] WARN  com.practice.flashsale.common.exception.GlobalExceptionHandler - /seckill/order request fail, errorCode: 40004, errorMessage: 您已参与过此商品的秒杀
2026-10-08 17:12:54.538 [http-nio-8080-exec-97] WARN  com.practice.flashsale.order.service.impl.OrderServiceImpl - ==> 重复下单, userId：50, activityId：1, goodsId：1
2026-10-08 17:12:54.538 [http-nio-8080-exec-83] INFO  com.practice.flashsale.order.service.impl.OrderServiceImpl - ==> 当前登录用户 ID：48
2026-10-08 17:12:54.540 [http-nio-8080-exec-97] WARN  com.practice.flashsale.common.exception.GlobalExceptionHandler - /seckill/order request fail, errorCode: 40004, errorMessage: 您已参与过此商品的秒杀
2026-10-08 17:12:54.541 [http-nio-8080-exec-15] WARN  com.practice.flashsale.order.service.impl.OrderServiceImpl - ==> 重复下单, userId：55, activityId：1, goodsId：1
2026-10-08 17:12:54.541 [http-nio-8080-exec-75] INFO  com.practice.flashsale.order.service.impl.OrderServiceImpl - ==> 当前登录用户 ID：84
2026-10-08 17:12:54.543 [http-nio-8080-exec-15] WARN  com.practice.flashsale.common.exception.GlobalExceptionHandler - /seckill/order request fail, errorCode: 40004, errorMessage: 您已参与过此商品的秒杀
2026-10-08 17:12:54.543 [http-nio-8080-exec-48] WARN  com.practice.flashsale.order.service.impl.OrderServiceImpl - ==> 重复下单, userId：58, activityId：1, goodsId：1
2026-10-08 17:12:54.544 [http-nio-8080-exec-79] INFO  com.practice.flashsale.order.service.impl.OrderServiceImpl - ==> 当前登录用户 ID：89
2026-10-08 17:12:54.546 [http-nio-8080-exec-48] WARN  com.practice.flashsale.common.exception.GlobalExceptionHandler - /seckill/order request fail, errorCode: 40004, errorMessage: 您已参与过此商品的秒杀
2026-10-08 17:12:54.546 [http-nio-8080-exec-17] WARN  com.practice.flashsale.order.service.impl.OrderServiceImpl - ==> 重复下单, userId：57, activityId：1, goodsId：1
2026-10-08 17:12:54.547 [http-nio-8080-exec-35] INFO  com.practice.flashsale.order.service.impl.OrderServiceImpl - ==> 当前登录用户 ID：92
2026-10-08 17:12:54.549 [http-nio-8080-exec-17] WARN  com.practice.flashsale.common.exception.GlobalExceptionHandler - /seckill/order request fail, errorCode: 40004, errorMessage: 您已参与过此商品的秒杀
2026-10-08 17:12:54.549 [http-nio-8080-exec-85] WARN  com.practice.flashsale.order.service.impl.OrderServiceImpl - ==> 重复下单, userId：60, activityId：1, goodsId：1
2026-10-08 17:12:54.550 [http-nio-8080-exec-3] INFO  com.practice.flashsale.order.service.impl.OrderServiceImpl - ==> 当前登录用户 ID：90
2026-10-08 17:12:54.551 [http-nio-8080-exec-85] WARN  com.practice.flashsale.common.exception.GlobalExceptionHandler - /seckill/order request fail, errorCode: 40004, errorMessage: 您已参与过此商品的秒杀
2026-10-08 17:12:54.552 [http-nio-8080-exec-57] WARN  com.practice.flashsale.order.service.impl.OrderServiceImpl - ==> 重复下单, userId：59, activityId：1, goodsId：1
2026-10-08 17:12:54.552 [http-nio-8080-exec-47] INFO  com.practice.flashsale.order.service.impl.OrderServiceImpl - ==> 当前登录用户 ID：87
2026-10-08 17:12:54.555 [http-nio-8080-exec-57] WARN  com.practice.flashsale.common.exception.GlobalExceptionHandler - /seckill/order request fail, errorCode: 40004, errorMessage: 您已参与过此商品的秒杀
2026-10-08 17:12:54.555 [http-nio-8080-exec-21] WARN  com.practice.flashsale.order.service.impl.OrderServiceImpl - ==> 重复下单, userId：66, activityId：1, goodsId：1
2026-10-08 17:12:54.556 [http-nio-8080-exec-27] INFO  com.practice.flashsale.order.service.impl.OrderServiceImpl - ==> 当前登录用户 ID：88
2026-10-08 17:12:54.557 [http-nio-8080-exec-21] WARN  com.practice.flashsale.common.exception.GlobalExceptionHandler - /seckill/order request fail, errorCode: 40004, errorMessage: 您已参与过此商品的秒杀
2026-10-08 17:12:54.558 [http-nio-8080-exec-39] WARN  com.practice.flashsale.order.service.impl.OrderServiceImpl - ==> 重复下单, userId：64, activityId：1, goodsId：1
2026-10-08 17:12:54.558 [http-nio-8080-exec-4] INFO  com.practice.flashsale.order.service.impl.OrderServiceImpl - ==> 当前登录用户 ID：95
2026-10-08 17:12:54.560 [http-nio-8080-exec-39] WARN  com.practice.flashsale.common.exception.GlobalExceptionHandler - /seckill/order request fail, errorCode: 40004, errorMessage: 您已参与过此商品的秒杀
2026-10-08 17:12:54.561 [http-nio-8080-exec-61] WARN  com.practice.flashsale.order.service.impl.OrderServiceImpl - ==> 重复下单, userId：65, activityId：1, goodsId：1
2026-10-08 17:12:54.561 [http-nio-8080-exec-91] INFO  com.practice.flashsale.order.service.impl.OrderServiceImpl - ==> 当前登录用户 ID：94
2026-10-08 17:12:54.564 [http-nio-8080-exec-61] WARN  com.practice.flashsale.common.exception.GlobalExceptionHandler - /seckill/order request fail, errorCode: 40004, errorMessage: 您已参与过此商品的秒杀
2026-10-08 17:12:54.564 [http-nio-8080-exec-50] WARN  com.practice.flashsale.order.service.impl.OrderServiceImpl - ==> 重复下单, userId：51, activityId：1, goodsId：1
2026-10-08 17:12:54.565 [http-nio-8080-exec-41] INFO  com.practice.flashsale.order.service.impl.OrderServiceImpl - ==> 当前登录用户 ID：91
2026-10-08 17:12:54.566 [http-nio-8080-exec-50] WARN  com.practice.flashsale.common.exception.GlobalExceptionHandler - /seckill/order request fail, errorCode: 40004, errorMessage: 您已参与过此商品的秒杀
2026-10-08 17:12:54.567 [http-nio-8080-exec-6] INFO  com.practice.flashsale.order.service.impl.OrderServiceImpl - ==> 当前登录用户 ID：93
2026-10-08 17:12:54.568 [http-nio-8080-exec-78] WARN  com.practice.flashsale.order.service.impl.OrderServiceImpl - ==> 重复下单, userId：68, activityId：1, goodsId：1
2026-10-08 17:12:54.570 [http-nio-8080-exec-37] INFO  com.practice.flashsale.order.service.impl.OrderServiceImpl - ==> 当前登录用户 ID：98
2026-10-08 17:12:54.570 [http-nio-8080-exec-78] WARN  com.practice.flashsale.common.exception.GlobalExceptionHandler - /seckill/order request fail, errorCode: 40004, errorMessage: 您已参与过此商品的秒杀
2026-10-08 17:12:54.571 [http-nio-8080-exec-58] WARN  com.practice.flashsale.order.service.impl.OrderServiceImpl - ==> 重复下单, userId：63, activityId：1, goodsId：1
2026-10-08 17:12:54.571 [http-nio-8080-exec-89] INFO  com.practice.flashsale.order.service.impl.OrderServiceImpl - ==> 当前登录用户 ID：100
2026-10-08 17:12:54.573 [http-nio-8080-exec-58] WARN  com.practice.flashsale.common.exception.GlobalExceptionHandler - /seckill/order request fail, errorCode: 40004, errorMessage: 您已参与过此商品的秒杀
2026-10-08 17:12:54.573 [http-nio-8080-exec-77] WARN  com.practice.flashsale.order.service.impl.OrderServiceImpl - ==> 重复下单, userId：67, activityId：1, goodsId：1
2026-10-08 17:12:54.574 [http-nio-8080-exec-65] INFO  com.practice.flashsale.order.service.impl.OrderServiceImpl - ==> 当前登录用户 ID：99
2026-10-08 17:12:54.576 [http-nio-8080-exec-77] WARN  com.practice.flashsale.common.exception.GlobalExceptionHandler - /seckill/order request fail, errorCode: 40004, errorMessage: 您已参与过此商品的秒杀
2026-10-08 17:12:54.577 [http-nio-8080-exec-25] WARN  com.practice.flashsale.order.service.impl.OrderServiceImpl - ==> 重复下单, userId：53, activityId：1, goodsId：1
2026-10-08 17:12:54.577 [http-nio-8080-exec-63] INFO  com.practice.flashsale.order.service.impl.OrderServiceImpl - ==> 当前登录用户 ID：102
2026-10-08 17:12:54.579 [http-nio-8080-exec-25] WARN  com.practice.flashsale.common.exception.GlobalExceptionHandler - /seckill/order request fail, errorCode: 40004, errorMessage: 您已参与过此商品的秒杀
2026-10-08 17:12:54.580 [http-nio-8080-exec-88] INFO  com.practice.flashsale.order.service.impl.OrderServiceImpl - ==> 当前登录用户 ID：96
2026-10-08 17:12:54.580 [http-nio-8080-exec-74] WARN  com.practice.flashsale.order.service.impl.OrderServiceImpl - ==> 重复下单, userId：62, activityId：1, goodsId：1
2026-10-08 17:12:54.582 [http-nio-8080-exec-74] WARN  com.practice.flashsale.common.exception.GlobalExceptionHandler - /seckill/order request fail, errorCode: 40004, errorMessage: 您已参与过此商品的秒杀
2026-10-08 17:12:54.582 [http-nio-8080-exec-73] WARN  com.practice.flashsale.order.service.impl.OrderServiceImpl - ==> 重复下单, userId：61, activityId：1, goodsId：1
2026-10-08 17:12:54.584 [http-nio-8080-exec-2] INFO  com.practice.flashsale.order.service.impl.OrderServiceImpl - ==> 当前登录用户 ID：76
2026-10-08 17:12:54.585 [http-nio-8080-exec-73] WARN  com.practice.flashsale.common.exception.GlobalExceptionHandler - /seckill/order request fail, errorCode: 40004, errorMessage: 您已参与过此商品的秒杀
2026-10-08 17:12:54.586 [http-nio-8080-exec-92] WARN  com.practice.flashsale.order.service.impl.OrderServiceImpl - ==> 重复下单, userId：72, activityId：1, goodsId：1
2026-10-08 17:12:54.590 [http-nio-8080-exec-94] INFO  com.practice.flashsale.order.service.impl.OrderServiceImpl - ==> 当前登录用户 ID：103
2026-10-08 17:12:54.591 [http-nio-8080-exec-92] WARN  com.practice.flashsale.common.exception.GlobalExceptionHandler - /seckill/order request fail, errorCode: 40004, errorMessage: 您已参与过此商品的秒杀
2026-10-08 17:12:54.592 [http-nio-8080-exec-53] INFO  com.practice.flashsale.order.service.impl.OrderServiceImpl - ==> 当前登录用户 ID：97
2026-10-08 17:12:54.593 [http-nio-8080-exec-31] WARN  com.practice.flashsale.order.service.impl.OrderServiceImpl - ==> 重复下单, userId：71, activityId：1, goodsId：1
2026-10-08 17:12:54.596 [http-nio-8080-exec-31] WARN  com.practice.flashsale.common.exception.GlobalExceptionHandler - /seckill/order request fail, errorCode: 40004, errorMessage: 您已参与过此商品的秒杀
2026-10-08 17:12:54.597 [http-nio-8080-exec-86] WARN  com.practice.flashsale.order.service.impl.OrderServiceImpl - ==> 重复下单, userId：70, activityId：1, goodsId：1
2026-10-08 17:12:54.597 [http-nio-8080-exec-30] INFO  com.practice.flashsale.order.service.impl.OrderServiceImpl - ==> 当前登录用户 ID：101
2026-10-08 17:12:54.599 [http-nio-8080-exec-86] WARN  com.practice.flashsale.common.exception.GlobalExceptionHandler - /seckill/order request fail, errorCode: 40004, errorMessage: 您已参与过此商品的秒杀
2026-10-08 17:12:54.600 [http-nio-8080-exec-99] WARN  com.practice.flashsale.order.service.impl.OrderServiceImpl - ==> 重复下单, userId：69, activityId：1, goodsId：1
2026-10-08 17:12:54.601 [http-nio-8080-exec-1] INFO  com.practice.flashsale.order.service.impl.OrderServiceImpl - ==> 当前登录用户 ID：104
2026-10-08 17:12:54.604 [http-nio-8080-exec-12] WARN  com.practice.flashsale.order.service.impl.OrderServiceImpl - ==> 重复下单, userId：75, activityId：1, goodsId：1
2026-10-08 17:12:54.604 [http-nio-8080-exec-99] WARN  com.practice.flashsale.common.exception.GlobalExceptionHandler - /seckill/order request fail, errorCode: 40004, errorMessage: 您已参与过此商品的秒杀
2026-10-08 17:12:54.605 [http-nio-8080-exec-11] INFO  com.practice.flashsale.order.service.impl.OrderServiceImpl - ==> 当前登录用户 ID：105
2026-10-08 17:12:54.606 [http-nio-8080-exec-12] WARN  com.practice.flashsale.common.exception.GlobalExceptionHandler - /seckill/order request fail, errorCode: 40004, errorMessage: 您已参与过此商品的秒杀
2026-10-08 17:12:54.607 [http-nio-8080-exec-45] WARN  com.practice.flashsale.order.service.impl.OrderServiceImpl - ==> 重复下单, userId：74, activityId：1, goodsId：1
2026-10-08 17:12:54.611 [http-nio-8080-exec-24] WARN  com.practice.flashsale.order.service.impl.OrderServiceImpl - ==> 重复下单, userId：73, activityId：1, goodsId：1
2026-10-08 17:12:54.612 [http-nio-8080-exec-45] WARN  com.practice.flashsale.common.exception.GlobalExceptionHandler - /seckill/order request fail, errorCode: 40004, errorMessage: 您已参与过此商品的秒杀
2026-10-08 17:12:54.613 [http-nio-8080-exec-24] WARN  com.practice.flashsale.common.exception.GlobalExceptionHandler - /seckill/order request fail, errorCode: 40004, errorMessage: 您已参与过此商品的秒杀
2026-10-08 17:12:54.615 [http-nio-8080-exec-5] WARN  com.practice.flashsale.order.service.impl.OrderServiceImpl - ==> 重复下单, userId：83, activityId：1, goodsId：1
2026-10-08 17:12:54.617 [http-nio-8080-exec-5] WARN  com.practice.flashsale.common.exception.GlobalExceptionHandler - /seckill/order request fail, errorCode: 40004, errorMessage: 您已参与过此商品的秒杀
2026-10-08 17:12:54.634 [http-nio-8080-exec-26] WARN  com.practice.flashsale.order.service.impl.OrderServiceImpl - ==> 重复下单, userId：82, activityId：1, goodsId：1
2026-10-08 17:12:54.638 [http-nio-8080-exec-26] WARN  com.practice.flashsale.common.exception.GlobalExceptionHandler - /seckill/order request fail, errorCode: 40004, errorMessage: 您已参与过此商品的秒杀
2026-10-08 17:12:54.639 [http-nio-8080-exec-33] WARN  com.practice.flashsale.order.service.impl.OrderServiceImpl - ==> 重复下单, userId：79, activityId：1, goodsId：1
2026-10-08 17:12:54.642 [http-nio-8080-exec-33] WARN  com.practice.flashsale.common.exception.GlobalExceptionHandler - /seckill/order request fail, errorCode: 40004, errorMessage: 您已参与过此商品的秒杀
2026-10-08 17:12:54.643 [http-nio-8080-exec-13] WARN  com.practice.flashsale.order.service.impl.OrderServiceImpl - ==> 重复下单, userId：81, activityId：1, goodsId：1
2026-10-08 17:12:54.645 [http-nio-8080-exec-13] WARN  com.practice.flashsale.common.exception.GlobalExceptionHandler - /seckill/order request fail, errorCode: 40004, errorMessage: 您已参与过此商品的秒杀
2026-10-08 17:12:54.647 [http-nio-8080-exec-95] WARN  com.practice.flashsale.order.service.impl.OrderServiceImpl - ==> 重复下单, userId：78, activityId：1, goodsId：1
2026-10-08 17:12:54.650 [http-nio-8080-exec-95] WARN  com.practice.flashsale.common.exception.GlobalExceptionHandler - /seckill/order request fail, errorCode: 40004, errorMessage: 您已参与过此商品的秒杀
2026-10-08 17:12:54.652 [http-nio-8080-exec-68] WARN  com.practice.flashsale.order.service.impl.OrderServiceImpl - ==> 重复下单, userId：80, activityId：1, goodsId：1
2026-10-08 17:12:54.654 [http-nio-8080-exec-68] WARN  com.practice.flashsale.common.exception.GlobalExceptionHandler - /seckill/order request fail, errorCode: 40004, errorMessage: 您已参与过此商品的秒杀
2026-10-08 17:12:54.656 [http-nio-8080-exec-52] WARN  com.practice.flashsale.order.service.impl.OrderServiceImpl - ==> 重复下单, userId：85, activityId：1, goodsId：1
2026-10-08 17:12:54.658 [http-nio-8080-exec-52] WARN  com.practice.flashsale.common.exception.GlobalExceptionHandler - /seckill/order request fail, errorCode: 40004, errorMessage: 您已参与过此商品的秒杀
2026-10-08 17:12:54.674 [http-nio-8080-exec-80] WARN  com.practice.flashsale.order.service.impl.OrderServiceImpl - ==> 重复下单, userId：77, activityId：1, goodsId：1
2026-10-08 17:12:54.677 [http-nio-8080-exec-80] WARN  com.practice.flashsale.common.exception.GlobalExceptionHandler - /seckill/order request fail, errorCode: 40004, errorMessage: 您已参与过此商品的秒杀
2026-10-08 17:12:54.678 [http-nio-8080-exec-16] WARN  com.practice.flashsale.order.service.impl.OrderServiceImpl - ==> 重复下单, userId：86, activityId：1, goodsId：1
2026-10-08 17:12:54.680 [http-nio-8080-exec-16] WARN  com.practice.flashsale.common.exception.GlobalExceptionHandler - /seckill/order request fail, errorCode: 40004, errorMessage: 您已参与过此商品的秒杀
2026-10-08 17:12:54.681 [http-nio-8080-exec-83] WARN  com.practice.flashsale.order.service.impl.OrderServiceImpl - ==> 重复下单, userId：48, activityId：1, goodsId：1
2026-10-08 17:12:54.684 [http-nio-8080-exec-83] WARN  com.practice.flashsale.common.exception.GlobalExceptionHandler - /seckill/order request fail, errorCode: 40004, errorMessage: 您已参与过此商品的秒杀
2026-10-08 17:12:54.685 [http-nio-8080-exec-75] WARN  com.practice.flashsale.order.service.impl.OrderServiceImpl - ==> 重复下单, userId：84, activityId：1, goodsId：1
2026-10-08 17:12:54.687 [http-nio-8080-exec-75] WARN  com.practice.flashsale.common.exception.GlobalExceptionHandler - /seckill/order request fail, errorCode: 40004, errorMessage: 您已参与过此商品的秒杀
2026-10-08 17:12:54.688 [http-nio-8080-exec-79] WARN  com.practice.flashsale.order.service.impl.OrderServiceImpl - ==> 重复下单, userId：89, activityId：1, goodsId：1
2026-10-08 17:12:54.690 [http-nio-8080-exec-79] WARN  com.practice.flashsale.common.exception.GlobalExceptionHandler - /seckill/order request fail, errorCode: 40004, errorMessage: 您已参与过此商品的秒杀
2026-10-08 17:12:54.692 [http-nio-8080-exec-35] WARN  com.practice.flashsale.order.service.impl.OrderServiceImpl - ==> 重复下单, userId：92, activityId：1, goodsId：1
2026-10-08 17:12:54.694 [http-nio-8080-exec-35] WARN  com.practice.flashsale.common.exception.GlobalExceptionHandler - /seckill/order request fail, errorCode: 40004, errorMessage: 您已参与过此商品的秒杀
2026-10-08 17:12:54.695 [http-nio-8080-exec-3] WARN  com.practice.flashsale.order.service.impl.OrderServiceImpl - ==> 重复下单, userId：90, activityId：1, goodsId：1
2026-10-08 17:12:54.697 [http-nio-8080-exec-3] WARN  com.practice.flashsale.common.exception.GlobalExceptionHandler - /seckill/order request fail, errorCode: 40004, errorMessage: 您已参与过此商品的秒杀
2026-10-08 17:12:54.698 [http-nio-8080-exec-47] WARN  com.practice.flashsale.order.service.impl.OrderServiceImpl - ==> 重复下单, userId：87, activityId：1, goodsId：1
2026-10-08 17:12:54.700 [http-nio-8080-exec-47] WARN  com.practice.flashsale.common.exception.GlobalExceptionHandler - /seckill/order request fail, errorCode: 40004, errorMessage: 您已参与过此商品的秒杀
2026-10-08 17:12:54.702 [http-nio-8080-exec-27] WARN  com.practice.flashsale.order.service.impl.OrderServiceImpl - ==> 重复下单, userId：88, activityId：1, goodsId：1
2026-10-08 17:12:54.704 [http-nio-8080-exec-27] WARN  com.practice.flashsale.common.exception.GlobalExceptionHandler - /seckill/order request fail, errorCode: 40004, errorMessage: 您已参与过此商品的秒杀
2026-10-08 17:12:54.706 [http-nio-8080-exec-4] WARN  com.practice.flashsale.order.service.impl.OrderServiceImpl - ==> 重复下单, userId：95, activityId：1, goodsId：1
2026-10-08 17:12:54.708 [http-nio-8080-exec-4] WARN  com.practice.flashsale.common.exception.GlobalExceptionHandler - /seckill/order request fail, errorCode: 40004, errorMessage: 您已参与过此商品的秒杀
2026-10-08 17:12:54.710 [http-nio-8080-exec-91] WARN  com.practice.flashsale.order.service.impl.OrderServiceImpl - ==> 重复下单, userId：94, activityId：1, goodsId：1
2026-10-08 17:12:54.712 [http-nio-8080-exec-91] WARN  com.practice.flashsale.common.exception.GlobalExceptionHandler - /seckill/order request fail, errorCode: 40004, errorMessage: 您已参与过此商品的秒杀
2026-10-08 17:12:54.714 [http-nio-8080-exec-41] WARN  com.practice.flashsale.order.service.impl.OrderServiceImpl - ==> 重复下单, userId：91, activityId：1, goodsId：1
2026-10-08 17:12:54.716 [http-nio-8080-exec-41] WARN  com.practice.flashsale.common.exception.GlobalExceptionHandler - /seckill/order request fail, errorCode: 40004, errorMessage: 您已参与过此商品的秒杀
2026-10-08 17:12:54.717 [http-nio-8080-exec-6] WARN  com.practice.flashsale.order.service.impl.OrderServiceImpl - ==> 重复下单, userId：93, activityId：1, goodsId：1
2026-10-08 17:12:54.719 [http-nio-8080-exec-6] WARN  com.practice.flashsale.common.exception.GlobalExceptionHandler - /seckill/order request fail, errorCode: 40004, errorMessage: 您已参与过此商品的秒杀
2026-10-08 17:12:54.721 [http-nio-8080-exec-37] WARN  com.practice.flashsale.order.service.impl.OrderServiceImpl - ==> 重复下单, userId：98, activityId：1, goodsId：1
2026-10-08 17:12:54.723 [http-nio-8080-exec-37] WARN  com.practice.flashsale.common.exception.GlobalExceptionHandler - /seckill/order request fail, errorCode: 40004, errorMessage: 您已参与过此商品的秒杀
2026-10-08 17:12:54.724 [http-nio-8080-exec-89] WARN  com.practice.flashsale.order.service.impl.OrderServiceImpl - ==> 重复下单, userId：100, activityId：1, goodsId：1
2026-10-08 17:12:54.726 [http-nio-8080-exec-89] WARN  com.practice.flashsale.common.exception.GlobalExceptionHandler - /seckill/order request fail, errorCode: 40004, errorMessage: 您已参与过此商品的秒杀
2026-10-08 17:12:54.727 [http-nio-8080-exec-65] WARN  com.practice.flashsale.order.service.impl.OrderServiceImpl - ==> 重复下单, userId：99, activityId：1, goodsId：1
2026-10-08 17:12:54.731 [http-nio-8080-exec-65] WARN  com.practice.flashsale.common.exception.GlobalExceptionHandler - /seckill/order request fail, errorCode: 40004, errorMessage: 您已参与过此商品的秒杀
2026-10-08 17:12:54.731 [http-nio-8080-exec-63] WARN  com.practice.flashsale.order.service.impl.OrderServiceImpl - ==> 重复下单, userId：102, activityId：1, goodsId：1
2026-10-08 17:12:54.733 [http-nio-8080-exec-63] WARN  com.practice.flashsale.common.exception.GlobalExceptionHandler - /seckill/order request fail, errorCode: 40004, errorMessage: 您已参与过此商品的秒杀
2026-10-08 17:12:54.735 [http-nio-8080-exec-88] WARN  com.practice.flashsale.order.service.impl.OrderServiceImpl - ==> 重复下单, userId：96, activityId：1, goodsId：1
2026-10-08 17:12:54.737 [http-nio-8080-exec-88] WARN  com.practice.flashsale.common.exception.GlobalExceptionHandler - /seckill/order request fail, errorCode: 40004, errorMessage: 您已参与过此商品的秒杀
2026-10-08 17:12:54.738 [http-nio-8080-exec-2] WARN  com.practice.flashsale.order.service.impl.OrderServiceImpl - ==> 重复下单, userId：76, activityId：1, goodsId：1
2026-10-08 17:12:54.740 [http-nio-8080-exec-2] WARN  com.practice.flashsale.common.exception.GlobalExceptionHandler - /seckill/order request fail, errorCode: 40004, errorMessage: 您已参与过此商品的秒杀
2026-10-08 17:12:54.741 [http-nio-8080-exec-94] WARN  com.practice.flashsale.order.service.impl.OrderServiceImpl - ==> 重复下单, userId：103, activityId：1, goodsId：1
2026-10-08 17:12:54.743 [http-nio-8080-exec-94] WARN  com.practice.flashsale.common.exception.GlobalExceptionHandler - /seckill/order request fail, errorCode: 40004, errorMessage: 您已参与过此商品的秒杀
2026-10-08 17:12:54.744 [http-nio-8080-exec-53] WARN  com.practice.flashsale.order.service.impl.OrderServiceImpl - ==> 重复下单, userId：97, activityId：1, goodsId：1
2026-10-08 17:12:54.746 [http-nio-8080-exec-53] WARN  com.practice.flashsale.common.exception.GlobalExceptionHandler - /seckill/order request fail, errorCode: 40004, errorMessage: 您已参与过此商品的秒杀
2026-10-08 17:12:54.749 [http-nio-8080-exec-30] WARN  com.practice.flashsale.order.service.impl.OrderServiceImpl - ==> 重复下单, userId：101, activityId：1, goodsId：1
2026-10-08 17:12:54.752 [http-nio-8080-exec-30] WARN  com.practice.flashsale.common.exception.GlobalExceptionHandler - /seckill/order request fail, errorCode: 40004, errorMessage: 您已参与过此商品的秒杀
2026-10-08 17:12:54.753 [http-nio-8080-exec-1] WARN  com.practice.flashsale.order.service.impl.OrderServiceImpl - ==> 重复下单, userId：104, activityId：1, goodsId：1
2026-10-08 17:12:54.755 [http-nio-8080-exec-1] WARN  com.practice.flashsale.common.exception.GlobalExceptionHandler - /seckill/order request fail, errorCode: 40004, errorMessage: 您已参与过此商品的秒杀
2026-10-08 17:12:54.756 [http-nio-8080-exec-11] WARN  com.practice.flashsale.order.service.impl.OrderServiceImpl - ==> 重复下单, userId：105, activityId：1, goodsId：1
2026-10-08 17:12:54.758 [http-nio-8080-exec-11] WARN  com.practice.flashsale.common.exception.GlobalExceptionHandler - /seckill/order request fail, errorCode: 40004, errorMessage: 您已参与过此商品的秒杀
2026-10-08 17:16:45.215 [http-nio-8080-exec-90] INFO  com.practice.flashsale.common.aspect.ApiOperationLogAspect - ====== 请求开始：[秒杀下单], 入参：{"activityId":1,"goodsId":1}, 请求类：OrderController, 请求方法：doSeckill =================================== 
2026-10-08 17:16:45.215 [http-nio-8080-exec-48] INFO  com.practice.flashsale.common.aspect.ApiOperationLogAspect - ====== 请求开始：[秒杀下单], 入参：{"activityId":1,"goodsId":1}, 请求类：OrderController, 请求方法：doSeckill =================================== 
2026-10-08 17:16:45.215 [http-nio-8080-exec-102] INFO  com.practice.flashsale.common.aspect.ApiOperationLogAspect - ====== 请求开始：[秒杀下单], 入参：{"activityId":1,"goodsId":1}, 请求类：OrderController, 请求方法：doSeckill =================================== 
2026-10-08 17:16:45.215 [http-nio-8080-exec-101] INFO  com.practice.flashsale.common.aspect.ApiOperationLogAspect - ====== 请求开始：[秒杀下单], 入参：{"activityId":1,"goodsId":1}, 请求类：OrderController, 请求方法：doSeckill =================================== 
2026-10-08 17:16:45.216 [http-nio-8080-exec-53] INFO  com.practice.flashsale.common.aspect.ApiOperationLogAspect - ====== 请求开始：[秒杀下单], 入参：{"activityId":1,"goodsId":1}, 请求类：OrderController, 请求方法：doSeckill =================================== 
2026-10-08 17:16:45.216 [http-nio-8080-exec-9] INFO  com.practice.flashsale.common.aspect.ApiOperationLogAspect - ====== 请求开始：[秒杀下单], 入参：{"activityId":1,"goodsId":1}, 请求类：OrderController, 请求方法：doSeckill =================================== 
2026-10-08 17:16:45.216 [http-nio-8080-exec-103] INFO  com.practice.flashsale.common.aspect.ApiOperationLogAspect - ====== 请求开始：[秒杀下单], 入参：{"activityId":1,"goodsId":1}, 请求类：OrderController, 请求方法：doSeckill =================================== 
2026-10-08 17:16:45.217 [http-nio-8080-exec-101] INFO  com.practice.flashsale.order.service.impl.OrderServiceImpl - ==> 当前登录用户 ID：24
2026-10-08 17:16:45.217 [http-nio-8080-exec-90] INFO  com.practice.flashsale.order.service.impl.OrderServiceImpl - ==> 当前登录用户 ID：28
2026-10-08 17:16:45.217 [http-nio-8080-exec-102] INFO  com.practice.flashsale.order.service.impl.OrderServiceImpl - ==> 当前登录用户 ID：15
2026-10-08 17:16:45.217 [http-nio-8080-exec-9] INFO  com.practice.flashsale.order.service.impl.OrderServiceImpl - ==> 当前登录用户 ID：14
2026-10-08 17:16:45.217 [http-nio-8080-exec-103] INFO  com.practice.flashsale.order.service.impl.OrderServiceImpl - ==> 当前登录用户 ID：35
2026-10-08 17:16:45.218 [http-nio-8080-exec-11] INFO  com.practice.flashsale.common.aspect.ApiOperationLogAspect - ====== 请求开始：[秒杀下单], 入参：{"activityId":1,"goodsId":1}, 请求类：OrderController, 请求方法：doSeckill =================================== 
2026-10-08 17:16:45.218 [http-nio-8080-exec-30] INFO  com.practice.flashsale.common.aspect.ApiOperationLogAspect - ====== 请求开始：[秒杀下单], 入参：{"activityId":1,"goodsId":1}, 请求类：OrderController, 请求方法：doSeckill =================================== 
2026-10-08 17:16:45.219 [http-nio-8080-exec-53] INFO  com.practice.flashsale.order.service.impl.OrderServiceImpl - ==> 当前登录用户 ID：31
2026-10-08 17:16:45.223 [http-nio-8080-exec-17] INFO  com.practice.flashsale.common.aspect.ApiOperationLogAspect - ====== 请求开始：[秒杀下单], 入参：{"activityId":1,"goodsId":1}, 请求类：OrderController, 请求方法：doSeckill =================================== 
2026-10-08 17:16:45.223 [http-nio-8080-exec-42] INFO  com.practice.flashsale.common.aspect.ApiOperationLogAspect - ====== 请求开始：[秒杀下单], 入参：{"activityId":1,"goodsId":1}, 请求类：OrderController, 请求方法：doSeckill =================================== 
2026-10-08 17:16:45.223 [http-nio-8080-exec-71] INFO  com.practice.flashsale.common.aspect.ApiOperationLogAspect - ====== 请求开始：[秒杀下单], 入参：{"activityId":1,"goodsId":1}, 请求类：OrderController, 请求方法：doSeckill =================================== 
2026-10-08 17:16:45.224 [http-nio-8080-exec-9] WARN  com.practice.flashsale.order.service.impl.OrderServiceImpl - ==> 重复下单, userId：14, activityId：1, goodsId：1
2026-10-08 17:16:45.224 [http-nio-8080-exec-30] INFO  com.practice.flashsale.order.service.impl.OrderServiceImpl - ==> 当前登录用户 ID：6
2026-10-08 17:16:45.225 [http-nio-8080-exec-1] INFO  com.practice.flashsale.common.aspect.ApiOperationLogAspect - ====== 请求开始：[秒杀下单], 入参：{"activityId":1,"goodsId":1}, 请求类：OrderController, 请求方法：doSeckill =================================== 
2026-10-08 17:16:45.225 [http-nio-8080-exec-105] INFO  com.practice.flashsale.common.aspect.ApiOperationLogAspect - ====== 请求开始：[秒杀下单], 入参：{"activityId":1,"goodsId":1}, 请求类：OrderController, 请求方法：doSeckill =================================== 
2026-10-08 17:16:45.225 [http-nio-8080-exec-106] INFO  com.practice.flashsale.common.aspect.ApiOperationLogAspect - ====== 请求开始：[秒杀下单], 入参：{"activityId":1,"goodsId":1}, 请求类：OrderController, 请求方法：doSeckill =================================== 
2026-10-08 17:16:45.225 [http-nio-8080-exec-104] INFO  com.practice.flashsale.common.aspect.ApiOperationLogAspect - ====== 请求开始：[秒杀下单], 入参：{"activityId":1,"goodsId":1}, 请求类：OrderController, 请求方法：doSeckill =================================== 
2026-10-08 17:16:45.225 [http-nio-8080-exec-107] INFO  com.practice.flashsale.common.aspect.ApiOperationLogAspect - ====== 请求开始：[秒杀下单], 入参：{"activityId":1,"goodsId":1}, 请求类：OrderController, 请求方法：doSeckill =================================== 
2026-10-08 17:16:45.227 [http-nio-8080-exec-17] INFO  com.practice.flashsale.order.service.impl.OrderServiceImpl - ==> 当前登录用户 ID：34
2026-10-08 17:16:45.227 [http-nio-8080-exec-90] WARN  com.practice.flashsale.order.service.impl.OrderServiceImpl - ==> 重复下单, userId：28, activityId：1, goodsId：1
2026-10-08 17:16:45.229 [http-nio-8080-exec-90] WARN  com.practice.flashsale.common.exception.GlobalExceptionHandler - /seckill/order request fail, errorCode: 40004, errorMessage: 您已参与过此商品的秒杀
2026-10-08 17:16:45.231 [http-nio-8080-exec-9] WARN  com.practice.flashsale.common.exception.GlobalExceptionHandler - /seckill/order request fail, errorCode: 40004, errorMessage: 您已参与过此商品的秒杀
2026-10-08 17:16:45.232 [http-nio-8080-exec-11] INFO  com.practice.flashsale.order.service.impl.OrderServiceImpl - ==> 当前登录用户 ID：20
2026-10-08 17:16:45.232 [http-nio-8080-exec-1] INFO  com.practice.flashsale.order.service.impl.OrderServiceImpl - ==> 当前登录用户 ID：16
2026-10-08 17:16:45.232 [http-nio-8080-exec-48] INFO  com.practice.flashsale.order.service.impl.OrderServiceImpl - ==> 当前登录用户 ID：18
2026-10-08 17:16:45.232 [http-nio-8080-exec-71] INFO  com.practice.flashsale.order.service.impl.OrderServiceImpl - ==> 当前登录用户 ID：19
2026-10-08 17:16:45.232 [http-nio-8080-exec-107] INFO  com.practice.flashsale.order.service.impl.OrderServiceImpl - ==> 当前登录用户 ID：33
2026-10-08 17:16:45.233 [http-nio-8080-exec-90] INFO  com.practice.flashsale.common.aspect.ApiOperationLogAspect - ====== 请求开始：[秒杀下单], 入参：{"activityId":1,"goodsId":1}, 请求类：OrderController, 请求方法：doSeckill =================================== 
2026-10-08 17:16:45.233 [http-nio-8080-exec-105] INFO  com.practice.flashsale.order.service.impl.OrderServiceImpl - ==> 当前登录用户 ID：17
2026-10-08 17:16:45.233 [http-nio-8080-exec-104] INFO  com.practice.flashsale.order.service.impl.OrderServiceImpl - ==> 当前登录用户 ID：13
2026-10-08 17:16:45.234 [http-nio-8080-exec-114] INFO  com.practice.flashsale.common.aspect.ApiOperationLogAspect - ====== 请求开始：[秒杀下单], 入参：{"activityId":1,"goodsId":1}, 请求类：OrderController, 请求方法：doSeckill =================================== 
2026-10-08 17:16:45.234 [http-nio-8080-exec-113] INFO  com.practice.flashsale.common.aspect.ApiOperationLogAspect - ====== 请求开始：[秒杀下单], 入参：{"activityId":1,"goodsId":1}, 请求类：OrderController, 请求方法：doSeckill =================================== 
2026-10-08 17:16:45.235 [http-nio-8080-exec-112] INFO  com.practice.flashsale.common.aspect.ApiOperationLogAspect - ====== 请求开始：[秒杀下单], 入参：{"activityId":1,"goodsId":1}, 请求类：OrderController, 请求方法：doSeckill =================================== 
2026-10-08 17:16:45.235 [http-nio-8080-exec-117] INFO  com.practice.flashsale.common.aspect.ApiOperationLogAspect - ====== 请求开始：[秒杀下单], 入参：{"activityId":1,"goodsId":1}, 请求类：OrderController, 请求方法：doSeckill =================================== 
2026-10-08 17:16:45.235 [http-nio-8080-exec-116] INFO  com.practice.flashsale.common.aspect.ApiOperationLogAspect - ====== 请求开始：[秒杀下单], 入参：{"activityId":1,"goodsId":1}, 请求类：OrderController, 请求方法：doSeckill =================================== 
2026-10-08 17:16:45.235 [http-nio-8080-exec-108] INFO  com.practice.flashsale.common.aspect.ApiOperationLogAspect - ====== 请求开始：[秒杀下单], 入参：{"activityId":1,"goodsId":1}, 请求类：OrderController, 请求方法：doSeckill =================================== 
2026-10-08 17:16:45.235 [http-nio-8080-exec-115] INFO  com.practice.flashsale.common.aspect.ApiOperationLogAspect - ====== 请求开始：[秒杀下单], 入参：{"activityId":1,"goodsId":1}, 请求类：OrderController, 请求方法：doSeckill =================================== 
2026-10-08 17:16:45.238 [http-nio-8080-exec-101] WARN  com.practice.flashsale.order.service.impl.OrderServiceImpl - ==> 重复下单, userId：24, activityId：1, goodsId：1
2026-10-08 17:16:45.243 [http-nio-8080-exec-106] INFO  com.practice.flashsale.order.service.impl.OrderServiceImpl - ==> 当前登录用户 ID：22
2026-10-08 17:16:45.243 [http-nio-8080-exec-114] INFO  com.practice.flashsale.order.service.impl.OrderServiceImpl - ==> 当前登录用户 ID：7
2026-10-08 17:16:45.243 [http-nio-8080-exec-90] INFO  com.practice.flashsale.order.service.impl.OrderServiceImpl - ==> 当前登录用户 ID：46
2026-10-08 17:16:45.243 [http-nio-8080-exec-108] INFO  com.practice.flashsale.order.service.impl.OrderServiceImpl - ==> 当前登录用户 ID：27
2026-10-08 17:16:45.243 [http-nio-8080-exec-113] INFO  com.practice.flashsale.order.service.impl.OrderServiceImpl - ==> 当前登录用户 ID：30
2026-10-08 17:16:45.243 [http-nio-8080-exec-117] INFO  com.practice.flashsale.order.service.impl.OrderServiceImpl - ==> 当前登录用户 ID：8
2026-10-08 17:16:45.244 [http-nio-8080-exec-112] INFO  com.practice.flashsale.order.service.impl.OrderServiceImpl - ==> 当前登录用户 ID：26
2026-10-08 17:16:45.244 [http-nio-8080-exec-116] INFO  com.practice.flashsale.order.service.impl.OrderServiceImpl - ==> 当前登录用户 ID：23
2026-10-08 17:16:45.244 [http-nio-8080-exec-103] WARN  com.practice.flashsale.order.service.impl.OrderServiceImpl - ==> 重复下单, userId：35, activityId：1, goodsId：1
2026-10-08 17:16:45.246 [http-nio-8080-exec-42] INFO  com.practice.flashsale.order.service.impl.OrderServiceImpl - ==> 当前登录用户 ID：10
2026-10-08 17:16:45.247 [http-nio-8080-exec-126] INFO  com.practice.flashsale.common.aspect.ApiOperationLogAspect - ====== 请求开始：[秒杀下单], 入参：{"activityId":1,"goodsId":1}, 请求类：OrderController, 请求方法：doSeckill =================================== 
2026-10-08 17:16:45.247 [http-nio-8080-exec-120] INFO  com.practice.flashsale.common.aspect.ApiOperationLogAspect - ====== 请求开始：[秒杀下单], 入参：{"activityId":1,"goodsId":1}, 请求类：OrderController, 请求方法：doSeckill =================================== 
2026-10-08 17:16:45.247 [http-nio-8080-exec-129] INFO  com.practice.flashsale.common.aspect.ApiOperationLogAspect - ====== 请求开始：[秒杀下单], 入参：{"activityId":1,"goodsId":1}, 请求类：OrderController, 请求方法：doSeckill =================================== 
2026-10-08 17:16:45.247 [http-nio-8080-exec-127] INFO  com.practice.flashsale.common.aspect.ApiOperationLogAspect - ====== 请求开始：[秒杀下单], 入参：{"activityId":1,"goodsId":1}, 请求类：OrderController, 请求方法：doSeckill =================================== 
2026-10-08 17:16:45.247 [http-nio-8080-exec-128] INFO  com.practice.flashsale.common.aspect.ApiOperationLogAspect - ====== 请求开始：[秒杀下单], 入参：{"activityId":1,"goodsId":1}, 请求类：OrderController, 请求方法：doSeckill =================================== 
2026-10-08 17:16:45.247 [http-nio-8080-exec-122] INFO  com.practice.flashsale.common.aspect.ApiOperationLogAspect - ====== 请求开始：[秒杀下单], 入参：{"activityId":1,"goodsId":1}, 请求类：OrderController, 请求方法：doSeckill =================================== 
2026-10-08 17:16:45.247 [http-nio-8080-exec-121] INFO  com.practice.flashsale.common.aspect.ApiOperationLogAspect - ====== 请求开始：[秒杀下单], 入参：{"activityId":1,"goodsId":1}, 请求类：OrderController, 请求方法：doSeckill =================================== 
2026-10-08 17:16:45.248 [http-nio-8080-exec-101] WARN  com.practice.flashsale.common.exception.GlobalExceptionHandler - /seckill/order request fail, errorCode: 40004, errorMessage: 您已参与过此商品的秒杀
2026-10-08 17:16:45.248 [http-nio-8080-exec-9] INFO  com.practice.flashsale.common.aspect.ApiOperationLogAspect - ====== 请求开始：[秒杀下单], 入参：{"activityId":1,"goodsId":1}, 请求类：OrderController, 请求方法：doSeckill =================================== 
2026-10-08 17:16:45.249 [http-nio-8080-exec-119] INFO  com.practice.flashsale.common.aspect.ApiOperationLogAspect - ====== 请求开始：[秒杀下单], 入参：{"activityId":1,"goodsId":1}, 请求类：OrderController, 请求方法：doSeckill =================================== 
2026-10-08 17:16:45.249 [http-nio-8080-exec-126] INFO  com.practice.flashsale.order.service.impl.OrderServiceImpl - ==> 当前登录用户 ID：41
2026-10-08 17:16:45.251 [http-nio-8080-exec-102] WARN  com.practice.flashsale.order.service.impl.OrderServiceImpl - ==> 重复下单, userId：15, activityId：1, goodsId：1
2026-10-08 17:16:45.254 [http-nio-8080-exec-127] INFO  com.practice.flashsale.order.service.impl.OrderServiceImpl - ==> 当前登录用户 ID：42
2026-10-08 17:16:45.254 [http-nio-8080-exec-129] INFO  com.practice.flashsale.order.service.impl.OrderServiceImpl - ==> 当前登录用户 ID：44
2026-10-08 17:16:45.254 [http-nio-8080-exec-101] INFO  com.practice.flashsale.common.aspect.ApiOperationLogAspect - ====== 请求开始：[秒杀下单], 入参：{"activityId":1,"goodsId":1}, 请求类：OrderController, 请求方法：doSeckill =================================== 
2026-10-08 17:16:45.256 [http-nio-8080-exec-103] WARN  com.practice.flashsale.common.exception.GlobalExceptionHandler - /seckill/order request fail, errorCode: 40004, errorMessage: 您已参与过此商品的秒杀
2026-10-08 17:16:45.256 [http-nio-8080-exec-102] WARN  com.practice.flashsale.common.exception.GlobalExceptionHandler - /seckill/order request fail, errorCode: 40004, errorMessage: 您已参与过此商品的秒杀
2026-10-08 17:16:45.258 [http-nio-8080-exec-128] INFO  com.practice.flashsale.order.service.impl.OrderServiceImpl - ==> 当前登录用户 ID：43
2026-10-08 17:16:45.259 [http-nio-8080-exec-122] INFO  com.practice.flashsale.order.service.impl.OrderServiceImpl - ==> 当前登录用户 ID：36
2026-10-08 17:16:45.259 [http-nio-8080-exec-123] INFO  com.practice.flashsale.common.aspect.ApiOperationLogAspect - ====== 请求开始：[秒杀下单], 入参：{"activityId":1,"goodsId":1}, 请求类：OrderController, 请求方法：doSeckill =================================== 
2026-10-08 17:16:45.260 [http-nio-8080-exec-110] INFO  com.practice.flashsale.common.aspect.ApiOperationLogAspect - ====== 请求开始：[秒杀下单], 入参：{"activityId":1,"goodsId":1}, 请求类：OrderController, 请求方法：doSeckill =================================== 
2026-10-08 17:16:45.260 [http-nio-8080-exec-103] INFO  com.practice.flashsale.common.aspect.ApiOperationLogAspect - ====== 请求开始：[秒杀下单], 入参：{"activityId":1,"goodsId":1}, 请求类：OrderController, 请求方法：doSeckill =================================== 
2026-10-08 17:16:45.260 [http-nio-8080-exec-142] INFO  com.practice.flashsale.common.aspect.ApiOperationLogAspect - ====== 请求开始：[秒杀下单], 入参：{"activityId":1,"goodsId":1}, 请求类：OrderController, 请求方法：doSeckill =================================== 
2026-10-08 17:16:45.263 [http-nio-8080-exec-124] INFO  com.practice.flashsale.common.aspect.ApiOperationLogAspect - ====== 请求开始：[秒杀下单], 入参：{"activityId":1,"goodsId":1}, 请求类：OrderController, 请求方法：doSeckill =================================== 
2026-10-08 17:16:45.263 [http-nio-8080-exec-130] INFO  com.practice.flashsale.common.aspect.ApiOperationLogAspect - ====== 请求开始：[秒杀下单], 入参：{"activityId":1,"goodsId":1}, 请求类：OrderController, 请求方法：doSeckill =================================== 
2026-10-08 17:16:45.264 [http-nio-8080-exec-118] INFO  com.practice.flashsale.common.aspect.ApiOperationLogAspect - ====== 请求开始：[秒杀下单], 入参：{"activityId":1,"goodsId":1}, 请求类：OrderController, 请求方法：doSeckill =================================== 
2026-10-08 17:16:45.264 [http-nio-8080-exec-102] INFO  com.practice.flashsale.common.aspect.ApiOperationLogAspect - ====== 请求开始：[秒杀下单], 入参：{"activityId":1,"goodsId":1}, 请求类：OrderController, 请求方法：doSeckill =================================== 
2026-10-08 17:16:45.264 [http-nio-8080-exec-109] INFO  com.practice.flashsale.common.aspect.ApiOperationLogAspect - ====== 请求开始：[秒杀下单], 入参：{"activityId":1,"goodsId":1}, 请求类：OrderController, 请求方法：doSeckill =================================== 
2026-10-08 17:16:45.264 [http-nio-8080-exec-115] INFO  com.practice.flashsale.order.service.impl.OrderServiceImpl - ==> 当前登录用户 ID：12
2026-10-08 17:16:45.265 [http-nio-8080-exec-120] INFO  com.practice.flashsale.order.service.impl.OrderServiceImpl - ==> 当前登录用户 ID：37
2026-10-08 17:16:45.267 [http-nio-8080-exec-125] INFO  com.practice.flashsale.common.aspect.ApiOperationLogAspect - ====== 请求开始：[秒杀下单], 入参：{"activityId":1,"goodsId":1}, 请求类：OrderController, 请求方法：doSeckill =================================== 
2026-10-08 17:16:45.267 [http-nio-8080-exec-132] INFO  com.practice.flashsale.common.aspect.ApiOperationLogAspect - ====== 请求开始：[秒杀下单], 入参：{"activityId":1,"goodsId":1}, 请求类：OrderController, 请求方法：doSeckill =================================== 
2026-10-08 17:16:45.267 [http-nio-8080-exec-131] INFO  com.practice.flashsale.common.aspect.ApiOperationLogAspect - ====== 请求开始：[秒杀下单], 入参：{"activityId":1,"goodsId":1}, 请求类：OrderController, 请求方法：doSeckill =================================== 
2026-10-08 17:16:45.269 [http-nio-8080-exec-133] INFO  com.practice.flashsale.common.aspect.ApiOperationLogAspect - ====== 请求开始：[秒杀下单], 入参：{"activityId":1,"goodsId":1}, 请求类：OrderController, 请求方法：doSeckill =================================== 
2026-10-08 17:16:45.270 [http-nio-8080-exec-135] INFO  com.practice.flashsale.common.aspect.ApiOperationLogAspect - ====== 请求开始：[秒杀下单], 入参：{"activityId":1,"goodsId":1}, 请求类：OrderController, 请求方法：doSeckill =================================== 
2026-10-08 17:16:45.270 [http-nio-8080-exec-139] INFO  com.practice.flashsale.common.aspect.ApiOperationLogAspect - ====== 请求开始：[秒杀下单], 入参：{"activityId":1,"goodsId":1}, 请求类：OrderController, 请求方法：doSeckill =================================== 
2026-10-08 17:16:45.270 [http-nio-8080-exec-134] INFO  com.practice.flashsale.common.aspect.ApiOperationLogAspect - ====== 请求开始：[秒杀下单], 入参：{"activityId":1,"goodsId":1}, 请求类：OrderController, 请求方法：doSeckill =================================== 
2026-10-08 17:16:45.273 [http-nio-8080-exec-140] INFO  com.practice.flashsale.common.aspect.ApiOperationLogAspect - ====== 请求开始：[秒杀下单], 入参：{"activityId":1,"goodsId":1}, 请求类：OrderController, 请求方法：doSeckill =================================== 
2026-10-08 17:16:45.273 [http-nio-8080-exec-17] WARN  com.practice.flashsale.order.service.impl.OrderServiceImpl - ==> 重复下单, userId：34, activityId：1, goodsId：1
2026-10-08 17:16:45.275 [http-nio-8080-exec-121] INFO  com.practice.flashsale.order.service.impl.OrderServiceImpl - ==> 当前登录用户 ID：9
2026-10-08 17:16:45.276 [http-nio-8080-exec-143] INFO  com.practice.flashsale.common.aspect.ApiOperationLogAspect - ====== 请求开始：[秒杀下单], 入参：{"activityId":1,"goodsId":1}, 请求类：OrderController, 请求方法：doSeckill =================================== 
2026-10-08 17:16:45.277 [http-nio-8080-exec-137] INFO  com.practice.flashsale.common.aspect.ApiOperationLogAspect - ====== 请求开始：[秒杀下单], 入参：{"activityId":1,"goodsId":1}, 请求类：OrderController, 请求方法：doSeckill =================================== 
2026-10-08 17:16:45.277 [http-nio-8080-exec-149] INFO  com.practice.flashsale.common.aspect.ApiOperationLogAspect - ====== 请求开始：[秒杀下单], 入参：{"activityId":1,"goodsId":1}, 请求类：OrderController, 请求方法：doSeckill =================================== 
2026-10-08 17:16:45.277 [http-nio-8080-exec-141] INFO  com.practice.flashsale.common.aspect.ApiOperationLogAspect - ====== 请求开始：[秒杀下单], 入参：{"activityId":1,"goodsId":1}, 请求类：OrderController, 请求方法：doSeckill =================================== 
2026-10-08 17:16:45.277 [http-nio-8080-exec-144] INFO  com.practice.flashsale.common.aspect.ApiOperationLogAspect - ====== 请求开始：[秒杀下单], 入参：{"activityId":1,"goodsId":1}, 请求类：OrderController, 请求方法：doSeckill =================================== 
2026-10-08 17:16:45.277 [http-nio-8080-exec-138] INFO  com.practice.flashsale.common.aspect.ApiOperationLogAspect - ====== 请求开始：[秒杀下单], 入参：{"activityId":1,"goodsId":1}, 请求类：OrderController, 请求方法：doSeckill =================================== 
2026-10-08 17:16:45.278 [http-nio-8080-exec-136] INFO  com.practice.flashsale.common.aspect.ApiOperationLogAspect - ====== 请求开始：[秒杀下单], 入参：{"activityId":1,"goodsId":1}, 请求类：OrderController, 请求方法：doSeckill =================================== 
2026-10-08 17:16:45.280 [http-nio-8080-exec-53] WARN  com.practice.flashsale.order.service.impl.OrderServiceImpl - ==> 重复下单, userId：31, activityId：1, goodsId：1
2026-10-08 17:16:45.281 [http-nio-8080-exec-17] WARN  com.practice.flashsale.common.exception.GlobalExceptionHandler - /seckill/order request fail, errorCode: 40004, errorMessage: 您已参与过此商品的秒杀
2026-10-08 17:16:45.282 [http-nio-8080-exec-146] INFO  com.practice.flashsale.common.aspect.ApiOperationLogAspect - ====== 请求开始：[秒杀下单], 入参：{"activityId":1,"goodsId":1}, 请求类：OrderController, 请求方法：doSeckill =================================== 
2026-10-08 17:16:45.282 [http-nio-8080-exec-145] INFO  com.practice.flashsale.common.aspect.ApiOperationLogAspect - ====== 请求开始：[秒杀下单], 入参：{"activityId":1,"goodsId":1}, 请求类：OrderController, 请求方法：doSeckill =================================== 
2026-10-08 17:16:45.283 [http-nio-8080-exec-9] INFO  com.practice.flashsale.order.service.impl.OrderServiceImpl - ==> 当前登录用户 ID：52
2026-10-08 17:16:45.284 [http-nio-8080-exec-148] INFO  com.practice.flashsale.common.aspect.ApiOperationLogAspect - ====== 请求开始：[秒杀下单], 入参：{"activityId":1,"goodsId":1}, 请求类：OrderController, 请求方法：doSeckill =================================== 
2026-10-08 17:16:45.285 [http-nio-8080-exec-30] WARN  com.practice.flashsale.order.service.impl.OrderServiceImpl - ==> 重复下单, userId：6, activityId：1, goodsId：1
2026-10-08 17:16:45.285 [http-nio-8080-exec-17] INFO  com.practice.flashsale.common.aspect.ApiOperationLogAspect - ====== 请求开始：[秒杀下单], 入参：{"activityId":1,"goodsId":1}, 请求类：OrderController, 请求方法：doSeckill =================================== 
2026-10-08 17:16:45.289 [http-nio-8080-exec-53] WARN  com.practice.flashsale.common.exception.GlobalExceptionHandler - /seckill/order request fail, errorCode: 40004, errorMessage: 您已参与过此商品的秒杀
2026-10-08 17:16:45.291 [http-nio-8080-exec-119] INFO  com.practice.flashsale.order.service.impl.OrderServiceImpl - ==> 当前登录用户 ID：21
2026-10-08 17:16:45.293 [http-nio-8080-exec-53] INFO  com.practice.flashsale.common.aspect.ApiOperationLogAspect - ====== 请求开始：[秒杀下单], 入参：{"activityId":1,"goodsId":1}, 请求类：OrderController, 请求方法：doSeckill =================================== 
2026-10-08 17:16:45.294 [http-nio-8080-exec-111] INFO  com.practice.flashsale.common.aspect.ApiOperationLogAspect - ====== 请求开始：[秒杀下单], 入参：{"activityId":1,"goodsId":1}, 请求类：OrderController, 请求方法：doSeckill =================================== 
2026-10-08 17:16:45.294 [http-nio-8080-exec-153] INFO  com.practice.flashsale.common.aspect.ApiOperationLogAspect - ====== 请求开始：[秒杀下单], 入参：{"activityId":1,"goodsId":1}, 请求类：OrderController, 请求方法：doSeckill =================================== 
2026-10-08 17:16:45.295 [http-nio-8080-exec-162] INFO  com.practice.flashsale.common.aspect.ApiOperationLogAspect - ====== 请求开始：[秒杀下单], 入参：{"activityId":1,"goodsId":1}, 请求类：OrderController, 请求方法：doSeckill =================================== 
2026-10-08 17:16:45.296 [http-nio-8080-exec-1] WARN  com.practice.flashsale.order.service.impl.OrderServiceImpl - ==> 重复下单, userId：16, activityId：1, goodsId：1
2026-10-08 17:16:45.296 [http-nio-8080-exec-154] INFO  com.practice.flashsale.common.aspect.ApiOperationLogAspect - ====== 请求开始：[秒杀下单], 入参：{"activityId":1,"goodsId":1}, 请求类：OrderController, 请求方法：doSeckill =================================== 
2026-10-08 17:16:45.296 [http-nio-8080-exec-147] INFO  com.practice.flashsale.common.aspect.ApiOperationLogAspect - ====== 请求开始：[秒杀下单], 入参：{"activityId":1,"goodsId":1}, 请求类：OrderController, 请求方法：doSeckill =================================== 
2026-10-08 17:16:45.297 [http-nio-8080-exec-156] INFO  com.practice.flashsale.common.aspect.ApiOperationLogAspect - ====== 请求开始：[秒杀下单], 入参：{"activityId":1,"goodsId":1}, 请求类：OrderController, 请求方法：doSeckill =================================== 
2026-10-08 17:16:45.297 [http-nio-8080-exec-155] INFO  com.practice.flashsale.common.aspect.ApiOperationLogAspect - ====== 请求开始：[秒杀下单], 入参：{"activityId":1,"goodsId":1}, 请求类：OrderController, 请求方法：doSeckill =================================== 
2026-10-08 17:16:45.299 [http-nio-8080-exec-157] INFO  com.practice.flashsale.common.aspect.ApiOperationLogAspect - ====== 请求开始：[秒杀下单], 入参：{"activityId":1,"goodsId":1}, 请求类：OrderController, 请求方法：doSeckill =================================== 
2026-10-08 17:16:45.299 [http-nio-8080-exec-158] INFO  com.practice.flashsale.common.aspect.ApiOperationLogAspect - ====== 请求开始：[秒杀下单], 入参：{"activityId":1,"goodsId":1}, 请求类：OrderController, 请求方法：doSeckill =================================== 
2026-10-08 17:16:45.299 [http-nio-8080-exec-159] INFO  com.practice.flashsale.common.aspect.ApiOperationLogAspect - ====== 请求开始：[秒杀下单], 入参：{"activityId":1,"goodsId":1}, 请求类：OrderController, 请求方法：doSeckill =================================== 
2026-10-08 17:16:45.300 [http-nio-8080-exec-166] INFO  com.practice.flashsale.common.aspect.ApiOperationLogAspect - ====== 请求开始：[秒杀下单], 入参：{"activityId":1,"goodsId":1}, 请求类：OrderController, 请求方法：doSeckill =================================== 
2026-10-08 17:16:45.302 [http-nio-8080-exec-161] INFO  com.practice.flashsale.common.aspect.ApiOperationLogAspect - ====== 请求开始：[秒杀下单], 入参：{"activityId":1,"goodsId":1}, 请求类：OrderController, 请求方法：doSeckill =================================== 
2026-10-08 17:16:45.302 [http-nio-8080-exec-167] INFO  com.practice.flashsale.common.aspect.ApiOperationLogAspect - ====== 请求开始：[秒杀下单], 入参：{"activityId":1,"goodsId":1}, 请求类：OrderController, 请求方法：doSeckill =================================== 
2026-10-08 17:16:45.304 [http-nio-8080-exec-150] INFO  com.practice.flashsale.common.aspect.ApiOperationLogAspect - ====== 请求开始：[秒杀下单], 入参：{"activityId":1,"goodsId":1}, 请求类：OrderController, 请求方法：doSeckill =================================== 
2026-10-08 17:16:45.304 [http-nio-8080-exec-168] INFO  com.practice.flashsale.common.aspect.ApiOperationLogAspect - ====== 请求开始：[秒杀下单], 入参：{"activityId":1,"goodsId":1}, 请求类：OrderController, 请求方法：doSeckill =================================== 
2026-10-08 17:16:45.304 [http-nio-8080-exec-160] INFO  com.practice.flashsale.common.aspect.ApiOperationLogAspect - ====== 请求开始：[秒杀下单], 入参：{"activityId":1,"goodsId":1}, 请求类：OrderController, 请求方法：doSeckill =================================== 
2026-10-08 17:16:45.305 [http-nio-8080-exec-151] INFO  com.practice.flashsale.common.aspect.ApiOperationLogAspect - ====== 请求开始：[秒杀下单], 入参：{"activityId":1,"goodsId":1}, 请求类：OrderController, 请求方法：doSeckill =================================== 
2026-10-08 17:16:45.305 [http-nio-8080-exec-169] INFO  com.practice.flashsale.common.aspect.ApiOperationLogAspect - ====== 请求开始：[秒杀下单], 入参：{"activityId":1,"goodsId":1}, 请求类：OrderController, 请求方法：doSeckill =================================== 
2026-10-08 17:16:45.308 [http-nio-8080-exec-30] WARN  com.practice.flashsale.common.exception.GlobalExceptionHandler - /seckill/order request fail, errorCode: 40004, errorMessage: 您已参与过此商品的秒杀
2026-10-08 17:16:45.308 [http-nio-8080-exec-170] INFO  com.practice.flashsale.common.aspect.ApiOperationLogAspect - ====== 请求开始：[秒杀下单], 入参：{"activityId":1,"goodsId":1}, 请求类：OrderController, 请求方法：doSeckill =================================== 
2026-10-08 17:16:45.308 [http-nio-8080-exec-172] INFO  com.practice.flashsale.common.aspect.ApiOperationLogAspect - ====== 请求开始：[秒杀下单], 入参：{"activityId":1,"goodsId":1}, 请求类：OrderController, 请求方法：doSeckill =================================== 
2026-10-08 17:16:45.309 [http-nio-8080-exec-171] INFO  com.practice.flashsale.common.aspect.ApiOperationLogAspect - ====== 请求开始：[秒杀下单], 入参：{"activityId":1,"goodsId":1}, 请求类：OrderController, 请求方法：doSeckill =================================== 
2026-10-08 17:16:45.309 [http-nio-8080-exec-152] INFO  com.practice.flashsale.common.aspect.ApiOperationLogAspect - ====== 请求开始：[秒杀下单], 入参：{"activityId":1,"goodsId":1}, 请求类：OrderController, 请求方法：doSeckill =================================== 
2026-10-08 17:16:45.309 [http-nio-8080-exec-170] INFO  com.practice.flashsale.order.service.impl.OrderServiceImpl - ==> 当前登录用户 ID：92
2026-10-08 17:16:45.309 [http-nio-8080-exec-1] WARN  com.practice.flashsale.common.exception.GlobalExceptionHandler - /seckill/order request fail, errorCode: 40004, errorMessage: 您已参与过此商品的秒杀
2026-10-08 17:16:45.311 [http-nio-8080-exec-107] WARN  com.practice.flashsale.order.service.impl.OrderServiceImpl - ==> 重复下单, userId：33, activityId：1, goodsId：1
2026-10-08 17:16:45.311 [http-nio-8080-exec-123] INFO  com.practice.flashsale.order.service.impl.OrderServiceImpl - ==> 当前登录用户 ID：38
2026-10-08 17:16:45.312 [http-nio-8080-exec-164] INFO  com.practice.flashsale.common.aspect.ApiOperationLogAspect - ====== 请求开始：[秒杀下单], 入参：{"activityId":1,"goodsId":1}, 请求类：OrderController, 请求方法：doSeckill =================================== 
2026-10-08 17:16:45.312 [http-nio-8080-exec-163] INFO  com.practice.flashsale.common.aspect.ApiOperationLogAspect - ====== 请求开始：[秒杀下单], 入参：{"activityId":1,"goodsId":1}, 请求类：OrderController, 请求方法：doSeckill =================================== 
2026-10-08 17:16:45.312 [http-nio-8080-exec-173] INFO  com.practice.flashsale.common.aspect.ApiOperationLogAspect - ====== 请求开始：[秒杀下单], 入参：{"activityId":1,"goodsId":1}, 请求类：OrderController, 请求方法：doSeckill =================================== 
2026-10-08 17:16:45.313 [http-nio-8080-exec-175] INFO  com.practice.flashsale.common.aspect.ApiOperationLogAspect - ====== 请求开始：[秒杀下单], 入参：{"activityId":1,"goodsId":1}, 请求类：OrderController, 请求方法：doSeckill =================================== 
2026-10-08 17:16:45.313 [http-nio-8080-exec-174] INFO  com.practice.flashsale.common.aspect.ApiOperationLogAspect - ====== 请求开始：[秒杀下单], 入参：{"activityId":1,"goodsId":1}, 请求类：OrderController, 请求方法：doSeckill =================================== 
2026-10-08 17:16:45.313 [http-nio-8080-exec-176] INFO  com.practice.flashsale.common.aspect.ApiOperationLogAspect - ====== 请求开始：[秒杀下单], 入参：{"activityId":1,"goodsId":1}, 请求类：OrderController, 请求方法：doSeckill =================================== 
2026-10-08 17:16:45.314 [http-nio-8080-exec-165] INFO  com.practice.flashsale.common.aspect.ApiOperationLogAspect - ====== 请求开始：[秒杀下单], 入参：{"activityId":1,"goodsId":1}, 请求类：OrderController, 请求方法：doSeckill =================================== 
2026-10-08 17:16:45.314 [http-nio-8080-exec-177] INFO  com.practice.flashsale.common.aspect.ApiOperationLogAspect - ====== 请求开始：[秒杀下单], 入参：{"activityId":1,"goodsId":1}, 请求类：OrderController, 请求方法：doSeckill =================================== 
2026-10-08 17:16:45.314 [http-nio-8080-exec-107] WARN  com.practice.flashsale.common.exception.GlobalExceptionHandler - /seckill/order request fail, errorCode: 40004, errorMessage: 您已参与过此商品的秒杀
2026-10-08 17:16:45.314 [http-nio-8080-exec-1] INFO  com.practice.flashsale.common.aspect.ApiOperationLogAspect - ====== 请求开始：[秒杀下单], 入参：{"activityId":1,"goodsId":1}, 请求类：OrderController, 请求方法：doSeckill =================================== 
2026-10-08 17:16:45.314 [http-nio-8080-exec-165] INFO  com.practice.flashsale.order.service.impl.OrderServiceImpl - ==> 当前登录用户 ID：88
2026-10-08 17:16:45.315 [http-nio-8080-exec-180] INFO  com.practice.flashsale.common.aspect.ApiOperationLogAspect - ====== 请求开始：[秒杀下单], 入参：{"activityId":1,"goodsId":1}, 请求类：OrderController, 请求方法：doSeckill =================================== 
2026-10-08 17:16:45.315 [http-nio-8080-exec-182] INFO  com.practice.flashsale.common.aspect.ApiOperationLogAspect - ====== 请求开始：[秒杀下单], 入参：{"activityId":1,"goodsId":1}, 请求类：OrderController, 请求方法：doSeckill =================================== 
2026-10-08 17:16:45.315 [http-nio-8080-exec-181] INFO  com.practice.flashsale.common.aspect.ApiOperationLogAspect - ====== 请求开始：[秒杀下单], 入参：{"activityId":1,"goodsId":1}, 请求类：OrderController, 请求方法：doSeckill =================================== 
2026-10-08 17:16:45.315 [http-nio-8080-exec-105] WARN  com.practice.flashsale.order.service.impl.OrderServiceImpl - ==> 重复下单, userId：17, activityId：1, goodsId：1
2026-10-08 17:16:45.316 [http-nio-8080-exec-178] INFO  com.practice.flashsale.common.aspect.ApiOperationLogAspect - ====== 请求开始：[秒杀下单], 入参：{"activityId":1,"goodsId":1}, 请求类：OrderController, 请求方法：doSeckill =================================== 
2026-10-08 17:16:45.316 [http-nio-8080-exec-179] INFO  com.practice.flashsale.common.aspect.ApiOperationLogAspect - ====== 请求开始：[秒杀下单], 入参：{"activityId":1,"goodsId":1}, 请求类：OrderController, 请求方法：doSeckill =================================== 
2026-10-08 17:16:45.318 [http-nio-8080-exec-105] WARN  com.practice.flashsale.common.exception.GlobalExceptionHandler - /seckill/order request fail, errorCode: 40004, errorMessage: 您已参与过此商品的秒杀
2026-10-08 17:16:45.318 [http-nio-8080-exec-104] WARN  com.practice.flashsale.order.service.impl.OrderServiceImpl - ==> 重复下单, userId：13, activityId：1, goodsId：1
2026-10-08 17:16:45.320 [http-nio-8080-exec-104] WARN  com.practice.flashsale.common.exception.GlobalExceptionHandler - /seckill/order request fail, errorCode: 40004, errorMessage: 您已参与过此商品的秒杀
2026-10-08 17:16:45.321 [http-nio-8080-exec-142] INFO  com.practice.flashsale.order.service.impl.OrderServiceImpl - ==> 当前登录用户 ID：59
2026-10-08 17:16:45.321 [http-nio-8080-exec-124] INFO  com.practice.flashsale.order.service.impl.OrderServiceImpl - ==> 当前登录用户 ID：39
2026-10-08 17:16:45.321 [http-nio-8080-exec-11] WARN  com.practice.flashsale.order.service.impl.OrderServiceImpl - ==> 重复下单, userId：20, activityId：1, goodsId：1
2026-10-08 17:16:45.323 [http-nio-8080-exec-11] WARN  com.practice.flashsale.common.exception.GlobalExceptionHandler - /seckill/order request fail, errorCode: 40004, errorMessage: 您已参与过此商品的秒杀
2026-10-08 17:16:45.324 [http-nio-8080-exec-114] WARN  com.practice.flashsale.order.service.impl.OrderServiceImpl - ==> 重复下单, userId：7, activityId：1, goodsId：1
2026-10-08 17:16:45.324 [http-nio-8080-exec-130] INFO  com.practice.flashsale.order.service.impl.OrderServiceImpl - ==> 当前登录用户 ID：45
2026-10-08 17:16:45.326 [http-nio-8080-exec-114] WARN  com.practice.flashsale.common.exception.GlobalExceptionHandler - /seckill/order request fail, errorCode: 40004, errorMessage: 您已参与过此商品的秒杀
2026-10-08 17:16:45.326 [http-nio-8080-exec-116] WARN  com.practice.flashsale.order.service.impl.OrderServiceImpl - ==> 重复下单, userId：23, activityId：1, goodsId：1
2026-10-08 17:16:45.326 [http-nio-8080-exec-118] INFO  com.practice.flashsale.order.service.impl.OrderServiceImpl - ==> 当前登录用户 ID：25
2026-10-08 17:16:45.328 [http-nio-8080-exec-116] WARN  com.practice.flashsale.common.exception.GlobalExceptionHandler - /seckill/order request fail, errorCode: 40004, errorMessage: 您已参与过此商品的秒杀
2026-10-08 17:16:45.329 [http-nio-8080-exec-113] WARN  com.practice.flashsale.order.service.impl.OrderServiceImpl - ==> 重复下单, userId：30, activityId：1, goodsId：1
2026-10-08 17:16:45.329 [http-nio-8080-exec-102] INFO  com.practice.flashsale.order.service.impl.OrderServiceImpl - ==> 当前登录用户 ID：63
2026-10-08 17:16:45.331 [http-nio-8080-exec-113] WARN  com.practice.flashsale.common.exception.GlobalExceptionHandler - /seckill/order request fail, errorCode: 40004, errorMessage: 您已参与过此商品的秒杀
2026-10-08 17:16:45.331 [http-nio-8080-exec-42] WARN  com.practice.flashsale.order.service.impl.OrderServiceImpl - ==> 重复下单, userId：10, activityId：1, goodsId：1
2026-10-08 17:16:45.332 [http-nio-8080-exec-103] INFO  com.practice.flashsale.order.service.impl.OrderServiceImpl - ==> 当前登录用户 ID：61
2026-10-08 17:16:45.332 [http-nio-8080-exec-109] INFO  com.practice.flashsale.order.service.impl.OrderServiceImpl - ==> 当前登录用户 ID：32
2026-10-08 17:16:45.334 [http-nio-8080-exec-42] WARN  com.practice.flashsale.common.exception.GlobalExceptionHandler - /seckill/order request fail, errorCode: 40004, errorMessage: 您已参与过此商品的秒杀
2026-10-08 17:16:45.334 [http-nio-8080-exec-117] WARN  com.practice.flashsale.order.service.impl.OrderServiceImpl - ==> 重复下单, userId：8, activityId：1, goodsId：1
2026-10-08 17:16:45.334 [http-nio-8080-exec-125] INFO  com.practice.flashsale.order.service.impl.OrderServiceImpl - ==> 当前登录用户 ID：40
2026-10-08 17:16:45.336 [http-nio-8080-exec-117] WARN  com.practice.flashsale.common.exception.GlobalExceptionHandler - /seckill/order request fail, errorCode: 40004, errorMessage: 您已参与过此商品的秒杀
2026-10-08 17:16:45.337 [http-nio-8080-exec-112] WARN  com.practice.flashsale.order.service.impl.OrderServiceImpl - ==> 重复下单, userId：26, activityId：1, goodsId：1
2026-10-08 17:16:45.337 [http-nio-8080-exec-132] INFO  com.practice.flashsale.order.service.impl.OrderServiceImpl - ==> 当前登录用户 ID：47
2026-10-08 17:16:45.339 [http-nio-8080-exec-112] WARN  com.practice.flashsale.common.exception.GlobalExceptionHandler - /seckill/order request fail, errorCode: 40004, errorMessage: 您已参与过此商品的秒杀
2026-10-08 17:16:45.340 [http-nio-8080-exec-131] INFO  com.practice.flashsale.order.service.impl.OrderServiceImpl - ==> 当前登录用户 ID：64
2026-10-08 17:16:45.349 [http-nio-8080-exec-126] WARN  com.practice.flashsale.order.service.impl.OrderServiceImpl - ==> 重复下单, userId：41, activityId：1, goodsId：1
2026-10-08 17:16:45.351 [http-nio-8080-exec-126] WARN  com.practice.flashsale.common.exception.GlobalExceptionHandler - /seckill/order request fail, errorCode: 40004, errorMessage: 您已参与过此商品的秒杀
2026-10-08 17:16:45.351 [http-nio-8080-exec-127] WARN  com.practice.flashsale.order.service.impl.OrderServiceImpl - ==> 重复下单, userId：42, activityId：1, goodsId：1
2026-10-08 17:16:45.353 [http-nio-8080-exec-127] WARN  com.practice.flashsale.common.exception.GlobalExceptionHandler - /seckill/order request fail, errorCode: 40004, errorMessage: 您已参与过此商品的秒杀
2026-10-08 17:16:45.354 [http-nio-8080-exec-135] INFO  com.practice.flashsale.order.service.impl.OrderServiceImpl - ==> 当前登录用户 ID：49
2026-10-08 17:16:45.354 [http-nio-8080-exec-129] WARN  com.practice.flashsale.order.service.impl.OrderServiceImpl - ==> 重复下单, userId：44, activityId：1, goodsId：1
2026-10-08 17:16:45.356 [http-nio-8080-exec-129] WARN  com.practice.flashsale.common.exception.GlobalExceptionHandler - /seckill/order request fail, errorCode: 40004, errorMessage: 您已参与过此商品的秒杀
2026-10-08 17:16:45.357 [http-nio-8080-exec-139] INFO  com.practice.flashsale.order.service.impl.OrderServiceImpl - ==> 当前登录用户 ID：56
2026-10-08 17:16:45.357 [http-nio-8080-exec-128] WARN  com.practice.flashsale.order.service.impl.OrderServiceImpl - ==> 重复下单, userId：43, activityId：1, goodsId：1
2026-10-08 17:16:45.359 [http-nio-8080-exec-128] WARN  com.practice.flashsale.common.exception.GlobalExceptionHandler - /seckill/order request fail, errorCode: 40004, errorMessage: 您已参与过此商品的秒杀
2026-10-08 17:16:45.360 [http-nio-8080-exec-122] WARN  com.practice.flashsale.order.service.impl.OrderServiceImpl - ==> 重复下单, userId：36, activityId：1, goodsId：1
2026-10-08 17:16:45.360 [http-nio-8080-exec-134] INFO  com.practice.flashsale.order.service.impl.OrderServiceImpl - ==> 当前登录用户 ID：48
2026-10-08 17:16:45.362 [http-nio-8080-exec-122] WARN  com.practice.flashsale.common.exception.GlobalExceptionHandler - /seckill/order request fail, errorCode: 40004, errorMessage: 您已参与过此商品的秒杀
2026-10-08 17:16:45.363 [http-nio-8080-exec-71] WARN  com.practice.flashsale.order.service.impl.OrderServiceImpl - ==> 重复下单, userId：19, activityId：1, goodsId：1
2026-10-08 17:16:45.363 [http-nio-8080-exec-140] INFO  com.practice.flashsale.order.service.impl.OrderServiceImpl - ==> 当前登录用户 ID：55
2026-10-08 17:16:45.364 [http-nio-8080-exec-133] INFO  com.practice.flashsale.order.service.impl.OrderServiceImpl - ==> 当前登录用户 ID：50
2026-10-08 17:16:45.365 [http-nio-8080-exec-71] WARN  com.practice.flashsale.common.exception.GlobalExceptionHandler - /seckill/order request fail, errorCode: 40004, errorMessage: 您已参与过此商品的秒杀
2026-10-08 17:16:45.365 [http-nio-8080-exec-106] WARN  com.practice.flashsale.order.service.impl.OrderServiceImpl - ==> 重复下单, userId：22, activityId：1, goodsId：1
2026-10-08 17:16:45.366 [http-nio-8080-exec-143] INFO  com.practice.flashsale.order.service.impl.OrderServiceImpl - ==> 当前登录用户 ID：60
2026-10-08 17:16:45.367 [http-nio-8080-exec-106] WARN  com.practice.flashsale.common.exception.GlobalExceptionHandler - /seckill/order request fail, errorCode: 40004, errorMessage: 您已参与过此商品的秒杀
2026-10-08 17:16:45.368 [http-nio-8080-exec-90] WARN  com.practice.flashsale.order.service.impl.OrderServiceImpl - ==> 重复下单, userId：46, activityId：1, goodsId：1
2026-10-08 17:16:45.368 [http-nio-8080-exec-137] INFO  com.practice.flashsale.order.service.impl.OrderServiceImpl - ==> 当前登录用户 ID：53
2026-10-08 17:16:45.371 [http-nio-8080-exec-48] WARN  com.practice.flashsale.order.service.impl.OrderServiceImpl - ==> 重复下单, userId：18, activityId：1, goodsId：1
2026-10-08 17:16:45.373 [http-nio-8080-exec-48] WARN  com.practice.flashsale.common.exception.GlobalExceptionHandler - /seckill/order request fail, errorCode: 40004, errorMessage: 您已参与过此商品的秒杀
2026-10-08 17:16:45.373 [http-nio-8080-exec-108] WARN  com.practice.flashsale.order.service.impl.OrderServiceImpl - ==> 重复下单, userId：27, activityId：1, goodsId：1
2026-10-08 17:16:45.374 [http-nio-8080-exec-149] INFO  com.practice.flashsale.order.service.impl.OrderServiceImpl - ==> 当前登录用户 ID：70
2026-10-08 17:16:45.375 [http-nio-8080-exec-108] WARN  com.practice.flashsale.common.exception.GlobalExceptionHandler - /seckill/order request fail, errorCode: 40004, errorMessage: 您已参与过此商品的秒杀
2026-10-08 17:16:45.376 [http-nio-8080-exec-144] INFO  com.practice.flashsale.order.service.impl.OrderServiceImpl - ==> 当前登录用户 ID：62
2026-10-08 17:16:45.379 [http-nio-8080-exec-90] WARN  com.practice.flashsale.common.exception.GlobalExceptionHandler - /seckill/order request fail, errorCode: 40004, errorMessage: 您已参与过此商品的秒杀
2026-10-08 17:16:45.380 [http-nio-8080-exec-141] INFO  com.practice.flashsale.order.service.impl.OrderServiceImpl - ==> 当前登录用户 ID：58
2026-10-08 17:16:45.380 [http-nio-8080-exec-136] INFO  com.practice.flashsale.order.service.impl.OrderServiceImpl - ==> 当前登录用户 ID：51
2026-10-08 17:16:45.381 [http-nio-8080-exec-115] WARN  com.practice.flashsale.order.service.impl.OrderServiceImpl - ==> 重复下单, userId：12, activityId：1, goodsId：1
2026-10-08 17:16:45.382 [http-nio-8080-exec-115] WARN  com.practice.flashsale.common.exception.GlobalExceptionHandler - /seckill/order request fail, errorCode: 40004, errorMessage: 您已参与过此商品的秒杀
2026-10-08 17:16:45.383 [http-nio-8080-exec-120] WARN  com.practice.flashsale.order.service.impl.OrderServiceImpl - ==> 重复下单, userId：37, activityId：1, goodsId：1
2026-10-08 17:16:45.383 [http-nio-8080-exec-138] INFO  com.practice.flashsale.order.service.impl.OrderServiceImpl - ==> 当前登录用户 ID：54
2026-10-08 17:16:45.385 [http-nio-8080-exec-120] WARN  com.practice.flashsale.common.exception.GlobalExceptionHandler - /seckill/order request fail, errorCode: 40004, errorMessage: 您已参与过此商品的秒杀
2026-10-08 17:16:45.386 [http-nio-8080-exec-121] WARN  com.practice.flashsale.order.service.impl.OrderServiceImpl - ==> 重复下单, userId：9, activityId：1, goodsId：1
2026-10-08 17:16:45.386 [http-nio-8080-exec-146] INFO  com.practice.flashsale.order.service.impl.OrderServiceImpl - ==> 当前登录用户 ID：65
2026-10-08 17:16:45.388 [http-nio-8080-exec-121] WARN  com.practice.flashsale.common.exception.GlobalExceptionHandler - /seckill/order request fail, errorCode: 40004, errorMessage: 您已参与过此商品的秒杀
2026-10-08 17:16:45.389 [http-nio-8080-exec-9] WARN  com.practice.flashsale.order.service.impl.OrderServiceImpl - ==> 重复下单, userId：52, activityId：1, goodsId：1
2026-10-08 17:16:45.389 [http-nio-8080-exec-145] INFO  com.practice.flashsale.order.service.impl.OrderServiceImpl - ==> 当前登录用户 ID：67
2026-10-08 17:16:45.391 [http-nio-8080-exec-9] WARN  com.practice.flashsale.common.exception.GlobalExceptionHandler - /seckill/order request fail, errorCode: 40004, errorMessage: 您已参与过此商品的秒杀
2026-10-08 17:16:45.391 [http-nio-8080-exec-119] WARN  com.practice.flashsale.order.service.impl.OrderServiceImpl - ==> 重复下单, userId：21, activityId：1, goodsId：1
2026-10-08 17:16:45.392 [http-nio-8080-exec-148] INFO  com.practice.flashsale.order.service.impl.OrderServiceImpl - ==> 当前登录用户 ID：68
2026-10-08 17:16:45.393 [http-nio-8080-exec-119] WARN  com.practice.flashsale.common.exception.GlobalExceptionHandler - /seckill/order request fail, errorCode: 40004, errorMessage: 您已参与过此商品的秒杀
2026-10-08 17:16:45.394 [http-nio-8080-exec-170] WARN  com.practice.flashsale.order.service.impl.OrderServiceImpl - ==> 重复下单, userId：92, activityId：1, goodsId：1
2026-10-08 17:16:45.394 [http-nio-8080-exec-17] INFO  com.practice.flashsale.order.service.impl.OrderServiceImpl - ==> 当前登录用户 ID：77
2026-10-08 17:16:45.396 [http-nio-8080-exec-170] WARN  com.practice.flashsale.common.exception.GlobalExceptionHandler - /seckill/order request fail, errorCode: 40004, errorMessage: 您已参与过此商品的秒杀
2026-10-08 17:16:45.396 [http-nio-8080-exec-123] WARN  com.practice.flashsale.order.service.impl.OrderServiceImpl - ==> 重复下单, userId：38, activityId：1, goodsId：1
2026-10-08 17:16:45.397 [http-nio-8080-exec-53] INFO  com.practice.flashsale.order.service.impl.OrderServiceImpl - ==> 当前登录用户 ID：84
2026-10-08 17:16:45.399 [http-nio-8080-exec-123] WARN  com.practice.flashsale.common.exception.GlobalExceptionHandler - /seckill/order request fail, errorCode: 40004, errorMessage: 您已参与过此商品的秒杀
2026-10-08 17:16:45.399 [http-nio-8080-exec-142] WARN  com.practice.flashsale.order.service.impl.OrderServiceImpl - ==> 重复下单, userId：59, activityId：1, goodsId：1
2026-10-08 17:16:45.399 [http-nio-8080-exec-111] INFO  com.practice.flashsale.order.service.impl.OrderServiceImpl - ==> 当前登录用户 ID：29
2026-10-08 17:16:45.402 [http-nio-8080-exec-142] WARN  com.practice.flashsale.common.exception.GlobalExceptionHandler - /seckill/order request fail, errorCode: 40004, errorMessage: 您已参与过此商品的秒杀
2026-10-08 17:16:45.402 [http-nio-8080-exec-153] INFO  com.practice.flashsale.order.service.impl.OrderServiceImpl - ==> 当前登录用户 ID：73
2026-10-08 17:16:45.403 [http-nio-8080-exec-124] WARN  com.practice.flashsale.order.service.impl.OrderServiceImpl - ==> 重复下单, userId：39, activityId：1, goodsId：1
2026-10-08 17:16:45.405 [http-nio-8080-exec-124] WARN  com.practice.flashsale.common.exception.GlobalExceptionHandler - /seckill/order request fail, errorCode: 40004, errorMessage: 您已参与过此商品的秒杀
2026-10-08 17:16:45.406 [http-nio-8080-exec-130] WARN  com.practice.flashsale.order.service.impl.OrderServiceImpl - ==> 重复下单, userId：45, activityId：1, goodsId：1
2026-10-08 17:16:45.406 [http-nio-8080-exec-162] INFO  com.practice.flashsale.order.service.impl.OrderServiceImpl - ==> 当前登录用户 ID：86
2026-10-08 17:16:45.408 [http-nio-8080-exec-130] WARN  com.practice.flashsale.common.exception.GlobalExceptionHandler - /seckill/order request fail, errorCode: 40004, errorMessage: 您已参与过此商品的秒杀
2026-10-08 17:16:45.408 [http-nio-8080-exec-118] WARN  com.practice.flashsale.order.service.impl.OrderServiceImpl - ==> 重复下单, userId：25, activityId：1, goodsId：1
2026-10-08 17:16:45.408 [http-nio-8080-exec-154] INFO  com.practice.flashsale.order.service.impl.OrderServiceImpl - ==> 当前登录用户 ID：75
2026-10-08 17:16:45.410 [http-nio-8080-exec-118] WARN  com.practice.flashsale.common.exception.GlobalExceptionHandler - /seckill/order request fail, errorCode: 40004, errorMessage: 您已参与过此商品的秒杀
2026-10-08 17:16:45.411 [http-nio-8080-exec-165] WARN  com.practice.flashsale.order.service.impl.OrderServiceImpl - ==> 重复下单, userId：88, activityId：1, goodsId：1
2026-10-08 17:16:45.411 [http-nio-8080-exec-147] INFO  com.practice.flashsale.order.service.impl.OrderServiceImpl - ==> 当前登录用户 ID：66
2026-10-08 17:16:45.413 [http-nio-8080-exec-165] WARN  com.practice.flashsale.common.exception.GlobalExceptionHandler - /seckill/order request fail, errorCode: 40004, errorMessage: 您已参与过此商品的秒杀
2026-10-08 17:16:45.413 [http-nio-8080-exec-102] WARN  com.practice.flashsale.order.service.impl.OrderServiceImpl - ==> 重复下单, userId：63, activityId：1, goodsId：1
2026-10-08 17:16:45.413 [http-nio-8080-exec-156] INFO  com.practice.flashsale.order.service.impl.OrderServiceImpl - ==> 当前登录用户 ID：76
2026-10-08 17:16:45.415 [http-nio-8080-exec-102] WARN  com.practice.flashsale.common.exception.GlobalExceptionHandler - /seckill/order request fail, errorCode: 40004, errorMessage: 您已参与过此商品的秒杀
2026-10-08 17:16:45.416 [http-nio-8080-exec-109] WARN  com.practice.flashsale.order.service.impl.OrderServiceImpl - ==> 重复下单, userId：32, activityId：1, goodsId：1
2026-10-08 17:16:45.417 [http-nio-8080-exec-155] INFO  com.practice.flashsale.order.service.impl.OrderServiceImpl - ==> 当前登录用户 ID：74
2026-10-08 17:16:45.418 [http-nio-8080-exec-109] WARN  com.practice.flashsale.common.exception.GlobalExceptionHandler - /seckill/order request fail, errorCode: 40004, errorMessage: 您已参与过此商品的秒杀
2026-10-08 17:16:45.419 [http-nio-8080-exec-103] WARN  com.practice.flashsale.order.service.impl.OrderServiceImpl - ==> 重复下单, userId：61, activityId：1, goodsId：1
2026-10-08 17:16:45.419 [http-nio-8080-exec-157] INFO  com.practice.flashsale.order.service.impl.OrderServiceImpl - ==> 当前登录用户 ID：79
2026-10-08 17:16:45.420 [http-nio-8080-exec-103] WARN  com.practice.flashsale.common.exception.GlobalExceptionHandler - /seckill/order request fail, errorCode: 40004, errorMessage: 您已参与过此商品的秒杀
2026-10-08 17:16:45.421 [http-nio-8080-exec-125] WARN  com.practice.flashsale.order.service.impl.OrderServiceImpl - ==> 重复下单, userId：40, activityId：1, goodsId：1
2026-10-08 17:16:45.421 [http-nio-8080-exec-158] INFO  com.practice.flashsale.order.service.impl.OrderServiceImpl - ==> 当前登录用户 ID：78
2026-10-08 17:16:45.423 [http-nio-8080-exec-125] WARN  com.practice.flashsale.common.exception.GlobalExceptionHandler - /seckill/order request fail, errorCode: 40004, errorMessage: 您已参与过此商品的秒杀
2026-10-08 17:16:45.424 [http-nio-8080-exec-131] WARN  com.practice.flashsale.order.service.impl.OrderServiceImpl - ==> 重复下单, userId：64, activityId：1, goodsId：1
2026-10-08 17:16:45.424 [http-nio-8080-exec-159] INFO  com.practice.flashsale.order.service.impl.OrderServiceImpl - ==> 当前登录用户 ID：80
2026-10-08 17:16:45.426 [http-nio-8080-exec-131] WARN  com.practice.flashsale.common.exception.GlobalExceptionHandler - /seckill/order request fail, errorCode: 40004, errorMessage: 您已参与过此商品的秒杀
2026-10-08 17:16:45.426 [http-nio-8080-exec-135] WARN  com.practice.flashsale.order.service.impl.OrderServiceImpl - ==> 重复下单, userId：49, activityId：1, goodsId：1
2026-10-08 17:16:45.427 [http-nio-8080-exec-166] INFO  com.practice.flashsale.order.service.impl.OrderServiceImpl - ==> 当前登录用户 ID：90
2026-10-08 17:16:45.427 [http-nio-8080-exec-161] INFO  com.practice.flashsale.order.service.impl.OrderServiceImpl - ==> 当前登录用户 ID：83
2026-10-08 17:16:45.429 [http-nio-8080-exec-139] WARN  com.practice.flashsale.order.service.impl.OrderServiceImpl - ==> 重复下单, userId：56, activityId：1, goodsId：1
2026-10-08 17:16:45.431 [http-nio-8080-exec-139] WARN  com.practice.flashsale.common.exception.GlobalExceptionHandler - /seckill/order request fail, errorCode: 40004, errorMessage: 您已参与过此商品的秒杀
2026-10-08 17:16:45.431 [http-nio-8080-exec-134] WARN  com.practice.flashsale.order.service.impl.OrderServiceImpl - ==> 重复下单, userId：48, activityId：1, goodsId：1
2026-10-08 17:16:45.432 [http-nio-8080-exec-167] INFO  com.practice.flashsale.order.service.impl.OrderServiceImpl - ==> 当前登录用户 ID：91
2026-10-08 17:16:45.433 [http-nio-8080-exec-134] WARN  com.practice.flashsale.common.exception.GlobalExceptionHandler - /seckill/order request fail, errorCode: 40004, errorMessage: 您已参与过此商品的秒杀
2026-10-08 17:16:45.434 [http-nio-8080-exec-132] WARN  com.practice.flashsale.order.service.impl.OrderServiceImpl - ==> 重复下单, userId：47, activityId：1, goodsId：1
2026-10-08 17:16:45.434 [http-nio-8080-exec-150] INFO  com.practice.flashsale.order.service.impl.OrderServiceImpl - ==> 当前登录用户 ID：69
2026-10-08 17:16:45.436 [http-nio-8080-exec-132] WARN  com.practice.flashsale.common.exception.GlobalExceptionHandler - /seckill/order request fail, errorCode: 40004, errorMessage: 您已参与过此商品的秒杀
2026-10-08 17:16:45.437 [http-nio-8080-exec-140] WARN  com.practice.flashsale.order.service.impl.OrderServiceImpl - ==> 重复下单, userId：55, activityId：1, goodsId：1
2026-10-08 17:16:45.437 [http-nio-8080-exec-168] INFO  com.practice.flashsale.order.service.impl.OrderServiceImpl - ==> 当前登录用户 ID：89
2026-10-08 17:16:45.439 [http-nio-8080-exec-140] WARN  com.practice.flashsale.common.exception.GlobalExceptionHandler - /seckill/order request fail, errorCode: 40004, errorMessage: 您已参与过此商品的秒杀
2026-10-08 17:16:45.439 [http-nio-8080-exec-133] WARN  com.practice.flashsale.order.service.impl.OrderServiceImpl - ==> 重复下单, userId：50, activityId：1, goodsId：1
2026-10-08 17:16:45.440 [http-nio-8080-exec-160] INFO  com.practice.flashsale.order.service.impl.OrderServiceImpl - ==> 当前登录用户 ID：85
2026-10-08 17:16:45.440 [http-nio-8080-exec-135] WARN  com.practice.flashsale.common.exception.GlobalExceptionHandler - /seckill/order request fail, errorCode: 40004, errorMessage: 您已参与过此商品的秒杀
2026-10-08 17:16:45.442 [http-nio-8080-exec-169] INFO  com.practice.flashsale.order.service.impl.OrderServiceImpl - ==> 当前登录用户 ID：93
2026-10-08 17:16:45.442 [http-nio-8080-exec-133] WARN  com.practice.flashsale.common.exception.GlobalExceptionHandler - /seckill/order request fail, errorCode: 40004, errorMessage: 您已参与过此商品的秒杀
2026-10-08 17:16:45.443 [http-nio-8080-exec-143] WARN  com.practice.flashsale.order.service.impl.OrderServiceImpl - ==> 重复下单, userId：60, activityId：1, goodsId：1
2026-10-08 17:16:45.443 [http-nio-8080-exec-151] INFO  com.practice.flashsale.order.service.impl.OrderServiceImpl - ==> 当前登录用户 ID：71
2026-10-08 17:16:45.445 [http-nio-8080-exec-143] WARN  com.practice.flashsale.common.exception.GlobalExceptionHandler - /seckill/order request fail, errorCode: 40004, errorMessage: 您已参与过此商品的秒杀
2026-10-08 17:16:45.446 [http-nio-8080-exec-149] WARN  com.practice.flashsale.order.service.impl.OrderServiceImpl - ==> 重复下单, userId：70, activityId：1, goodsId：1
2026-10-08 17:16:45.446 [http-nio-8080-exec-101] INFO  com.practice.flashsale.order.service.impl.OrderServiceImpl - ==> 当前登录用户 ID：57
2026-10-08 17:16:45.448 [http-nio-8080-exec-149] WARN  com.practice.flashsale.common.exception.GlobalExceptionHandler - /seckill/order request fail, errorCode: 40004, errorMessage: 您已参与过此商品的秒杀
2026-10-08 17:16:45.448 [http-nio-8080-exec-137] WARN  com.practice.flashsale.order.service.impl.OrderServiceImpl - ==> 重复下单, userId：53, activityId：1, goodsId：1
2026-10-08 17:16:45.449 [http-nio-8080-exec-171] INFO  com.practice.flashsale.order.service.impl.OrderServiceImpl - ==> 当前登录用户 ID：81
2026-10-08 17:16:45.451 [http-nio-8080-exec-137] WARN  com.practice.flashsale.common.exception.GlobalExceptionHandler - /seckill/order request fail, errorCode: 40004, errorMessage: 您已参与过此商品的秒杀
2026-10-08 17:16:45.451 [http-nio-8080-exec-144] WARN  com.practice.flashsale.order.service.impl.OrderServiceImpl - ==> 重复下单, userId：62, activityId：1, goodsId：1
2026-10-08 17:16:45.452 [http-nio-8080-exec-172] INFO  com.practice.flashsale.order.service.impl.OrderServiceImpl - ==> 当前登录用户 ID：95
2026-10-08 17:16:45.454 [http-nio-8080-exec-144] WARN  com.practice.flashsale.common.exception.GlobalExceptionHandler - /seckill/order request fail, errorCode: 40004, errorMessage: 您已参与过此商品的秒杀
2026-10-08 17:16:45.455 [http-nio-8080-exec-141] WARN  com.practice.flashsale.order.service.impl.OrderServiceImpl - ==> 重复下单, userId：58, activityId：1, goodsId：1
2026-10-08 17:16:45.456 [http-nio-8080-exec-152] INFO  com.practice.flashsale.order.service.impl.OrderServiceImpl - ==> 当前登录用户 ID：72
2026-10-08 17:16:45.459 [http-nio-8080-exec-141] WARN  com.practice.flashsale.common.exception.GlobalExceptionHandler - /seckill/order request fail, errorCode: 40004, errorMessage: 您已参与过此商品的秒杀
2026-10-08 17:16:45.460 [http-nio-8080-exec-138] WARN  com.practice.flashsale.order.service.impl.OrderServiceImpl - ==> 重复下单, userId：54, activityId：1, goodsId：1
2026-10-08 17:16:45.460 [http-nio-8080-exec-164] INFO  com.practice.flashsale.order.service.impl.OrderServiceImpl - ==> 当前登录用户 ID：87
2026-10-08 17:16:45.462 [http-nio-8080-exec-138] WARN  com.practice.flashsale.common.exception.GlobalExceptionHandler - /seckill/order request fail, errorCode: 40004, errorMessage: 您已参与过此商品的秒杀
2026-10-08 17:16:45.463 [http-nio-8080-exec-146] WARN  com.practice.flashsale.order.service.impl.OrderServiceImpl - ==> 重复下单, userId：65, activityId：1, goodsId：1
2026-10-08 17:16:45.463 [http-nio-8080-exec-173] INFO  com.practice.flashsale.order.service.impl.OrderServiceImpl - ==> 当前登录用户 ID：94
2026-10-08 17:16:45.465 [http-nio-8080-exec-146] WARN  com.practice.flashsale.common.exception.GlobalExceptionHandler - /seckill/order request fail, errorCode: 40004, errorMessage: 您已参与过此商品的秒杀
2026-10-08 17:16:45.466 [http-nio-8080-exec-163] INFO  com.practice.flashsale.order.service.impl.OrderServiceImpl - ==> 当前登录用户 ID：82
2026-10-08 17:16:45.466 [http-nio-8080-exec-145] WARN  com.practice.flashsale.order.service.impl.OrderServiceImpl - ==> 重复下单, userId：67, activityId：1, goodsId：1
2026-10-08 17:16:45.468 [http-nio-8080-exec-145] WARN  com.practice.flashsale.common.exception.GlobalExceptionHandler - /seckill/order request fail, errorCode: 40004, errorMessage: 您已参与过此商品的秒杀
2026-10-08 17:16:45.468 [http-nio-8080-exec-136] WARN  com.practice.flashsale.order.service.impl.OrderServiceImpl - ==> 重复下单, userId：51, activityId：1, goodsId：1
2026-10-08 17:16:45.469 [http-nio-8080-exec-174] INFO  com.practice.flashsale.order.service.impl.OrderServiceImpl - ==> 当前登录用户 ID：98
2026-10-08 17:16:45.470 [http-nio-8080-exec-136] WARN  com.practice.flashsale.common.exception.GlobalExceptionHandler - /seckill/order request fail, errorCode: 40004, errorMessage: 您已参与过此商品的秒杀
2026-10-08 17:16:45.471 [http-nio-8080-exec-148] WARN  com.practice.flashsale.order.service.impl.OrderServiceImpl - ==> 重复下单, userId：68, activityId：1, goodsId：1
2026-10-08 17:16:45.471 [http-nio-8080-exec-175] INFO  com.practice.flashsale.order.service.impl.OrderServiceImpl - ==> 当前登录用户 ID：97
2026-10-08 17:16:45.472 [http-nio-8080-exec-148] WARN  com.practice.flashsale.common.exception.GlobalExceptionHandler - /seckill/order request fail, errorCode: 40004, errorMessage: 您已参与过此商品的秒杀
2026-10-08 17:16:45.474 [http-nio-8080-exec-176] INFO  com.practice.flashsale.order.service.impl.OrderServiceImpl - ==> 当前登录用户 ID：99
2026-10-08 17:16:45.474 [http-nio-8080-exec-17] WARN  com.practice.flashsale.order.service.impl.OrderServiceImpl - ==> 重复下单, userId：77, activityId：1, goodsId：1
2026-10-08 17:16:45.476 [http-nio-8080-exec-17] WARN  com.practice.flashsale.common.exception.GlobalExceptionHandler - /seckill/order request fail, errorCode: 40004, errorMessage: 您已参与过此商品的秒杀
2026-10-08 17:16:45.476 [http-nio-8080-exec-177] INFO  com.practice.flashsale.order.service.impl.OrderServiceImpl - ==> 当前登录用户 ID：96
2026-10-08 17:16:45.477 [http-nio-8080-exec-1] INFO  com.practice.flashsale.order.service.impl.OrderServiceImpl - ==> 当前登录用户 ID：105
2026-10-08 17:16:45.477 [http-nio-8080-exec-53] WARN  com.practice.flashsale.order.service.impl.OrderServiceImpl - ==> 重复下单, userId：84, activityId：1, goodsId：1
2026-10-08 17:16:45.479 [http-nio-8080-exec-53] WARN  com.practice.flashsale.common.exception.GlobalExceptionHandler - /seckill/order request fail, errorCode: 40004, errorMessage: 您已参与过此商品的秒杀
2026-10-08 17:16:45.479 [http-nio-8080-exec-110] INFO  com.practice.flashsale.order.service.impl.OrderServiceImpl - ==> 当前登录用户 ID：11
2026-10-08 17:16:45.487 [http-nio-8080-exec-153] WARN  com.practice.flashsale.order.service.impl.OrderServiceImpl - ==> 重复下单, userId：73, activityId：1, goodsId：1
2026-10-08 17:16:45.490 [http-nio-8080-exec-153] WARN  com.practice.flashsale.common.exception.GlobalExceptionHandler - /seckill/order request fail, errorCode: 40004, errorMessage: 您已参与过此商品的秒杀
2026-10-08 17:16:45.490 [http-nio-8080-exec-180] INFO  com.practice.flashsale.order.service.impl.OrderServiceImpl - ==> 当前登录用户 ID：100
2026-10-08 17:16:45.492 [http-nio-8080-exec-111] WARN  com.practice.flashsale.order.service.impl.OrderServiceImpl - ==> 重复下单, userId：29, activityId：1, goodsId：1
2026-10-08 17:16:45.494 [http-nio-8080-exec-111] WARN  com.practice.flashsale.common.exception.GlobalExceptionHandler - /seckill/order request fail, errorCode: 40004, errorMessage: 您已参与过此商品的秒杀
2026-10-08 17:16:45.495 [http-nio-8080-exec-162] WARN  com.practice.flashsale.order.service.impl.OrderServiceImpl - ==> 重复下单, userId：86, activityId：1, goodsId：1
2026-10-08 17:16:45.495 [http-nio-8080-exec-182] INFO  com.practice.flashsale.order.service.impl.OrderServiceImpl - ==> 当前登录用户 ID：101
2026-10-08 17:16:45.497 [http-nio-8080-exec-162] WARN  com.practice.flashsale.common.exception.GlobalExceptionHandler - /seckill/order request fail, errorCode: 40004, errorMessage: 您已参与过此商品的秒杀
2026-10-08 17:16:45.498 [http-nio-8080-exec-154] WARN  com.practice.flashsale.order.service.impl.OrderServiceImpl - ==> 重复下单, userId：75, activityId：1, goodsId：1
2026-10-08 17:16:45.498 [http-nio-8080-exec-181] INFO  com.practice.flashsale.order.service.impl.OrderServiceImpl - ==> 当前登录用户 ID：104
2026-10-08 17:16:45.500 [http-nio-8080-exec-154] WARN  com.practice.flashsale.common.exception.GlobalExceptionHandler - /seckill/order request fail, errorCode: 40004, errorMessage: 您已参与过此商品的秒杀
2026-10-08 17:16:45.501 [http-nio-8080-exec-178] INFO  com.practice.flashsale.order.service.impl.OrderServiceImpl - ==> 当前登录用户 ID：103
2026-10-08 17:16:45.501 [http-nio-8080-exec-147] WARN  com.practice.flashsale.order.service.impl.OrderServiceImpl - ==> 重复下单, userId：66, activityId：1, goodsId：1
2026-10-08 17:16:45.504 [http-nio-8080-exec-147] WARN  com.practice.flashsale.common.exception.GlobalExceptionHandler - /seckill/order request fail, errorCode: 40004, errorMessage: 您已参与过此商品的秒杀
2026-10-08 17:16:45.504 [http-nio-8080-exec-179] INFO  com.practice.flashsale.order.service.impl.OrderServiceImpl - ==> 当前登录用户 ID：102
2026-10-08 17:16:45.505 [http-nio-8080-exec-156] WARN  com.practice.flashsale.order.service.impl.OrderServiceImpl - ==> 重复下单, userId：76, activityId：1, goodsId：1
2026-10-08 17:16:45.507 [http-nio-8080-exec-156] WARN  com.practice.flashsale.common.exception.GlobalExceptionHandler - /seckill/order request fail, errorCode: 40004, errorMessage: 您已参与过此商品的秒杀
2026-10-08 17:16:45.507 [http-nio-8080-exec-155] WARN  com.practice.flashsale.order.service.impl.OrderServiceImpl - ==> 重复下单, userId：74, activityId：1, goodsId：1
2026-10-08 17:16:45.513 [http-nio-8080-exec-155] WARN  com.practice.flashsale.common.exception.GlobalExceptionHandler - /seckill/order request fail, errorCode: 40004, errorMessage: 您已参与过此商品的秒杀
2026-10-08 17:16:45.515 [http-nio-8080-exec-157] WARN  com.practice.flashsale.order.service.impl.OrderServiceImpl - ==> 重复下单, userId：79, activityId：1, goodsId：1
2026-10-08 17:16:45.517 [http-nio-8080-exec-157] WARN  com.practice.flashsale.common.exception.GlobalExceptionHandler - /seckill/order request fail, errorCode: 40004, errorMessage: 您已参与过此商品的秒杀
2026-10-08 17:16:45.518 [http-nio-8080-exec-158] WARN  com.practice.flashsale.order.service.impl.OrderServiceImpl - ==> 重复下单, userId：78, activityId：1, goodsId：1
2026-10-08 17:16:45.521 [http-nio-8080-exec-158] WARN  com.practice.flashsale.common.exception.GlobalExceptionHandler - /seckill/order request fail, errorCode: 40004, errorMessage: 您已参与过此商品的秒杀
2026-10-08 17:16:45.522 [http-nio-8080-exec-159] WARN  com.practice.flashsale.order.service.impl.OrderServiceImpl - ==> 重复下单, userId：80, activityId：1, goodsId：1
2026-10-08 17:16:45.524 [http-nio-8080-exec-159] WARN  com.practice.flashsale.common.exception.GlobalExceptionHandler - /seckill/order request fail, errorCode: 40004, errorMessage: 您已参与过此商品的秒杀
2026-10-08 17:16:45.525 [http-nio-8080-exec-166] WARN  com.practice.flashsale.order.service.impl.OrderServiceImpl - ==> 重复下单, userId：90, activityId：1, goodsId：1
2026-10-08 17:16:45.527 [http-nio-8080-exec-166] WARN  com.practice.flashsale.common.exception.GlobalExceptionHandler - /seckill/order request fail, errorCode: 40004, errorMessage: 您已参与过此商品的秒杀
2026-10-08 17:16:45.528 [http-nio-8080-exec-161] WARN  com.practice.flashsale.order.service.impl.OrderServiceImpl - ==> 重复下单, userId：83, activityId：1, goodsId：1
2026-10-08 17:16:45.530 [http-nio-8080-exec-161] WARN  com.practice.flashsale.common.exception.GlobalExceptionHandler - /seckill/order request fail, errorCode: 40004, errorMessage: 您已参与过此商品的秒杀
2026-10-08 17:16:45.531 [http-nio-8080-exec-167] WARN  com.practice.flashsale.order.service.impl.OrderServiceImpl - ==> 重复下单, userId：91, activityId：1, goodsId：1
2026-10-08 17:16:45.533 [http-nio-8080-exec-167] WARN  com.practice.flashsale.common.exception.GlobalExceptionHandler - /seckill/order request fail, errorCode: 40004, errorMessage: 您已参与过此商品的秒杀
2026-10-08 17:16:45.534 [http-nio-8080-exec-150] WARN  com.practice.flashsale.order.service.impl.OrderServiceImpl - ==> 重复下单, userId：69, activityId：1, goodsId：1
2026-10-08 17:16:45.535 [http-nio-8080-exec-150] WARN  com.practice.flashsale.common.exception.GlobalExceptionHandler - /seckill/order request fail, errorCode: 40004, errorMessage: 您已参与过此商品的秒杀
2026-10-08 17:16:45.536 [http-nio-8080-exec-168] WARN  com.practice.flashsale.order.service.impl.OrderServiceImpl - ==> 重复下单, userId：89, activityId：1, goodsId：1
2026-10-08 17:16:45.539 [http-nio-8080-exec-168] WARN  com.practice.flashsale.common.exception.GlobalExceptionHandler - /seckill/order request fail, errorCode: 40004, errorMessage: 您已参与过此商品的秒杀
2026-10-08 17:16:45.540 [http-nio-8080-exec-160] WARN  com.practice.flashsale.order.service.impl.OrderServiceImpl - ==> 重复下单, userId：85, activityId：1, goodsId：1
2026-10-08 17:16:45.542 [http-nio-8080-exec-160] WARN  com.practice.flashsale.common.exception.GlobalExceptionHandler - /seckill/order request fail, errorCode: 40004, errorMessage: 您已参与过此商品的秒杀
2026-10-08 17:16:45.542 [http-nio-8080-exec-169] WARN  com.practice.flashsale.order.service.impl.OrderServiceImpl - ==> 重复下单, userId：93, activityId：1, goodsId：1
2026-10-08 17:16:45.544 [http-nio-8080-exec-169] WARN  com.practice.flashsale.common.exception.GlobalExceptionHandler - /seckill/order request fail, errorCode: 40004, errorMessage: 您已参与过此商品的秒杀
2026-10-08 17:16:45.545 [http-nio-8080-exec-151] WARN  com.practice.flashsale.order.service.impl.OrderServiceImpl - ==> 重复下单, userId：71, activityId：1, goodsId：1
2026-10-08 17:16:45.547 [http-nio-8080-exec-151] WARN  com.practice.flashsale.common.exception.GlobalExceptionHandler - /seckill/order request fail, errorCode: 40004, errorMessage: 您已参与过此商品的秒杀
2026-10-08 17:16:45.548 [http-nio-8080-exec-101] WARN  com.practice.flashsale.order.service.impl.OrderServiceImpl - ==> 重复下单, userId：57, activityId：1, goodsId：1
2026-10-08 17:16:45.550 [http-nio-8080-exec-101] WARN  com.practice.flashsale.common.exception.GlobalExceptionHandler - /seckill/order request fail, errorCode: 40004, errorMessage: 您已参与过此商品的秒杀
2026-10-08 17:16:45.551 [http-nio-8080-exec-171] WARN  com.practice.flashsale.order.service.impl.OrderServiceImpl - ==> 重复下单, userId：81, activityId：1, goodsId：1
2026-10-08 17:16:45.553 [http-nio-8080-exec-171] WARN  com.practice.flashsale.common.exception.GlobalExceptionHandler - /seckill/order request fail, errorCode: 40004, errorMessage: 您已参与过此商品的秒杀
2026-10-08 17:16:45.555 [http-nio-8080-exec-172] WARN  com.practice.flashsale.order.service.impl.OrderServiceImpl - ==> 重复下单, userId：95, activityId：1, goodsId：1
2026-10-08 17:16:45.557 [http-nio-8080-exec-172] WARN  com.practice.flashsale.common.exception.GlobalExceptionHandler - /seckill/order request fail, errorCode: 40004, errorMessage: 您已参与过此商品的秒杀
2026-10-08 17:16:45.558 [http-nio-8080-exec-152] WARN  com.practice.flashsale.order.service.impl.OrderServiceImpl - ==> 重复下单, userId：72, activityId：1, goodsId：1
2026-10-08 17:16:45.560 [http-nio-8080-exec-152] WARN  com.practice.flashsale.common.exception.GlobalExceptionHandler - /seckill/order request fail, errorCode: 40004, errorMessage: 您已参与过此商品的秒杀
2026-10-08 17:16:45.560 [http-nio-8080-exec-164] WARN  com.practice.flashsale.order.service.impl.OrderServiceImpl - ==> 重复下单, userId：87, activityId：1, goodsId：1
2026-10-08 17:16:45.562 [http-nio-8080-exec-164] WARN  com.practice.flashsale.common.exception.GlobalExceptionHandler - /seckill/order request fail, errorCode: 40004, errorMessage: 您已参与过此商品的秒杀
2026-10-08 17:16:45.563 [http-nio-8080-exec-173] WARN  com.practice.flashsale.order.service.impl.OrderServiceImpl - ==> 重复下单, userId：94, activityId：1, goodsId：1
2026-10-08 17:16:45.565 [http-nio-8080-exec-173] WARN  com.practice.flashsale.common.exception.GlobalExceptionHandler - /seckill/order request fail, errorCode: 40004, errorMessage: 您已参与过此商品的秒杀
2026-10-08 17:16:45.566 [http-nio-8080-exec-163] WARN  com.practice.flashsale.order.service.impl.OrderServiceImpl - ==> 重复下单, userId：82, activityId：1, goodsId：1
2026-10-08 17:16:45.568 [http-nio-8080-exec-163] WARN  com.practice.flashsale.common.exception.GlobalExceptionHandler - /seckill/order request fail, errorCode: 40004, errorMessage: 您已参与过此商品的秒杀
2026-10-08 17:16:45.569 [http-nio-8080-exec-174] WARN  com.practice.flashsale.order.service.impl.OrderServiceImpl - ==> 重复下单, userId：98, activityId：1, goodsId：1
2026-10-08 17:16:45.571 [http-nio-8080-exec-174] WARN  com.practice.flashsale.common.exception.GlobalExceptionHandler - /seckill/order request fail, errorCode: 40004, errorMessage: 您已参与过此商品的秒杀
2026-10-08 17:16:45.572 [http-nio-8080-exec-175] WARN  com.practice.flashsale.order.service.impl.OrderServiceImpl - ==> 重复下单, userId：97, activityId：1, goodsId：1
2026-10-08 17:16:45.574 [http-nio-8080-exec-175] WARN  com.practice.flashsale.common.exception.GlobalExceptionHandler - /seckill/order request fail, errorCode: 40004, errorMessage: 您已参与过此商品的秒杀
2026-10-08 17:16:45.575 [http-nio-8080-exec-176] WARN  com.practice.flashsale.order.service.impl.OrderServiceImpl - ==> 重复下单, userId：99, activityId：1, goodsId：1
2026-10-08 17:16:45.578 [http-nio-8080-exec-176] WARN  com.practice.flashsale.common.exception.GlobalExceptionHandler - /seckill/order request fail, errorCode: 40004, errorMessage: 您已参与过此商品的秒杀
2026-10-08 17:16:45.579 [http-nio-8080-exec-1] WARN  com.practice.flashsale.order.service.impl.OrderServiceImpl - ==> 重复下单, userId：105, activityId：1, goodsId：1
2026-10-08 17:16:45.581 [http-nio-8080-exec-1] WARN  com.practice.flashsale.common.exception.GlobalExceptionHandler - /seckill/order request fail, errorCode: 40004, errorMessage: 您已参与过此商品的秒杀
2026-10-08 17:16:45.582 [http-nio-8080-exec-110] WARN  com.practice.flashsale.order.service.impl.OrderServiceImpl - ==> 重复下单, userId：11, activityId：1, goodsId：1
2026-10-08 17:16:45.584 [http-nio-8080-exec-110] WARN  com.practice.flashsale.common.exception.GlobalExceptionHandler - /seckill/order request fail, errorCode: 40004, errorMessage: 您已参与过此商品的秒杀
2026-10-08 17:16:45.585 [http-nio-8080-exec-177] WARN  com.practice.flashsale.order.service.impl.OrderServiceImpl - ==> 重复下单, userId：96, activityId：1, goodsId：1
2026-10-08 17:16:45.587 [http-nio-8080-exec-177] WARN  com.practice.flashsale.common.exception.GlobalExceptionHandler - /seckill/order request fail, errorCode: 40004, errorMessage: 您已参与过此商品的秒杀
2026-10-08 17:16:45.588 [http-nio-8080-exec-180] WARN  com.practice.flashsale.order.service.impl.OrderServiceImpl - ==> 重复下单, userId：100, activityId：1, goodsId：1
2026-10-08 17:16:45.590 [http-nio-8080-exec-180] WARN  com.practice.flashsale.common.exception.GlobalExceptionHandler - /seckill/order request fail, errorCode: 40004, errorMessage: 您已参与过此商品的秒杀
2026-10-08 17:16:45.591 [http-nio-8080-exec-182] WARN  com.practice.flashsale.order.service.impl.OrderServiceImpl - ==> 重复下单, userId：101, activityId：1, goodsId：1
2026-10-08 17:16:45.593 [http-nio-8080-exec-182] WARN  com.practice.flashsale.common.exception.GlobalExceptionHandler - /seckill/order request fail, errorCode: 40004, errorMessage: 您已参与过此商品的秒杀
2026-10-08 17:16:45.593 [http-nio-8080-exec-181] WARN  com.practice.flashsale.order.service.impl.OrderServiceImpl - ==> 重复下单, userId：104, activityId：1, goodsId：1
2026-10-08 17:16:45.595 [http-nio-8080-exec-181] WARN  com.practice.flashsale.common.exception.GlobalExceptionHandler - /seckill/order request fail, errorCode: 40004, errorMessage: 您已参与过此商品的秒杀
2026-10-08 17:16:45.596 [http-nio-8080-exec-178] WARN  com.practice.flashsale.order.service.impl.OrderServiceImpl - ==> 重复下单, userId：103, activityId：1, goodsId：1
2026-10-08 17:16:45.598 [http-nio-8080-exec-178] WARN  com.practice.flashsale.common.exception.GlobalExceptionHandler - /seckill/order request fail, errorCode: 40004, errorMessage: 您已参与过此商品的秒杀
2026-10-08 17:16:45.599 [http-nio-8080-exec-179] WARN  com.practice.flashsale.order.service.impl.OrderServiceImpl - ==> 重复下单, userId：102, activityId：1, goodsId：1
2026-10-08 17:16:45.600 [http-nio-8080-exec-179] WARN  com.practice.flashsale.common.exception.GlobalExceptionHandler - /seckill/order request fail, errorCode: 40004, errorMessage: 您已参与过此商品的秒杀
2026-10-08 17:17:21.893 [http-nio-8080-exec-141] INFO  com.practice.flashsale.common.aspect.ApiOperationLogAspect - ====== 请求开始：[秒杀下单], 入参：{"activityId":1,"goodsId":2}, 请求类：OrderController, 请求方法：doSeckill =================================== 
2026-10-08 17:17:21.893 [http-nio-8080-exec-121] INFO  com.practice.flashsale.common.aspect.ApiOperationLogAspect - ====== 请求开始：[秒杀下单], 入参：{"activityId":1,"goodsId":2}, 请求类：OrderController, 请求方法：doSeckill =================================== 
2026-10-08 17:17:21.893 [http-nio-8080-exec-144] INFO  com.practice.flashsale.common.aspect.ApiOperationLogAspect - ====== 请求开始：[秒杀下单], 入参：{"activityId":1,"goodsId":2}, 请求类：OrderController, 请求方法：doSeckill =================================== 
2026-10-08 17:17:21.894 [http-nio-8080-exec-9] INFO  com.practice.flashsale.common.aspect.ApiOperationLogAspect - ====== 请求开始：[秒杀下单], 入参：{"activityId":1,"goodsId":2}, 请求类：OrderController, 请求方法：doSeckill =================================== 
2026-10-08 17:17:21.894 [http-nio-8080-exec-116] INFO  com.practice.flashsale.common.aspect.ApiOperationLogAspect - ====== 请求开始：[秒杀下单], 入参：{"activityId":1,"goodsId":2}, 请求类：OrderController, 请求方法：doSeckill =================================== 
2026-10-08 17:17:21.894 [http-nio-8080-exec-119] INFO  com.practice.flashsale.common.aspect.ApiOperationLogAspect - ====== 请求开始：[秒杀下单], 入参：{"activityId":1,"goodsId":2}, 请求类：OrderController, 请求方法：doSeckill =================================== 
2026-10-08 17:17:21.894 [http-nio-8080-exec-127] INFO  com.practice.flashsale.common.aspect.ApiOperationLogAspect - ====== 请求开始：[秒杀下单], 入参：{"activityId":1,"goodsId":2}, 请求类：OrderController, 请求方法：doSeckill =================================== 
2026-10-08 17:17:21.894 [http-nio-8080-exec-145] INFO  com.practice.flashsale.common.aspect.ApiOperationLogAspect - ====== 请求开始：[秒杀下单], 入参：{"activityId":1,"goodsId":2}, 请求类：OrderController, 请求方法：doSeckill =================================== 
2026-10-08 17:17:21.895 [http-nio-8080-exec-129] INFO  com.practice.flashsale.common.aspect.ApiOperationLogAspect - ====== 请求开始：[秒杀下单], 入参：{"activityId":1,"goodsId":2}, 请求类：OrderController, 请求方法：doSeckill =================================== 
2026-10-08 17:17:21.895 [http-nio-8080-exec-170] INFO  com.practice.flashsale.common.aspect.ApiOperationLogAspect - ====== 请求开始：[秒杀下单], 入参：{"activityId":1,"goodsId":2}, 请求类：OrderController, 请求方法：doSeckill =================================== 
2026-10-08 17:17:21.895 [http-nio-8080-exec-141] INFO  com.practice.flashsale.order.service.impl.OrderServiceImpl - ==> 当前登录用户 ID：12
2026-10-08 17:17:21.896 [http-nio-8080-exec-121] INFO  com.practice.flashsale.order.service.impl.OrderServiceImpl - ==> 当前登录用户 ID：10
2026-10-08 17:17:21.896 [http-nio-8080-exec-116] INFO  com.practice.flashsale.order.service.impl.OrderServiceImpl - ==> 当前登录用户 ID：19
2026-10-08 17:17:21.896 [http-nio-8080-exec-129] INFO  com.practice.flashsale.order.service.impl.OrderServiceImpl - ==> 当前登录用户 ID：15
2026-10-08 17:17:21.897 [http-nio-8080-exec-146] INFO  com.practice.flashsale.common.aspect.ApiOperationLogAspect - ====== 请求开始：[秒杀下单], 入参：{"activityId":1,"goodsId":2}, 请求类：OrderController, 请求方法：doSeckill =================================== 
2026-10-08 17:17:21.897 [http-nio-8080-exec-9] INFO  com.practice.flashsale.order.service.impl.OrderServiceImpl - ==> 当前登录用户 ID：6
2026-10-08 17:17:21.897 [http-nio-8080-exec-145] INFO  com.practice.flashsale.order.service.impl.OrderServiceImpl - ==> 当前登录用户 ID：24
2026-10-08 17:17:21.897 [http-nio-8080-exec-107] INFO  com.practice.flashsale.common.aspect.ApiOperationLogAspect - ====== 请求开始：[秒杀下单], 入参：{"activityId":1,"goodsId":2}, 请求类：OrderController, 请求方法：doSeckill =================================== 
2026-10-08 17:17:21.897 [http-nio-8080-exec-148] INFO  com.practice.flashsale.common.aspect.ApiOperationLogAspect - ====== 请求开始：[秒杀下单], 入参：{"activityId":1,"goodsId":2}, 请求类：OrderController, 请求方法：doSeckill =================================== 
2026-10-08 17:17:21.897 [http-nio-8080-exec-17] INFO  com.practice.flashsale.common.aspect.ApiOperationLogAspect - ====== 请求开始：[秒杀下单], 入参：{"activityId":1,"goodsId":2}, 请求类：OrderController, 请求方法：doSeckill =================================== 
2026-10-08 17:17:21.900 [http-nio-8080-exec-148] INFO  com.practice.flashsale.order.service.impl.OrderServiceImpl - ==> 当前登录用户 ID：23
2026-10-08 17:17:21.900 [http-nio-8080-exec-170] INFO  com.practice.flashsale.order.service.impl.OrderServiceImpl - ==> 当前登录用户 ID：20
2026-10-08 17:17:21.900 [http-nio-8080-exec-127] INFO  com.practice.flashsale.order.service.impl.OrderServiceImpl - ==> 当前登录用户 ID：11
2026-10-08 17:17:21.901 [http-nio-8080-exec-119] INFO  com.practice.flashsale.order.service.impl.OrderServiceImpl - ==> 当前登录用户 ID：22
2026-10-08 17:17:21.901 [http-nio-8080-exec-116] INFO  com.practice.flashsale.order.service.impl.OrderServiceImpl - ==> 秒杀下单成功, orderId：301, orderNo：2108124581301997568
2026-10-08 17:17:21.903 [http-nio-8080-exec-144] INFO  com.practice.flashsale.order.service.impl.OrderServiceImpl - ==> 当前登录用户 ID：26
2026-10-08 17:17:21.905 [http-nio-8080-exec-138] INFO  com.practice.flashsale.common.aspect.ApiOperationLogAspect - ====== 请求开始：[秒杀下单], 入参：{"activityId":1,"goodsId":2}, 请求类：OrderController, 请求方法：doSeckill =================================== 
2026-10-08 17:17:21.905 [http-nio-8080-exec-137] INFO  com.practice.flashsale.common.aspect.ApiOperationLogAspect - ====== 请求开始：[秒杀下单], 入参：{"activityId":1,"goodsId":2}, 请求类：OrderController, 请求方法：doSeckill =================================== 
2026-10-08 17:17:21.906 [http-nio-8080-exec-17] INFO  com.practice.flashsale.order.service.impl.OrderServiceImpl - ==> 当前登录用户 ID：25
2026-10-08 17:17:21.906 [http-nio-8080-exec-107] INFO  com.practice.flashsale.order.service.impl.OrderServiceImpl - ==> 当前登录用户 ID：16
2026-10-08 17:17:21.908 [http-nio-8080-exec-104] INFO  com.practice.flashsale.common.aspect.ApiOperationLogAspect - ====== 请求开始：[秒杀下单], 入参：{"activityId":1,"goodsId":2}, 请求类：OrderController, 请求方法：doSeckill =================================== 
2026-10-08 17:17:21.908 [http-nio-8080-exec-53] INFO  com.practice.flashsale.common.aspect.ApiOperationLogAspect - ====== 请求开始：[秒杀下单], 入参：{"activityId":1,"goodsId":2}, 请求类：OrderController, 请求方法：doSeckill =================================== 
2026-10-08 17:17:21.908 [http-nio-8080-exec-153] INFO  com.practice.flashsale.common.aspect.ApiOperationLogAspect - ====== 请求开始：[秒杀下单], 入参：{"activityId":1,"goodsId":2}, 请求类：OrderController, 请求方法：doSeckill =================================== 
2026-10-08 17:17:21.908 [http-nio-8080-exec-142] INFO  com.practice.flashsale.common.aspect.ApiOperationLogAspect - ====== 请求开始：[秒杀下单], 入参：{"activityId":1,"goodsId":2}, 请求类：OrderController, 请求方法：doSeckill =================================== 
2026-10-08 17:17:21.910 [http-nio-8080-exec-138] INFO  com.practice.flashsale.order.service.impl.OrderServiceImpl - ==> 当前登录用户 ID：14
2026-10-08 17:17:21.910 [http-nio-8080-exec-137] INFO  com.practice.flashsale.order.service.impl.OrderServiceImpl - ==> 当前登录用户 ID：18
2026-10-08 17:17:21.910 [http-nio-8080-exec-146] INFO  com.practice.flashsale.order.service.impl.OrderServiceImpl - ==> 当前登录用户 ID：7
2026-10-08 17:17:21.911 [http-nio-8080-exec-123] INFO  com.practice.flashsale.common.aspect.ApiOperationLogAspect - ====== 请求开始：[秒杀下单], 入参：{"activityId":1,"goodsId":2}, 请求类：OrderController, 请求方法：doSeckill =================================== 
2026-10-08 17:17:21.911 [http-nio-8080-exec-142] INFO  com.practice.flashsale.order.service.impl.OrderServiceImpl - ==> 当前登录用户 ID：32
2026-10-08 17:17:21.911 [http-nio-8080-exec-104] INFO  com.practice.flashsale.order.service.impl.OrderServiceImpl - ==> 当前登录用户 ID：28
2026-10-08 17:17:21.913 [http-nio-8080-exec-136] INFO  com.practice.flashsale.common.aspect.ApiOperationLogAspect - ====== 请求开始：[秒杀下单], 入参：{"activityId":1,"goodsId":2}, 请求类：OrderController, 请求方法：doSeckill =================================== 
2026-10-08 17:17:21.913 [http-nio-8080-exec-128] INFO  com.practice.flashsale.common.aspect.ApiOperationLogAspect - ====== 请求开始：[秒杀下单], 入参：{"activityId":1,"goodsId":2}, 请求类：OrderController, 请求方法：doSeckill =================================== 
2026-10-08 17:17:21.913 [http-nio-8080-exec-153] INFO  com.practice.flashsale.order.service.impl.OrderServiceImpl - ==> 当前登录用户 ID：13
2026-10-08 17:17:21.913 [http-nio-8080-exec-162] INFO  com.practice.flashsale.common.aspect.ApiOperationLogAspect - ====== 请求开始：[秒杀下单], 入参：{"activityId":1,"goodsId":2}, 请求类：OrderController, 请求方法：doSeckill =================================== 
2026-10-08 17:17:21.915 [http-nio-8080-exec-136] INFO  com.practice.flashsale.order.service.impl.OrderServiceImpl - ==> 当前登录用户 ID：21
2026-10-08 17:17:21.915 [http-nio-8080-exec-162] INFO  com.practice.flashsale.order.service.impl.OrderServiceImpl - ==> 当前登录用户 ID：31
2026-10-08 17:17:21.915 [http-nio-8080-exec-123] INFO  com.practice.flashsale.order.service.impl.OrderServiceImpl - ==> 当前登录用户 ID：27
2026-10-08 17:17:21.916 [http-nio-8080-exec-53] INFO  com.practice.flashsale.order.service.impl.OrderServiceImpl - ==> 当前登录用户 ID：9
2026-10-08 17:17:21.916 [http-nio-8080-exec-111] INFO  com.practice.flashsale.common.aspect.ApiOperationLogAspect - ====== 请求开始：[秒杀下单], 入参：{"activityId":1,"goodsId":2}, 请求类：OrderController, 请求方法：doSeckill =================================== 
2026-10-08 17:17:21.917 [http-nio-8080-exec-154] INFO  com.practice.flashsale.common.aspect.ApiOperationLogAspect - ====== 请求开始：[秒杀下单], 入参：{"activityId":1,"goodsId":2}, 请求类：OrderController, 请求方法：doSeckill =================================== 
2026-10-08 17:17:21.917 [http-nio-8080-exec-130] INFO  com.practice.flashsale.common.aspect.ApiOperationLogAspect - ====== 请求开始：[秒杀下单], 入参：{"activityId":1,"goodsId":2}, 请求类：OrderController, 请求方法：doSeckill =================================== 
2026-10-08 17:17:21.917 [http-nio-8080-exec-156] INFO  com.practice.flashsale.common.aspect.ApiOperationLogAspect - ====== 请求开始：[秒杀下单], 入参：{"activityId":1,"goodsId":2}, 请求类：OrderController, 请求方法：doSeckill =================================== 
2026-10-08 17:17:21.917 [http-nio-8080-exec-113] INFO  com.practice.flashsale.common.aspect.ApiOperationLogAspect - ====== 请求开始：[秒杀下单], 入参：{"activityId":1,"goodsId":2}, 请求类：OrderController, 请求方法：doSeckill =================================== 
2026-10-08 17:17:21.918 [http-nio-8080-exec-147] INFO  com.practice.flashsale.common.aspect.ApiOperationLogAspect - ====== 请求开始：[秒杀下单], 入参：{"activityId":1,"goodsId":2}, 请求类：OrderController, 请求方法：doSeckill =================================== 
2026-10-08 17:17:21.920 [http-nio-8080-exec-130] INFO  com.practice.flashsale.order.service.impl.OrderServiceImpl - ==> 当前登录用户 ID：36
2026-10-08 17:17:21.920 [http-nio-8080-exec-154] INFO  com.practice.flashsale.order.service.impl.OrderServiceImpl - ==> 当前登录用户 ID：34
2026-10-08 17:17:21.921 [http-nio-8080-exec-111] INFO  com.practice.flashsale.order.service.impl.OrderServiceImpl - ==> 当前登录用户 ID：30
2026-10-08 17:17:21.921 [http-nio-8080-exec-124] INFO  com.practice.flashsale.common.aspect.ApiOperationLogAspect - ====== 请求开始：[秒杀下单], 入参：{"activityId":1,"goodsId":2}, 请求类：OrderController, 请求方法：doSeckill =================================== 
2026-10-08 17:17:21.921 [http-nio-8080-exec-118] INFO  com.practice.flashsale.common.aspect.ApiOperationLogAspect - ====== 请求开始：[秒杀下单], 入参：{"activityId":1,"goodsId":2}, 请求类：OrderController, 请求方法：doSeckill =================================== 
2026-10-08 17:17:21.921 [http-nio-8080-exec-155] INFO  com.practice.flashsale.common.aspect.ApiOperationLogAspect - ====== 请求开始：[秒杀下单], 入参：{"activityId":1,"goodsId":2}, 请求类：OrderController, 请求方法：doSeckill =================================== 
2026-10-08 17:17:21.921 [http-nio-8080-exec-157] INFO  com.practice.flashsale.common.aspect.ApiOperationLogAspect - ====== 请求开始：[秒杀下单], 入参：{"activityId":1,"goodsId":2}, 请求类：OrderController, 请求方法：doSeckill =================================== 
2026-10-08 17:17:21.921 [http-nio-8080-exec-122] INFO  com.practice.flashsale.common.aspect.ApiOperationLogAspect - ====== 请求开始：[秒杀下单], 入参：{"activityId":1,"goodsId":2}, 请求类：OrderController, 请求方法：doSeckill =================================== 
2026-10-08 17:17:21.922 [http-nio-8080-exec-156] INFO  com.practice.flashsale.order.service.impl.OrderServiceImpl - ==> 当前登录用户 ID：37
2026-10-08 17:17:21.922 [http-nio-8080-exec-113] INFO  com.practice.flashsale.order.service.impl.OrderServiceImpl - ==> 当前登录用户 ID：35
2026-10-08 17:17:21.922 [http-nio-8080-exec-118] INFO  com.practice.flashsale.order.service.impl.OrderServiceImpl - ==> 当前登录用户 ID：42
2026-10-08 17:17:21.923 [http-nio-8080-exec-30] INFO  com.practice.flashsale.common.aspect.ApiOperationLogAspect - ====== 请求开始：[秒杀下单], 入参：{"activityId":1,"goodsId":2}, 请求类：OrderController, 请求方法：doSeckill =================================== 
2026-10-08 17:17:21.923 [http-nio-8080-exec-158] INFO  com.practice.flashsale.common.aspect.ApiOperationLogAspect - ====== 请求开始：[秒杀下单], 入参：{"activityId":1,"goodsId":2}, 请求类：OrderController, 请求方法：doSeckill =================================== 
2026-10-08 17:17:21.924 [http-nio-8080-exec-147] INFO  com.practice.flashsale.order.service.impl.OrderServiceImpl - ==> 当前登录用户 ID：41
2026-10-08 17:17:21.925 [http-nio-8080-exec-116] INFO  com.practice.flashsale.common.aspect.ApiOperationLogAspect - ====== 请求结束: [秒杀下单], 耗时: 31ms, 出参: {"success":true,"message":null,"errorCode":null,"data":{"orderId":301,"orderNo":"2108124581301997568","goodsName":"MacBook Pro 14英寸 M3 Pro","goodsImg":"https://img.quanxiaoha.com/macbookpro14.jpg","seckillPrice":12999.00,"status":0,"expireTime":"2026-10-08 17:47:21"}} =================================== 
2026-10-08 17:17:21.926 [http-nio-8080-exec-159] INFO  com.practice.flashsale.common.aspect.ApiOperationLogAspect - ====== 请求开始：[秒杀下单], 入参：{"activityId":1,"goodsId":2}, 请求类：OrderController, 请求方法：doSeckill =================================== 
2026-10-08 17:17:21.926 [http-nio-8080-exec-165] INFO  com.practice.flashsale.common.aspect.ApiOperationLogAspect - ====== 请求开始：[秒杀下单], 入参：{"activityId":1,"goodsId":2}, 请求类：OrderController, 请求方法：doSeckill =================================== 
2026-10-08 17:17:21.926 [http-nio-8080-exec-166] INFO  com.practice.flashsale.common.aspect.ApiOperationLogAspect - ====== 请求开始：[秒杀下单], 入参：{"activityId":1,"goodsId":2}, 请求类：OrderController, 请求方法：doSeckill =================================== 
2026-10-08 17:17:21.926 [http-nio-8080-exec-102] INFO  com.practice.flashsale.common.aspect.ApiOperationLogAspect - ====== 请求开始：[秒杀下单], 入参：{"activityId":1,"goodsId":2}, 请求类：OrderController, 请求方法：doSeckill =================================== 
2026-10-08 17:17:21.926 [http-nio-8080-exec-71] INFO  com.practice.flashsale.common.aspect.ApiOperationLogAspect - ====== 请求开始：[秒杀下单], 入参：{"activityId":1,"goodsId":2}, 请求类：OrderController, 请求方法：doSeckill =================================== 
2026-10-08 17:17:21.926 [http-nio-8080-exec-161] INFO  com.practice.flashsale.common.aspect.ApiOperationLogAspect - ====== 请求开始：[秒杀下单], 入参：{"activityId":1,"goodsId":2}, 请求类：OrderController, 请求方法：doSeckill =================================== 
2026-10-08 17:17:21.927 [http-nio-8080-exec-155] INFO  com.practice.flashsale.order.service.impl.OrderServiceImpl - ==> 当前登录用户 ID：39
2026-10-08 17:17:21.927 [http-nio-8080-exec-167] INFO  com.practice.flashsale.common.aspect.ApiOperationLogAspect - ====== 请求开始：[秒杀下单], 入参：{"activityId":1,"goodsId":2}, 请求类：OrderController, 请求方法：doSeckill =================================== 
2026-10-08 17:17:21.928 [http-nio-8080-exec-116] INFO  com.practice.flashsale.common.aspect.ApiOperationLogAspect - ====== 请求开始：[秒杀下单], 入参：{"activityId":1,"goodsId":2}, 请求类：OrderController, 请求方法：doSeckill =================================== 
2026-10-08 17:17:21.929 [http-nio-8080-exec-141] INFO  com.practice.flashsale.order.service.impl.OrderServiceImpl - ==> 秒杀下单成功, orderId：302, orderNo：2108124581415243776
2026-10-08 17:17:21.929 [http-nio-8080-exec-109] INFO  com.practice.flashsale.common.aspect.ApiOperationLogAspect - ====== 请求开始：[秒杀下单], 入参：{"activityId":1,"goodsId":2}, 请求类：OrderController, 请求方法：doSeckill =================================== 
2026-10-08 17:17:21.931 [http-nio-8080-exec-150] INFO  com.practice.flashsale.common.aspect.ApiOperationLogAspect - ====== 请求开始：[秒杀下单], 入参：{"activityId":1,"goodsId":2}, 请求类：OrderController, 请求方法：doSeckill =================================== 
2026-10-08 17:17:21.931 [http-nio-8080-exec-124] INFO  com.practice.flashsale.order.service.impl.OrderServiceImpl - ==> 当前登录用户 ID：33
2026-10-08 17:17:21.932 [http-nio-8080-exec-11] INFO  com.practice.flashsale.common.aspect.ApiOperationLogAspect - ====== 请求开始：[秒杀下单], 入参：{"activityId":1,"goodsId":2}, 请求类：OrderController, 请求方法：doSeckill =================================== 
2026-10-08 17:17:21.932 [http-nio-8080-exec-103] INFO  com.practice.flashsale.common.aspect.ApiOperationLogAspect - ====== 请求开始：[秒杀下单], 入参：{"activityId":1,"goodsId":2}, 请求类：OrderController, 请求方法：doSeckill =================================== 
2026-10-08 17:17:21.932 [http-nio-8080-exec-169] INFO  com.practice.flashsale.common.aspect.ApiOperationLogAspect - ====== 请求开始：[秒杀下单], 入参：{"activityId":1,"goodsId":2}, 请求类：OrderController, 请求方法：doSeckill =================================== 
2026-10-08 17:17:21.932 [http-nio-8080-exec-168] INFO  com.practice.flashsale.common.aspect.ApiOperationLogAspect - ====== 请求开始：[秒杀下单], 入参：{"activityId":1,"goodsId":2}, 请求类：OrderController, 请求方法：doSeckill =================================== 
2026-10-08 17:17:21.932 [http-nio-8080-exec-42] INFO  com.practice.flashsale.common.aspect.ApiOperationLogAspect - ====== 请求开始：[秒杀下单], 入参：{"activityId":1,"goodsId":2}, 请求类：OrderController, 请求方法：doSeckill =================================== 
2026-10-08 17:17:21.932 [http-nio-8080-exec-106] INFO  com.practice.flashsale.common.aspect.ApiOperationLogAspect - ====== 请求开始：[秒杀下单], 入参：{"activityId":1,"goodsId":2}, 请求类：OrderController, 请求方法：doSeckill =================================== 
2026-10-08 17:17:21.932 [http-nio-8080-exec-160] INFO  com.practice.flashsale.common.aspect.ApiOperationLogAspect - ====== 请求开始：[秒杀下单], 入参：{"activityId":1,"goodsId":2}, 请求类：OrderController, 请求方法：doSeckill =================================== 
2026-10-08 17:17:21.934 [http-nio-8080-exec-101] INFO  com.practice.flashsale.common.aspect.ApiOperationLogAspect - ====== 请求开始：[秒杀下单], 入参：{"activityId":1,"goodsId":2}, 请求类：OrderController, 请求方法：doSeckill =================================== 
2026-10-08 17:17:21.935 [http-nio-8080-exec-48] INFO  com.practice.flashsale.common.aspect.ApiOperationLogAspect - ====== 请求开始：[秒杀下单], 入参：{"activityId":1,"goodsId":2}, 请求类：OrderController, 请求方法：doSeckill =================================== 
2026-10-08 17:17:21.936 [http-nio-8080-exec-141] INFO  com.practice.flashsale.common.aspect.ApiOperationLogAspect - ====== 请求结束: [秒杀下单], 耗时: 43ms, 出参: {"success":true,"message":null,"errorCode":null,"data":{"orderId":302,"orderNo":"2108124581415243776","goodsName":"MacBook Pro 14英寸 M3 Pro","goodsImg":"https://img.quanxiaoha.com/macbookpro14.jpg","seckillPrice":12999.00,"status":0,"expireTime":"2026-10-08 17:47:21"}} =================================== 
2026-10-08 17:17:21.936 [http-nio-8080-exec-125] INFO  com.practice.flashsale.common.aspect.ApiOperationLogAspect - ====== 请求开始：[秒杀下单], 入参：{"activityId":1,"goodsId":2}, 请求类：OrderController, 请求方法：doSeckill =================================== 
2026-10-08 17:17:21.938 [http-nio-8080-exec-117] INFO  com.practice.flashsale.common.aspect.ApiOperationLogAspect - ====== 请求开始：[秒杀下单], 入参：{"activityId":1,"goodsId":2}, 请求类：OrderController, 请求方法：doSeckill =================================== 
2026-10-08 17:17:21.938 [http-nio-8080-exec-171] INFO  com.practice.flashsale.common.aspect.ApiOperationLogAspect - ====== 请求开始：[秒杀下单], 入参：{"activityId":1,"goodsId":2}, 请求类：OrderController, 请求方法：doSeckill =================================== 
2026-10-08 17:17:21.938 [http-nio-8080-exec-131] INFO  com.practice.flashsale.common.aspect.ApiOperationLogAspect - ====== 请求开始：[秒杀下单], 入参：{"activityId":1,"goodsId":2}, 请求类：OrderController, 请求方法：doSeckill =================================== 
2026-10-08 17:17:21.938 [http-nio-8080-exec-172] INFO  com.practice.flashsale.common.aspect.ApiOperationLogAspect - ====== 请求开始：[秒杀下单], 入参：{"activityId":1,"goodsId":2}, 请求类：OrderController, 请求方法：doSeckill =================================== 
2026-10-08 17:17:21.940 [http-nio-8080-exec-121] INFO  com.practice.flashsale.order.service.impl.OrderServiceImpl - ==> 秒杀下单成功, orderId：303, orderNo：2108124581465575424
2026-10-08 17:17:21.941 [http-nio-8080-exec-125] INFO  com.practice.flashsale.order.service.impl.OrderServiceImpl - ==> 当前登录用户 ID：61
2026-10-08 17:17:21.941 [http-nio-8080-exec-141] INFO  com.practice.flashsale.common.aspect.ApiOperationLogAspect - ====== 请求开始：[秒杀下单], 入参：{"activityId":1,"goodsId":2}, 请求类：OrderController, 请求方法：doSeckill =================================== 
2026-10-08 17:17:21.941 [http-nio-8080-exec-173] INFO  com.practice.flashsale.common.aspect.ApiOperationLogAspect - ====== 请求开始：[秒杀下单], 入参：{"activityId":1,"goodsId":2}, 请求类：OrderController, 请求方法：doSeckill =================================== 
2026-10-08 17:17:21.941 [http-nio-8080-exec-108] INFO  com.practice.flashsale.common.aspect.ApiOperationLogAspect - ====== 请求开始：[秒杀下单], 入参：{"activityId":1,"goodsId":2}, 请求类：OrderController, 请求方法：doSeckill =================================== 
2026-10-08 17:17:21.941 [http-nio-8080-exec-134] INFO  com.practice.flashsale.common.aspect.ApiOperationLogAspect - ====== 请求开始：[秒杀下单], 入参：{"activityId":1,"goodsId":2}, 请求类：OrderController, 请求方法：doSeckill =================================== 
2026-10-08 17:17:21.941 [http-nio-8080-exec-132] INFO  com.practice.flashsale.common.aspect.ApiOperationLogAspect - ====== 请求开始：[秒杀下单], 入参：{"activityId":1,"goodsId":2}, 请求类：OrderController, 请求方法：doSeckill =================================== 
2026-10-08 17:17:21.941 [http-nio-8080-exec-105] INFO  com.practice.flashsale.common.aspect.ApiOperationLogAspect - ====== 请求开始：[秒杀下单], 入参：{"activityId":1,"goodsId":2}, 请求类：OrderController, 请求方法：doSeckill =================================== 
2026-10-08 17:17:21.941 [http-nio-8080-exec-139] INFO  com.practice.flashsale.common.aspect.ApiOperationLogAspect - ====== 请求开始：[秒杀下单], 入参：{"activityId":1,"goodsId":2}, 请求类：OrderController, 请求方法：doSeckill =================================== 
2026-10-08 17:17:21.941 [http-nio-8080-exec-174] INFO  com.practice.flashsale.common.aspect.ApiOperationLogAspect - ====== 请求开始：[秒杀下单], 入参：{"activityId":1,"goodsId":2}, 请求类：OrderController, 请求方法：doSeckill =================================== 
2026-10-08 17:17:21.942 [http-nio-8080-exec-175] INFO  com.practice.flashsale.common.aspect.ApiOperationLogAspect - ====== 请求开始：[秒杀下单], 入参：{"activityId":1,"goodsId":2}, 请求类：OrderController, 请求方法：doSeckill =================================== 
2026-10-08 17:17:21.942 [http-nio-8080-exec-90] INFO  com.practice.flashsale.common.aspect.ApiOperationLogAspect - ====== 请求开始：[秒杀下单], 入参：{"activityId":1,"goodsId":2}, 请求类：OrderController, 请求方法：doSeckill =================================== 
2026-10-08 17:17:21.942 [http-nio-8080-exec-140] INFO  com.practice.flashsale.common.aspect.ApiOperationLogAspect - ====== 请求开始：[秒杀下单], 入参：{"activityId":1,"goodsId":2}, 请求类：OrderController, 请求方法：doSeckill =================================== 
2026-10-08 17:17:21.942 [http-nio-8080-exec-112] INFO  com.practice.flashsale.common.aspect.ApiOperationLogAspect - ====== 请求开始：[秒杀下单], 入参：{"activityId":1,"goodsId":2}, 请求类：OrderController, 请求方法：doSeckill =================================== 
2026-10-08 17:17:21.943 [http-nio-8080-exec-164] INFO  com.practice.flashsale.common.aspect.ApiOperationLogAspect - ====== 请求开始：[秒杀下单], 入参：{"activityId":1,"goodsId":2}, 请求类：OrderController, 请求方法：doSeckill =================================== 
2026-10-08 17:17:21.944 [http-nio-8080-exec-151] INFO  com.practice.flashsale.common.aspect.ApiOperationLogAspect - ====== 请求开始：[秒杀下单], 入参：{"activityId":1,"goodsId":2}, 请求类：OrderController, 请求方法：doSeckill =================================== 
2026-10-08 17:17:21.944 [http-nio-8080-exec-128] INFO  com.practice.flashsale.order.service.impl.OrderServiceImpl - ==> 当前登录用户 ID：8
2026-10-08 17:17:21.945 [http-nio-8080-exec-135] INFO  com.practice.flashsale.common.aspect.ApiOperationLogAspect - ====== 请求开始：[秒杀下单], 入参：{"activityId":1,"goodsId":2}, 请求类：OrderController, 请求方法：doSeckill =================================== 
2026-10-08 17:17:21.945 [http-nio-8080-exec-120] INFO  com.practice.flashsale.common.aspect.ApiOperationLogAspect - ====== 请求开始：[秒杀下单], 入参：{"activityId":1,"goodsId":2}, 请求类：OrderController, 请求方法：doSeckill =================================== 
2026-10-08 17:17:21.945 [http-nio-8080-exec-152] INFO  com.practice.flashsale.common.aspect.ApiOperationLogAspect - ====== 请求开始：[秒杀下单], 入参：{"activityId":1,"goodsId":2}, 请求类：OrderController, 请求方法：doSeckill =================================== 
2026-10-08 17:17:21.946 [http-nio-8080-exec-176] INFO  com.practice.flashsale.common.aspect.ApiOperationLogAspect - ====== 请求开始：[秒杀下单], 入参：{"activityId":1,"goodsId":2}, 请求类：OrderController, 请求方法：doSeckill =================================== 
2026-10-08 17:17:21.946 [http-nio-8080-exec-115] INFO  com.practice.flashsale.common.aspect.ApiOperationLogAspect - ====== 请求开始：[秒杀下单], 入参：{"activityId":1,"goodsId":2}, 请求类：OrderController, 请求方法：doSeckill =================================== 
2026-10-08 17:17:21.946 [http-nio-8080-exec-181] INFO  com.practice.flashsale.common.aspect.ApiOperationLogAspect - ====== 请求开始：[秒杀下单], 入参：{"activityId":1,"goodsId":2}, 请求类：OrderController, 请求方法：doSeckill =================================== 
2026-10-08 17:17:21.947 [http-nio-8080-exec-143] INFO  com.practice.flashsale.common.aspect.ApiOperationLogAspect - ====== 请求开始：[秒杀下单], 入参：{"activityId":1,"goodsId":2}, 请求类：OrderController, 请求方法：doSeckill =================================== 
2026-10-08 17:17:21.947 [http-nio-8080-exec-163] INFO  com.practice.flashsale.common.aspect.ApiOperationLogAspect - ====== 请求开始：[秒杀下单], 入参：{"activityId":1,"goodsId":2}, 请求类：OrderController, 请求方法：doSeckill =================================== 
2026-10-08 17:17:21.948 [http-nio-8080-exec-110] INFO  com.practice.flashsale.common.aspect.ApiOperationLogAspect - ====== 请求开始：[秒杀下单], 入参：{"activityId":1,"goodsId":2}, 请求类：OrderController, 请求方法：doSeckill =================================== 
2026-10-08 17:17:21.950 [http-nio-8080-exec-177] INFO  com.practice.flashsale.common.aspect.ApiOperationLogAspect - ====== 请求开始：[秒杀下单], 入参：{"activityId":1,"goodsId":2}, 请求类：OrderController, 请求方法：doSeckill =================================== 
2026-10-08 17:17:21.951 [http-nio-8080-exec-1] INFO  com.practice.flashsale.common.aspect.ApiOperationLogAspect - ====== 请求开始：[秒杀下单], 入参：{"activityId":1,"goodsId":2}, 请求类：OrderController, 请求方法：doSeckill =================================== 
2026-10-08 17:17:21.951 [http-nio-8080-exec-183] INFO  com.practice.flashsale.common.aspect.ApiOperationLogAspect - ====== 请求开始：[秒杀下单], 入参：{"activityId":1,"goodsId":2}, 请求类：OrderController, 请求方法：doSeckill =================================== 
2026-10-08 17:17:21.951 [http-nio-8080-exec-122] INFO  com.practice.flashsale.order.service.impl.OrderServiceImpl - ==> 当前登录用户 ID：40
2026-10-08 17:17:21.952 [http-nio-8080-exec-149] INFO  com.practice.flashsale.common.aspect.ApiOperationLogAspect - ====== 请求开始：[秒杀下单], 入参：{"activityId":1,"goodsId":2}, 请求类：OrderController, 请求方法：doSeckill =================================== 
2026-10-08 17:17:21.952 [http-nio-8080-exec-184] INFO  com.practice.flashsale.common.aspect.ApiOperationLogAspect - ====== 请求开始：[秒杀下单], 入参：{"activityId":1,"goodsId":2}, 请求类：OrderController, 请求方法：doSeckill =================================== 
2026-10-08 17:17:21.952 [http-nio-8080-exec-185] INFO  com.practice.flashsale.common.aspect.ApiOperationLogAspect - ====== 请求开始：[秒杀下单], 入参：{"activityId":1,"goodsId":2}, 请求类：OrderController, 请求方法：doSeckill =================================== 
2026-10-08 17:17:21.952 [http-nio-8080-exec-178] INFO  com.practice.flashsale.common.aspect.ApiOperationLogAspect - ====== 请求开始：[秒杀下单], 入参：{"activityId":1,"goodsId":2}, 请求类：OrderController, 请求方法：doSeckill =================================== 
2026-10-08 17:17:21.953 [http-nio-8080-exec-180] INFO  com.practice.flashsale.common.aspect.ApiOperationLogAspect - ====== 请求开始：[秒杀下单], 入参：{"activityId":1,"goodsId":2}, 请求类：OrderController, 请求方法：doSeckill =================================== 
2026-10-08 17:17:21.953 [http-nio-8080-exec-126] INFO  com.practice.flashsale.common.aspect.ApiOperationLogAspect - ====== 请求开始：[秒杀下单], 入参：{"activityId":1,"goodsId":2}, 请求类：OrderController, 请求方法：doSeckill =================================== 
2026-10-08 17:17:21.953 [http-nio-8080-exec-182] INFO  com.practice.flashsale.common.aspect.ApiOperationLogAspect - ====== 请求开始：[秒杀下单], 入参：{"activityId":1,"goodsId":2}, 请求类：OrderController, 请求方法：doSeckill =================================== 
2026-10-08 17:17:21.953 [http-nio-8080-exec-114] INFO  com.practice.flashsale.common.aspect.ApiOperationLogAspect - ====== 请求开始：[秒杀下单], 入参：{"activityId":1,"goodsId":2}, 请求类：OrderController, 请求方法：doSeckill =================================== 
2026-10-08 17:17:21.953 [http-nio-8080-exec-121] INFO  com.practice.flashsale.common.aspect.ApiOperationLogAspect - ====== 请求结束: [秒杀下单], 耗时: 60ms, 出参: {"success":true,"message":null,"errorCode":null,"data":{"orderId":303,"orderNo":"2108124581465575424","goodsName":"MacBook Pro 14英寸 M3 Pro","goodsImg":"https://img.quanxiaoha.com/macbookpro14.jpg","seckillPrice":12999.00,"status":0,"expireTime":"2026-10-08 17:47:21"}} =================================== 
2026-10-08 17:17:21.953 [http-nio-8080-exec-187] INFO  com.practice.flashsale.common.aspect.ApiOperationLogAspect - ====== 请求开始：[秒杀下单], 入参：{"activityId":1,"goodsId":2}, 请求类：OrderController, 请求方法：doSeckill =================================== 
2026-10-08 17:17:21.954 [http-nio-8080-exec-186] INFO  com.practice.flashsale.common.aspect.ApiOperationLogAspect - ====== 请求开始：[秒杀下单], 入参：{"activityId":1,"goodsId":2}, 请求类：OrderController, 请求方法：doSeckill =================================== 
2026-10-08 17:17:21.954 [http-nio-8080-exec-133] INFO  com.practice.flashsale.common.aspect.ApiOperationLogAspect - ====== 请求开始：[秒杀下单], 入参：{"activityId":1,"goodsId":2}, 请求类：OrderController, 请求方法：doSeckill =================================== 
2026-10-08 17:17:21.954 [http-nio-8080-exec-179] INFO  com.practice.flashsale.common.aspect.ApiOperationLogAspect - ====== 请求开始：[秒杀下单], 入参：{"activityId":1,"goodsId":2}, 请求类：OrderController, 请求方法：doSeckill =================================== 
2026-10-08 17:17:21.954 [http-nio-8080-exec-182] INFO  com.practice.flashsale.order.service.impl.OrderServiceImpl - ==> 当前登录用户 ID：96
2026-10-08 17:17:21.956 [http-nio-8080-exec-9] INFO  com.practice.flashsale.order.service.impl.OrderServiceImpl - ==> 秒杀下单成功, orderId：304, orderNo：2108124581528489984
2026-10-08 17:17:21.959 [http-nio-8080-exec-9] INFO  com.practice.flashsale.common.aspect.ApiOperationLogAspect - ====== 请求结束: [秒杀下单], 耗时: 65ms, 出参: {"success":true,"message":null,"errorCode":null,"data":{"orderId":304,"orderNo":"2108124581528489984","goodsName":"MacBook Pro 14英寸 M3 Pro","goodsImg":"https://img.quanxiaoha.com/macbookpro14.jpg","seckillPrice":12999.00,"status":0,"expireTime":"2026-10-08 17:47:21"}} =================================== 
2026-10-08 17:17:21.960 [http-nio-8080-exec-158] INFO  com.practice.flashsale.order.service.impl.OrderServiceImpl - ==> 当前登录用户 ID：29
2026-10-08 17:17:21.961 [http-nio-8080-exec-148] INFO  com.practice.flashsale.order.service.impl.OrderServiceImpl - ==> 秒杀下单成功, orderId：305, orderNo：2108124581549461504
2026-10-08 17:17:21.961 [http-nio-8080-exec-121] INFO  com.practice.flashsale.common.aspect.ApiOperationLogAspect - ====== 请求开始：[秒杀下单], 入参：{"activityId":1,"goodsId":2}, 请求类：OrderController, 请求方法：doSeckill =================================== 
2026-10-08 17:17:21.963 [http-nio-8080-exec-148] INFO  com.practice.flashsale.common.aspect.ApiOperationLogAspect - ====== 请求结束: [秒杀下单], 耗时: 66ms, 出参: {"success":true,"message":null,"errorCode":null,"data":{"orderId":305,"orderNo":"2108124581549461504","goodsName":"MacBook Pro 14英寸 M3 Pro","goodsImg":"https://img.quanxiaoha.com/macbookpro14.jpg","seckillPrice":12999.00,"status":0,"expireTime":"2026-10-08 17:47:21"}} =================================== 
2026-10-08 17:17:21.965 [http-nio-8080-exec-159] INFO  com.practice.flashsale.order.service.impl.OrderServiceImpl - ==> 当前登录用户 ID：44
2026-10-08 17:17:21.965 [http-nio-8080-exec-170] INFO  com.practice.flashsale.order.service.impl.OrderServiceImpl - ==> 秒杀下单成功, orderId：306, orderNo：2108124581566238720
2026-10-08 17:17:21.967 [http-nio-8080-exec-170] INFO  com.practice.flashsale.common.aspect.ApiOperationLogAspect - ====== 请求结束: [秒杀下单], 耗时: 72ms, 出参: {"success":true,"message":null,"errorCode":null,"data":{"orderId":306,"orderNo":"2108124581566238720","goodsName":"MacBook Pro 14英寸 M3 Pro","goodsImg":"https://img.quanxiaoha.com/macbookpro14.jpg","seckillPrice":12999.00,"status":0,"expireTime":"2026-10-08 17:47:21"}} =================================== 
2026-10-08 17:17:21.968 [http-nio-8080-exec-165] INFO  com.practice.flashsale.order.service.impl.OrderServiceImpl - ==> 当前登录用户 ID：46
2026-10-08 17:17:21.969 [http-nio-8080-exec-144] INFO  com.practice.flashsale.order.service.impl.OrderServiceImpl - ==> 秒杀下单成功, orderId：307, orderNo：2108124581587210240
2026-10-08 17:17:21.972 [http-nio-8080-exec-144] INFO  com.practice.flashsale.common.aspect.ApiOperationLogAspect - ====== 请求结束: [秒杀下单], 耗时: 79ms, 出参: {"success":true,"message":null,"errorCode":null,"data":{"orderId":307,"orderNo":"2108124581587210240","goodsName":"MacBook Pro 14英寸 M3 Pro","goodsImg":"https://img.quanxiaoha.com/macbookpro14.jpg","seckillPrice":12999.00,"status":0,"expireTime":"2026-10-08 17:47:21"}} =================================== 
2026-10-08 17:17:21.973 [http-nio-8080-exec-166] INFO  com.practice.flashsale.order.service.impl.OrderServiceImpl - ==> 当前登录用户 ID：49
2026-10-08 17:17:21.973 [http-nio-8080-exec-119] INFO  com.practice.flashsale.order.service.impl.OrderServiceImpl - ==> 秒杀下单成功, orderId：308, orderNo：2108124581603987456
2026-10-08 17:17:21.976 [http-nio-8080-exec-119] INFO  com.practice.flashsale.common.aspect.ApiOperationLogAspect - ====== 请求结束: [秒杀下单], 耗时: 82ms, 出参: {"success":true,"message":null,"errorCode":null,"data":{"orderId":308,"orderNo":"2108124581603987456","goodsName":"MacBook Pro 14英寸 M3 Pro","goodsImg":"https://img.quanxiaoha.com/macbookpro14.jpg","seckillPrice":12999.00,"status":0,"expireTime":"2026-10-08 17:47:21"}} =================================== 
2026-10-08 17:17:21.977 [http-nio-8080-exec-102] INFO  com.practice.flashsale.order.service.impl.OrderServiceImpl - ==> 当前登录用户 ID：47
2026-10-08 17:17:21.977 [http-nio-8080-exec-145] INFO  com.practice.flashsale.order.service.impl.OrderServiceImpl - ==> 秒杀下单成功, orderId：309, orderNo：2108124581620764672
2026-10-08 17:17:21.980 [http-nio-8080-exec-145] INFO  com.practice.flashsale.common.aspect.ApiOperationLogAspect - ====== 请求结束: [秒杀下单], 耗时: 86ms, 出参: {"success":true,"message":null,"errorCode":null,"data":{"orderId":309,"orderNo":"2108124581620764672","goodsName":"MacBook Pro 14英寸 M3 Pro","goodsImg":"https://img.quanxiaoha.com/macbookpro14.jpg","seckillPrice":12999.00,"status":0,"expireTime":"2026-10-08 17:47:21"}} =================================== 
2026-10-08 17:17:21.981 [http-nio-8080-exec-71] INFO  com.practice.flashsale.order.service.impl.OrderServiceImpl - ==> 当前登录用户 ID：45
2026-10-08 17:17:21.981 [http-nio-8080-exec-129] INFO  com.practice.flashsale.order.service.impl.OrderServiceImpl - ==> 秒杀下单成功, orderId：310, orderNo：2108124581637541888
2026-10-08 17:17:21.984 [http-nio-8080-exec-129] INFO  com.practice.flashsale.common.aspect.ApiOperationLogAspect - ====== 请求结束: [秒杀下单], 耗时: 89ms, 出参: {"success":true,"message":null,"errorCode":null,"data":{"orderId":310,"orderNo":"2108124581637541888","goodsName":"MacBook Pro 14英寸 M3 Pro","goodsImg":"https://img.quanxiaoha.com/macbookpro14.jpg","seckillPrice":12999.00,"status":0,"expireTime":"2026-10-08 17:47:21"}} =================================== 
2026-10-08 17:17:21.985 [http-nio-8080-exec-161] INFO  com.practice.flashsale.order.service.impl.OrderServiceImpl - ==> 当前登录用户 ID：48
2026-10-08 17:17:21.986 [http-nio-8080-exec-137] INFO  com.practice.flashsale.order.service.impl.OrderServiceImpl - ==> 秒杀下单成功, orderId：311, orderNo：2108124581654319104
2026-10-08 17:17:21.988 [http-nio-8080-exec-137] INFO  com.practice.flashsale.common.aspect.ApiOperationLogAspect - ====== 请求结束: [秒杀下单], 耗时: 83ms, 出参: {"success":true,"message":null,"errorCode":null,"data":{"orderId":311,"orderNo":"2108124581654319104","goodsName":"MacBook Pro 14英寸 M3 Pro","goodsImg":"https://img.quanxiaoha.com/macbookpro14.jpg","seckillPrice":12999.00,"status":0,"expireTime":"2026-10-08 17:47:21"}} =================================== 
2026-10-08 17:17:21.989 [http-nio-8080-exec-167] INFO  com.practice.flashsale.order.service.impl.OrderServiceImpl - ==> 当前登录用户 ID：51
2026-10-08 17:17:21.990 [http-nio-8080-exec-53] INFO  com.practice.flashsale.order.service.impl.OrderServiceImpl - ==> 秒杀下单成功, orderId：312, orderNo：2108124581675290624
2026-10-08 17:17:21.992 [http-nio-8080-exec-53] INFO  com.practice.flashsale.common.aspect.ApiOperationLogAspect - ====== 请求结束: [秒杀下单], 耗时: 84ms, 出参: {"success":true,"message":null,"errorCode":null,"data":{"orderId":312,"orderNo":"2108124581675290624","goodsName":"MacBook Pro 14英寸 M3 Pro","goodsImg":"https://img.quanxiaoha.com/macbookpro14.jpg","seckillPrice":12999.00,"status":0,"expireTime":"2026-10-08 17:47:21"}} =================================== 
2026-10-08 17:17:21.993 [http-nio-8080-exec-138] INFO  com.practice.flashsale.order.service.impl.OrderServiceImpl - ==> 秒杀下单成功, orderId：313, orderNo：2108124581687873536
2026-10-08 17:17:21.994 [http-nio-8080-exec-109] INFO  com.practice.flashsale.order.service.impl.OrderServiceImpl - ==> 当前登录用户 ID：53
2026-10-08 17:17:21.996 [http-nio-8080-exec-138] INFO  com.practice.flashsale.common.aspect.ApiOperationLogAspect - ====== 请求结束: [秒杀下单], 耗时: 91ms, 出参: {"success":true,"message":null,"errorCode":null,"data":{"orderId":313,"orderNo":"2108124581687873536","goodsName":"MacBook Pro 14英寸 M3 Pro","goodsImg":"https://img.quanxiaoha.com/macbookpro14.jpg","seckillPrice":12999.00,"status":0,"expireTime":"2026-10-08 17:47:21"}} =================================== 
2026-10-08 17:17:21.997 [http-nio-8080-exec-142] INFO  com.practice.flashsale.order.service.impl.OrderServiceImpl - ==> 秒杀下单成功, orderId：314, orderNo：2108124581704650752
2026-10-08 17:17:21.997 [http-nio-8080-exec-150] INFO  com.practice.flashsale.order.service.impl.OrderServiceImpl - ==> 当前登录用户 ID：52
2026-10-08 17:17:21.999 [http-nio-8080-exec-142] INFO  com.practice.flashsale.common.aspect.ApiOperationLogAspect - ====== 请求结束: [秒杀下单], 耗时: 91ms, 出参: {"success":true,"message":null,"errorCode":null,"data":{"orderId":314,"orderNo":"2108124581704650752","goodsName":"MacBook Pro 14英寸 M3 Pro","goodsImg":"https://img.quanxiaoha.com/macbookpro14.jpg","seckillPrice":12999.00,"status":0,"expireTime":"2026-10-08 17:47:21"}} =================================== 
2026-10-08 17:17:22.000 [http-nio-8080-exec-169] INFO  com.practice.flashsale.order.service.impl.OrderServiceImpl - ==> 当前登录用户 ID：57
2026-10-08 17:17:22.004 [http-nio-8080-exec-127] INFO  com.practice.flashsale.order.service.impl.OrderServiceImpl - ==> 秒杀下单成功, orderId：315, orderNo：2108124581717233664
2026-10-08 17:17:22.005 [http-nio-8080-exec-116] INFO  com.practice.flashsale.order.service.impl.OrderServiceImpl - ==> 当前登录用户 ID：54
2026-10-08 17:17:22.008 [http-nio-8080-exec-153] INFO  com.practice.flashsale.order.service.impl.OrderServiceImpl - ==> 秒杀下单成功, orderId：316, orderNo：2108124581750788096
2026-10-08 17:17:22.011 [http-nio-8080-exec-153] INFO  com.practice.flashsale.common.aspect.ApiOperationLogAspect - ====== 请求结束: [秒杀下单], 耗时: 103ms, 出参: {"success":true,"message":null,"errorCode":null,"data":{"orderId":316,"orderNo":"2108124581750788096","goodsName":"MacBook Pro 14英寸 M3 Pro","goodsImg":"https://img.quanxiaoha.com/macbookpro14.jpg","seckillPrice":12999.00,"status":0,"expireTime":"2026-10-08 17:47:21"}} =================================== 
2026-10-08 17:17:22.012 [http-nio-8080-exec-11] INFO  com.practice.flashsale.order.service.impl.OrderServiceImpl - ==> 当前登录用户 ID：59
2026-10-08 17:17:22.013 [http-nio-8080-exec-104] INFO  com.practice.flashsale.order.service.impl.OrderServiceImpl - ==> 秒杀下单成功, orderId：317, orderNo：2108124581767565312
2026-10-08 17:17:22.015 [http-nio-8080-exec-104] INFO  com.practice.flashsale.common.aspect.ApiOperationLogAspect - ====== 请求结束: [秒杀下单], 耗时: 108ms, 出参: {"success":true,"message":null,"errorCode":null,"data":{"orderId":317,"orderNo":"2108124581767565312","goodsName":"MacBook Pro 14英寸 M3 Pro","goodsImg":"https://img.quanxiaoha.com/macbookpro14.jpg","seckillPrice":12999.00,"status":0,"expireTime":"2026-10-08 17:47:21"}} =================================== 
2026-10-08 17:17:22.016 [http-nio-8080-exec-103] INFO  com.practice.flashsale.order.service.impl.OrderServiceImpl - ==> 当前登录用户 ID：43
2026-10-08 17:17:22.016 [http-nio-8080-exec-123] INFO  com.practice.flashsale.order.service.impl.OrderServiceImpl - ==> 秒杀下单成功, orderId：318, orderNo：2108124581784342528
2026-10-08 17:17:22.018 [http-nio-8080-exec-123] INFO  com.practice.flashsale.common.aspect.ApiOperationLogAspect - ====== 请求结束: [秒杀下单], 耗时: 107ms, 出参: {"success":true,"message":null,"errorCode":null,"data":{"orderId":318,"orderNo":"2108124581784342528","goodsName":"MacBook Pro 14英寸 M3 Pro","goodsImg":"https://img.quanxiaoha.com/macbookpro14.jpg","seckillPrice":12999.00,"status":0,"expireTime":"2026-10-08 17:47:21"}} =================================== 
2026-10-08 17:17:22.019 [http-nio-8080-exec-127] INFO  com.practice.flashsale.common.aspect.ApiOperationLogAspect - ====== 请求结束: [秒杀下单], 耗时: 125ms, 出参: {"success":true,"message":null,"errorCode":null,"data":{"orderId":315,"orderNo":"2108124581717233664","goodsName":"MacBook Pro 14英寸 M3 Pro","goodsImg":"https://img.quanxiaoha.com/macbookpro14.jpg","seckillPrice":12999.00,"status":0,"expireTime":"2026-10-08 17:47:21"}} =================================== 
2026-10-08 17:17:22.020 [http-nio-8080-exec-168] INFO  com.practice.flashsale.order.service.impl.OrderServiceImpl - ==> 当前登录用户 ID：60
2026-10-08 17:17:22.020 [http-nio-8080-exec-106] INFO  com.practice.flashsale.order.service.impl.OrderServiceImpl - ==> 当前登录用户 ID：55
2026-10-08 17:17:22.020 [http-nio-8080-exec-136] INFO  com.practice.flashsale.order.service.impl.OrderServiceImpl - ==> 秒杀下单成功, orderId：319, orderNo：2108124581801119744
2026-10-08 17:17:22.022 [http-nio-8080-exec-136] INFO  com.practice.flashsale.common.aspect.ApiOperationLogAspect - ====== 请求结束: [秒杀下单], 耗时: 109ms, 出参: {"success":true,"message":null,"errorCode":null,"data":{"orderId":319,"orderNo":"2108124581801119744","goodsName":"MacBook Pro 14英寸 M3 Pro","goodsImg":"https://img.quanxiaoha.com/macbookpro14.jpg","seckillPrice":12999.00,"status":0,"expireTime":"2026-10-08 17:47:21"}} =================================== 
2026-10-08 17:17:22.023 [http-nio-8080-exec-42] INFO  com.practice.flashsale.order.service.impl.OrderServiceImpl - ==> 当前登录用户 ID：50
2026-10-08 17:17:22.024 [http-nio-8080-exec-154] INFO  com.practice.flashsale.order.service.impl.OrderServiceImpl - ==> 秒杀下单成功, orderId：320, orderNo：2108124581813702656
2026-10-08 17:17:22.026 [http-nio-8080-exec-154] INFO  com.practice.flashsale.common.aspect.ApiOperationLogAspect - ====== 请求结束: [秒杀下单], 耗时: 109ms, 出参: {"success":true,"message":null,"errorCode":null,"data":{"orderId":320,"orderNo":"2108124581813702656","goodsName":"MacBook Pro 14英寸 M3 Pro","goodsImg":"https://img.quanxiaoha.com/macbookpro14.jpg","seckillPrice":12999.00,"status":0,"expireTime":"2026-10-08 17:47:21"}} =================================== 
2026-10-08 17:17:22.028 [http-nio-8080-exec-118] INFO  com.practice.flashsale.order.service.impl.OrderServiceImpl - ==> 秒杀下单成功, orderId：321, orderNo：2108124581834674176
2026-10-08 17:17:22.030 [http-nio-8080-exec-118] INFO  com.practice.flashsale.common.aspect.ApiOperationLogAspect - ====== 请求结束: [秒杀下单], 耗时: 109ms, 出参: {"success":true,"message":null,"errorCode":null,"data":{"orderId":321,"orderNo":"2108124581834674176","goodsName":"MacBook Pro 14英寸 M3 Pro","goodsImg":"https://img.quanxiaoha.com/macbookpro14.jpg","seckillPrice":12999.00,"status":0,"expireTime":"2026-10-08 17:47:21"}} =================================== 
2026-10-08 17:17:22.031 [http-nio-8080-exec-101] INFO  com.practice.flashsale.order.service.impl.OrderServiceImpl - ==> 当前登录用户 ID：65
2026-10-08 17:17:22.032 [http-nio-8080-exec-111] INFO  com.practice.flashsale.order.service.impl.OrderServiceImpl - ==> 秒杀下单成功, orderId：322, orderNo：2108124581851451392
2026-10-08 17:17:22.034 [http-nio-8080-exec-111] INFO  com.practice.flashsale.common.aspect.ApiOperationLogAspect - ====== 请求结束: [秒杀下单], 耗时: 118ms, 出参: {"success":true,"message":null,"errorCode":null,"data":{"orderId":322,"orderNo":"2108124581851451392","goodsName":"MacBook Pro 14英寸 M3 Pro","goodsImg":"https://img.quanxiaoha.com/macbookpro14.jpg","seckillPrice":12999.00,"status":0,"expireTime":"2026-10-08 17:47:21"}} =================================== 
2026-10-08 17:17:22.035 [http-nio-8080-exec-160] INFO  com.practice.flashsale.order.service.impl.OrderServiceImpl - ==> 当前登录用户 ID：58
2026-10-08 17:17:22.035 [http-nio-8080-exec-48] INFO  com.practice.flashsale.order.service.impl.OrderServiceImpl - ==> 当前登录用户 ID：64
2026-10-08 17:17:22.036 [http-nio-8080-exec-156] INFO  com.practice.flashsale.order.service.impl.OrderServiceImpl - ==> 秒杀下单成功, orderId：323, orderNo：2108124581868228608
2026-10-08 17:17:22.038 [http-nio-8080-exec-156] INFO  com.practice.flashsale.common.aspect.ApiOperationLogAspect - ====== 请求结束: [秒杀下单], 耗时: 121ms, 出参: {"success":true,"message":null,"errorCode":null,"data":{"orderId":323,"orderNo":"2108124581868228608","goodsName":"MacBook Pro 14英寸 M3 Pro","goodsImg":"https://img.quanxiaoha.com/macbookpro14.jpg","seckillPrice":12999.00,"status":0,"expireTime":"2026-10-08 17:47:21"}} =================================== 
2026-10-08 17:17:22.039 [http-nio-8080-exec-157] INFO  com.practice.flashsale.order.service.impl.OrderServiceImpl - ==> 当前登录用户 ID：38
2026-10-08 17:17:22.039 [http-nio-8080-exec-171] INFO  com.practice.flashsale.order.service.impl.OrderServiceImpl - ==> 当前登录用户 ID：63
2026-10-08 17:17:22.040 [http-nio-8080-exec-130] INFO  com.practice.flashsale.order.service.impl.OrderServiceImpl - ==> 秒杀下单成功, orderId：324, orderNo：2108124581885005824
2026-10-08 17:17:22.042 [http-nio-8080-exec-130] INFO  com.practice.flashsale.common.aspect.ApiOperationLogAspect - ====== 请求结束: [秒杀下单], 耗时: 125ms, 出参: {"success":true,"message":null,"errorCode":null,"data":{"orderId":324,"orderNo":"2108124581885005824","goodsName":"MacBook Pro 14英寸 M3 Pro","goodsImg":"https://img.quanxiaoha.com/macbookpro14.jpg","seckillPrice":12999.00,"status":0,"expireTime":"2026-10-08 17:47:21"}} =================================== 
2026-10-08 17:17:22.043 [http-nio-8080-exec-117] INFO  com.practice.flashsale.order.service.impl.OrderServiceImpl - ==> 当前登录用户 ID：66
2026-10-08 17:17:22.044 [http-nio-8080-exec-147] INFO  com.practice.flashsale.order.service.impl.OrderServiceImpl - ==> 秒杀下单成功, orderId：325, orderNo：2108124581897588736
2026-10-08 17:17:22.046 [http-nio-8080-exec-147] INFO  com.practice.flashsale.common.aspect.ApiOperationLogAspect - ====== 请求结束: [秒杀下单], 耗时: 128ms, 出参: {"success":true,"message":null,"errorCode":null,"data":{"orderId":325,"orderNo":"2108124581897588736","goodsName":"MacBook Pro 14英寸 M3 Pro","goodsImg":"https://img.quanxiaoha.com/macbookpro14.jpg","seckillPrice":12999.00,"status":0,"expireTime":"2026-10-08 17:47:21"}} =================================== 
2026-10-08 17:17:22.047 [http-nio-8080-exec-131] INFO  com.practice.flashsale.order.service.impl.OrderServiceImpl - ==> 当前登录用户 ID：62
2026-10-08 17:17:22.047 [http-nio-8080-exec-155] INFO  com.practice.flashsale.order.service.impl.OrderServiceImpl - ==> 秒杀下单成功, orderId：326, orderNo：2108124581914365952
2026-10-08 17:17:22.050 [http-nio-8080-exec-155] INFO  com.practice.flashsale.common.aspect.ApiOperationLogAspect - ====== 请求结束: [秒杀下单], 耗时: 129ms, 出参: {"success":true,"message":null,"errorCode":null,"data":{"orderId":326,"orderNo":"2108124581914365952","goodsName":"MacBook Pro 14英寸 M3 Pro","goodsImg":"https://img.quanxiaoha.com/macbookpro14.jpg","seckillPrice":12999.00,"status":0,"expireTime":"2026-10-08 17:47:21"}} =================================== 
2026-10-08 17:17:22.051 [http-nio-8080-exec-172] INFO  com.practice.flashsale.order.service.impl.OrderServiceImpl - ==> 当前登录用户 ID：67
2026-10-08 17:17:22.051 [http-nio-8080-exec-17] INFO  com.practice.flashsale.order.service.impl.OrderServiceImpl - ==> 秒杀下单成功, orderId：327, orderNo：2108124581931143168
2026-10-08 17:17:22.053 [http-nio-8080-exec-17] INFO  com.practice.flashsale.common.aspect.ApiOperationLogAspect - ====== 请求结束: [秒杀下单], 耗时: 156ms, 出参: {"success":true,"message":null,"errorCode":null,"data":{"orderId":327,"orderNo":"2108124581931143168","goodsName":"MacBook Pro 14英寸 M3 Pro","goodsImg":"https://img.quanxiaoha.com/macbookpro14.jpg","seckillPrice":12999.00,"status":0,"expireTime":"2026-10-08 17:47:21"}} =================================== 
2026-10-08 17:17:22.054 [http-nio-8080-exec-173] INFO  com.practice.flashsale.order.service.impl.OrderServiceImpl - ==> 当前登录用户 ID：75
2026-10-08 17:17:22.054 [http-nio-8080-exec-146] INFO  com.practice.flashsale.order.service.impl.OrderServiceImpl - ==> 秒杀下单成功, orderId：328, orderNo：2108124581943726080
2026-10-08 17:17:22.056 [http-nio-8080-exec-146] INFO  com.practice.flashsale.common.aspect.ApiOperationLogAspect - ====== 请求结束: [秒杀下单], 耗时: 159ms, 出参: {"success":true,"message":null,"errorCode":null,"data":{"orderId":328,"orderNo":"2108124581943726080","goodsName":"MacBook Pro 14英寸 M3 Pro","goodsImg":"https://img.quanxiaoha.com/macbookpro14.jpg","seckillPrice":12999.00,"status":0,"expireTime":"2026-10-08 17:47:21"}} =================================== 
2026-10-08 17:17:22.058 [http-nio-8080-exec-108] INFO  com.practice.flashsale.order.service.impl.OrderServiceImpl - ==> 当前登录用户 ID：70
2026-10-08 17:17:22.058 [http-nio-8080-exec-124] INFO  com.practice.flashsale.order.service.impl.OrderServiceImpl - ==> 秒杀下单成功, orderId：329, orderNo：2108124581960503296
2026-10-08 17:17:22.061 [http-nio-8080-exec-124] INFO  com.practice.flashsale.common.aspect.ApiOperationLogAspect - ====== 请求结束: [秒杀下单], 耗时: 139ms, 出参: {"success":true,"message":null,"errorCode":null,"data":{"orderId":329,"orderNo":"2108124581960503296","goodsName":"MacBook Pro 14英寸 M3 Pro","goodsImg":"https://img.quanxiaoha.com/macbookpro14.jpg","seckillPrice":12999.00,"status":0,"expireTime":"2026-10-08 17:47:21"}} =================================== 
2026-10-08 17:17:22.061 [http-nio-8080-exec-141] INFO  com.practice.flashsale.order.service.impl.OrderServiceImpl - ==> 当前登录用户 ID：81
2026-10-08 17:17:22.062 [http-nio-8080-exec-107] INFO  com.practice.flashsale.order.service.impl.OrderServiceImpl - ==> 秒杀下单成功, orderId：330, orderNo：2108124581977280512
2026-10-08 17:17:22.064 [http-nio-8080-exec-107] INFO  com.practice.flashsale.common.aspect.ApiOperationLogAspect - ====== 请求结束: [秒杀下单], 耗时: 169ms, 出参: {"success":true,"message":null,"errorCode":null,"data":{"orderId":330,"orderNo":"2108124581977280512","goodsName":"MacBook Pro 14英寸 M3 Pro","goodsImg":"https://img.quanxiaoha.com/macbookpro14.jpg","seckillPrice":12999.00,"status":0,"expireTime":"2026-10-08 17:47:21"}} =================================== 
2026-10-08 17:17:22.065 [http-nio-8080-exec-134] INFO  com.practice.flashsale.order.service.impl.OrderServiceImpl - ==> 当前登录用户 ID：74
2026-10-08 17:17:22.066 [http-nio-8080-exec-162] INFO  com.practice.flashsale.order.service.impl.OrderServiceImpl - ==> 秒杀下单成功, orderId：331, orderNo：2108124581994057728
2026-10-08 17:17:22.068 [http-nio-8080-exec-162] INFO  com.practice.flashsale.common.aspect.ApiOperationLogAspect - ====== 请求结束: [秒杀下单], 耗时: 155ms, 出参: {"success":true,"message":null,"errorCode":null,"data":{"orderId":331,"orderNo":"2108124581994057728","goodsName":"MacBook Pro 14英寸 M3 Pro","goodsImg":"https://img.quanxiaoha.com/macbookpro14.jpg","seckillPrice":12999.00,"status":0,"expireTime":"2026-10-08 17:47:21"}} =================================== 
2026-10-08 17:17:22.069 [http-nio-8080-exec-132] INFO  com.practice.flashsale.order.service.impl.OrderServiceImpl - ==> 当前登录用户 ID：76
2026-10-08 17:17:22.070 [http-nio-8080-exec-113] INFO  com.practice.flashsale.order.service.impl.OrderServiceImpl - ==> 秒杀下单成功, orderId：332, orderNo：2108124582006640640
2026-10-08 17:17:22.072 [http-nio-8080-exec-113] INFO  com.practice.flashsale.common.aspect.ApiOperationLogAspect - ====== 请求结束: [秒杀下单], 耗时: 155ms, 出参: {"success":true,"message":null,"errorCode":null,"data":{"orderId":332,"orderNo":"2108124582006640640","goodsName":"MacBook Pro 14英寸 M3 Pro","goodsImg":"https://img.quanxiaoha.com/macbookpro14.jpg","seckillPrice":12999.00,"status":0,"expireTime":"2026-10-08 17:47:21"}} =================================== 
2026-10-08 17:17:22.073 [http-nio-8080-exec-105] INFO  com.practice.flashsale.order.service.impl.OrderServiceImpl - ==> 当前登录用户 ID：71
2026-10-08 17:17:22.074 [http-nio-8080-exec-125] INFO  com.practice.flashsale.order.service.impl.OrderServiceImpl - ==> 秒杀下单成功, orderId：333, orderNo：2108124582027612160
2026-10-08 17:17:22.076 [http-nio-8080-exec-125] INFO  com.practice.flashsale.common.aspect.ApiOperationLogAspect - ====== 请求结束: [秒杀下单], 耗时: 142ms, 出参: {"success":true,"message":null,"errorCode":null,"data":{"orderId":333,"orderNo":"2108124582027612160","goodsName":"MacBook Pro 14英寸 M3 Pro","goodsImg":"https://img.quanxiaoha.com/macbookpro14.jpg","seckillPrice":12999.00,"status":0,"expireTime":"2026-10-08 17:47:21"}} =================================== 
2026-10-08 17:17:22.077 [http-nio-8080-exec-174] INFO  com.practice.flashsale.order.service.impl.OrderServiceImpl - ==> 当前登录用户 ID：77
2026-10-08 17:17:22.077 [http-nio-8080-exec-128] INFO  com.practice.flashsale.order.service.impl.OrderServiceImpl - ==> 秒杀下单成功, orderId：334, orderNo：2108124582040195072
2026-10-08 17:17:22.080 [http-nio-8080-exec-128] INFO  com.practice.flashsale.common.aspect.ApiOperationLogAspect - ====== 请求结束: [秒杀下单], 耗时: 167ms, 出参: {"success":true,"message":null,"errorCode":null,"data":{"orderId":334,"orderNo":"2108124582040195072","goodsName":"MacBook Pro 14英寸 M3 Pro","goodsImg":"https://img.quanxiaoha.com/macbookpro14.jpg","seckillPrice":12999.00,"status":0,"expireTime":"2026-10-08 17:47:21"}} =================================== 
2026-10-08 17:17:22.081 [http-nio-8080-exec-139] INFO  com.practice.flashsale.order.service.impl.OrderServiceImpl - ==> 当前登录用户 ID：68
2026-10-08 17:17:22.081 [http-nio-8080-exec-122] INFO  com.practice.flashsale.order.service.impl.OrderServiceImpl - ==> 秒杀下单成功, orderId：335, orderNo：2108124582056972288
2026-10-08 17:17:22.083 [http-nio-8080-exec-122] INFO  com.practice.flashsale.common.aspect.ApiOperationLogAspect - ====== 请求结束: [秒杀下单], 耗时: 162ms, 出参: {"success":true,"message":null,"errorCode":null,"data":{"orderId":335,"orderNo":"2108124582056972288","goodsName":"MacBook Pro 14英寸 M3 Pro","goodsImg":"https://img.quanxiaoha.com/macbookpro14.jpg","seckillPrice":12999.00,"status":0,"expireTime":"2026-10-08 17:47:21"}} =================================== 
2026-10-08 17:17:22.084 [http-nio-8080-exec-175] INFO  com.practice.flashsale.order.service.impl.OrderServiceImpl - ==> 当前登录用户 ID：79
2026-10-08 17:17:22.084 [http-nio-8080-exec-140] INFO  com.practice.flashsale.order.service.impl.OrderServiceImpl - ==> 当前登录用户 ID：80
2026-10-08 17:17:22.084 [http-nio-8080-exec-182] INFO  com.practice.flashsale.order.service.impl.OrderServiceImpl - ==> 秒杀下单成功, orderId：336, orderNo：2108124582069555200
2026-10-08 17:17:22.086 [http-nio-8080-exec-182] INFO  com.practice.flashsale.common.aspect.ApiOperationLogAspect - ====== 请求结束: [秒杀下单], 耗时: 133ms, 出参: {"success":true,"message":null,"errorCode":null,"data":{"orderId":336,"orderNo":"2108124582069555200","goodsName":"MacBook Pro 14英寸 M3 Pro","goodsImg":"https://img.quanxiaoha.com/macbookpro14.jpg","seckillPrice":12999.00,"status":0,"expireTime":"2026-10-08 17:47:21"}} =================================== 
2026-10-08 17:17:22.087 [http-nio-8080-exec-90] INFO  com.practice.flashsale.order.service.impl.OrderServiceImpl - ==> 当前登录用户 ID：78
2026-10-08 17:17:22.088 [http-nio-8080-exec-158] INFO  com.practice.flashsale.order.service.impl.OrderServiceImpl - ==> 秒杀下单成功, orderId：337, orderNo：2108124582086332416
2026-10-08 17:17:22.091 [http-nio-8080-exec-158] INFO  com.practice.flashsale.common.aspect.ApiOperationLogAspect - ====== 请求结束: [秒杀下单], 耗时: 167ms, 出参: {"success":true,"message":null,"errorCode":null,"data":{"orderId":337,"orderNo":"2108124582086332416","goodsName":"MacBook Pro 14英寸 M3 Pro","goodsImg":"https://img.quanxiaoha.com/macbookpro14.jpg","seckillPrice":12999.00,"status":0,"expireTime":"2026-10-08 17:47:21"}} =================================== 
2026-10-08 17:17:22.092 [http-nio-8080-exec-112] INFO  com.practice.flashsale.order.service.impl.OrderServiceImpl - ==> 当前登录用户 ID：84
2026-10-08 17:17:22.092 [http-nio-8080-exec-159] INFO  com.practice.flashsale.order.service.impl.OrderServiceImpl - ==> 秒杀下单成功, orderId：338, orderNo：2108124582103109632
2026-10-08 17:17:22.095 [http-nio-8080-exec-159] INFO  com.practice.flashsale.common.aspect.ApiOperationLogAspect - ====== 请求结束: [秒杀下单], 耗时: 169ms, 出参: {"success":true,"message":null,"errorCode":null,"data":{"orderId":338,"orderNo":"2108124582103109632","goodsName":"MacBook Pro 14英寸 M3 Pro","goodsImg":"https://img.quanxiaoha.com/macbookpro14.jpg","seckillPrice":12999.00,"status":0,"expireTime":"2026-10-08 17:47:21"}} =================================== 
2026-10-08 17:17:22.096 [http-nio-8080-exec-164] INFO  com.practice.flashsale.order.service.impl.OrderServiceImpl - ==> 当前登录用户 ID：72
2026-10-08 17:17:22.096 [http-nio-8080-exec-165] INFO  com.practice.flashsale.order.service.impl.OrderServiceImpl - ==> 秒杀下单成功, orderId：339, orderNo：2108124582119886848
2026-10-08 17:17:22.099 [http-nio-8080-exec-165] INFO  com.practice.flashsale.common.aspect.ApiOperationLogAspect - ====== 请求结束: [秒杀下单], 耗时: 172ms, 出参: {"success":true,"message":null,"errorCode":null,"data":{"orderId":339,"orderNo":"2108124582119886848","goodsName":"MacBook Pro 14英寸 M3 Pro","goodsImg":"https://img.quanxiaoha.com/macbookpro14.jpg","seckillPrice":12999.00,"status":0,"expireTime":"2026-10-08 17:47:21"}} =================================== 
2026-10-08 17:17:22.100 [http-nio-8080-exec-151] INFO  com.practice.flashsale.order.service.impl.OrderServiceImpl - ==> 当前登录用户 ID：56
2026-10-08 17:17:22.100 [http-nio-8080-exec-166] INFO  com.practice.flashsale.order.service.impl.OrderServiceImpl - ==> 秒杀下单成功, orderId：340, orderNo：2108124582136664064
2026-10-08 17:17:22.102 [http-nio-8080-exec-166] INFO  com.practice.flashsale.common.aspect.ApiOperationLogAspect - ====== 请求结束: [秒杀下单], 耗时: 176ms, 出参: {"success":true,"message":null,"errorCode":null,"data":{"orderId":340,"orderNo":"2108124582136664064","goodsName":"MacBook Pro 14英寸 M3 Pro","goodsImg":"https://img.quanxiaoha.com/macbookpro14.jpg","seckillPrice":12999.00,"status":0,"expireTime":"2026-10-08 17:47:21"}} =================================== 
2026-10-08 17:17:22.103 [http-nio-8080-exec-135] INFO  com.practice.flashsale.order.service.impl.OrderServiceImpl - ==> 当前登录用户 ID：85
2026-10-08 17:17:22.103 [http-nio-8080-exec-102] INFO  com.practice.flashsale.order.service.impl.OrderServiceImpl - ==> 秒杀下单成功, orderId：341, orderNo：2108124582153441280
2026-10-08 17:17:22.106 [http-nio-8080-exec-102] INFO  com.practice.flashsale.common.aspect.ApiOperationLogAspect - ====== 请求结束: [秒杀下单], 耗时: 180ms, 出参: {"success":true,"message":null,"errorCode":null,"data":{"orderId":341,"orderNo":"2108124582153441280","goodsName":"MacBook Pro 14英寸 M3 Pro","goodsImg":"https://img.quanxiaoha.com/macbookpro14.jpg","seckillPrice":12999.00,"status":0,"expireTime":"2026-10-08 17:47:21"}} =================================== 
2026-10-08 17:17:22.107 [http-nio-8080-exec-120] INFO  com.practice.flashsale.order.service.impl.OrderServiceImpl - ==> 当前登录用户 ID：90
2026-10-08 17:17:22.107 [http-nio-8080-exec-71] INFO  com.practice.flashsale.order.service.impl.OrderServiceImpl - ==> 秒杀下单成功, orderId：342, orderNo：2108124582166024192
2026-10-08 17:17:22.109 [http-nio-8080-exec-71] INFO  com.practice.flashsale.common.aspect.ApiOperationLogAspect - ====== 请求结束: [秒杀下单], 耗时: 183ms, 出参: {"success":true,"message":null,"errorCode":null,"data":{"orderId":342,"orderNo":"2108124582166024192","goodsName":"MacBook Pro 14英寸 M3 Pro","goodsImg":"https://img.quanxiaoha.com/macbookpro14.jpg","seckillPrice":12999.00,"status":0,"expireTime":"2026-10-08 17:47:21"}} =================================== 
2026-10-08 17:17:22.110 [http-nio-8080-exec-152] INFO  com.practice.flashsale.order.service.impl.OrderServiceImpl - ==> 当前登录用户 ID：69
2026-10-08 17:17:22.110 [http-nio-8080-exec-161] INFO  com.practice.flashsale.order.service.impl.OrderServiceImpl - ==> 秒杀下单成功, orderId：343, orderNo：2108124582178607104
2026-10-08 17:17:22.112 [http-nio-8080-exec-161] INFO  com.practice.flashsale.common.aspect.ApiOperationLogAspect - ====== 请求结束: [秒杀下单], 耗时: 186ms, 出参: {"success":true,"message":null,"errorCode":null,"data":{"orderId":343,"orderNo":"2108124582178607104","goodsName":"MacBook Pro 14英寸 M3 Pro","goodsImg":"https://img.quanxiaoha.com/macbookpro14.jpg","seckillPrice":12999.00,"status":0,"expireTime":"2026-10-08 17:47:21"}} =================================== 
2026-10-08 17:17:22.113 [http-nio-8080-exec-176] INFO  com.practice.flashsale.order.service.impl.OrderServiceImpl - ==> 当前登录用户 ID：83
2026-10-08 17:17:22.114 [http-nio-8080-exec-167] INFO  com.practice.flashsale.order.service.impl.OrderServiceImpl - ==> 秒杀下单成功, orderId：344, orderNo：2108124582195384320
2026-10-08 17:17:22.116 [http-nio-8080-exec-167] INFO  com.practice.flashsale.common.aspect.ApiOperationLogAspect - ====== 请求结束: [秒杀下单], 耗时: 189ms, 出参: {"success":true,"message":null,"errorCode":null,"data":{"orderId":344,"orderNo":"2108124582195384320","goodsName":"MacBook Pro 14英寸 M3 Pro","goodsImg":"https://img.quanxiaoha.com/macbookpro14.jpg","seckillPrice":12999.00,"status":0,"expireTime":"2026-10-08 17:47:21"}} =================================== 
2026-10-08 17:17:22.117 [http-nio-8080-exec-115] INFO  com.practice.flashsale.order.service.impl.OrderServiceImpl - ==> 当前登录用户 ID：88
2026-10-08 17:17:22.117 [http-nio-8080-exec-109] INFO  com.practice.flashsale.order.service.impl.OrderServiceImpl - ==> 秒杀下单成功, orderId：345, orderNo：2108124582207967232
2026-10-08 17:17:22.119 [http-nio-8080-exec-109] INFO  com.practice.flashsale.common.aspect.ApiOperationLogAspect - ====== 请求结束: [秒杀下单], 耗时: 190ms, 出参: {"success":true,"message":null,"errorCode":null,"data":{"orderId":345,"orderNo":"2108124582207967232","goodsName":"MacBook Pro 14英寸 M3 Pro","goodsImg":"https://img.quanxiaoha.com/macbookpro14.jpg","seckillPrice":12999.00,"status":0,"expireTime":"2026-10-08 17:47:21"}} =================================== 
2026-10-08 17:17:22.120 [http-nio-8080-exec-181] INFO  com.practice.flashsale.order.service.impl.OrderServiceImpl - ==> 当前登录用户 ID：91
2026-10-08 17:17:22.121 [http-nio-8080-exec-150] INFO  com.practice.flashsale.order.service.impl.OrderServiceImpl - ==> 秒杀下单成功, orderId：346, orderNo：2108124582224744448
2026-10-08 17:17:22.123 [http-nio-8080-exec-150] INFO  com.practice.flashsale.common.aspect.ApiOperationLogAspect - ====== 请求结束: [秒杀下单], 耗时: 192ms, 出参: {"success":true,"message":null,"errorCode":null,"data":{"orderId":346,"orderNo":"2108124582224744448","goodsName":"MacBook Pro 14英寸 M3 Pro","goodsImg":"https://img.quanxiaoha.com/macbookpro14.jpg","seckillPrice":12999.00,"status":0,"expireTime":"2026-10-08 17:47:21"}} =================================== 
2026-10-08 17:17:22.124 [http-nio-8080-exec-143] INFO  com.practice.flashsale.order.service.impl.OrderServiceImpl - ==> 当前登录用户 ID：89
2026-10-08 17:17:22.124 [http-nio-8080-exec-169] INFO  com.practice.flashsale.order.service.impl.OrderServiceImpl - ==> 秒杀下单成功, orderId：347, orderNo：2108124582237327360
2026-10-08 17:17:22.126 [http-nio-8080-exec-169] INFO  com.practice.flashsale.common.aspect.ApiOperationLogAspect - ====== 请求结束: [秒杀下单], 耗时: 194ms, 出参: {"success":true,"message":null,"errorCode":null,"data":{"orderId":347,"orderNo":"2108124582237327360","goodsName":"MacBook Pro 14英寸 M3 Pro","goodsImg":"https://img.quanxiaoha.com/macbookpro14.jpg","seckillPrice":12999.00,"status":0,"expireTime":"2026-10-08 17:47:22"}} =================================== 
2026-10-08 17:17:22.127 [http-nio-8080-exec-163] INFO  com.practice.flashsale.order.service.impl.OrderServiceImpl - ==> 当前登录用户 ID：73
2026-10-08 17:17:22.127 [http-nio-8080-exec-116] INFO  com.practice.flashsale.order.service.impl.OrderServiceImpl - ==> 秒杀下单成功, orderId：348, orderNo：2108124582249910272
2026-10-08 17:17:22.130 [http-nio-8080-exec-116] INFO  com.practice.flashsale.common.aspect.ApiOperationLogAspect - ====== 请求结束: [秒杀下单], 耗时: 201ms, 出参: {"success":true,"message":null,"errorCode":null,"data":{"orderId":348,"orderNo":"2108124582249910272","goodsName":"MacBook Pro 14英寸 M3 Pro","goodsImg":"https://img.quanxiaoha.com/macbookpro14.jpg","seckillPrice":12999.00,"status":0,"expireTime":"2026-10-08 17:47:22"}} =================================== 
2026-10-08 17:17:22.131 [http-nio-8080-exec-110] INFO  com.practice.flashsale.order.service.impl.OrderServiceImpl - ==> 当前登录用户 ID：82
2026-10-08 17:17:22.131 [http-nio-8080-exec-11] INFO  com.practice.flashsale.order.service.impl.OrderServiceImpl - ==> 秒杀下单成功, orderId：349, orderNo：2108124582266687488
2026-10-08 17:17:22.131 [http-nio-8080-exec-177] INFO  com.practice.flashsale.order.service.impl.OrderServiceImpl - ==> 当前登录用户 ID：87
2026-10-08 17:17:22.133 [http-nio-8080-exec-11] INFO  com.practice.flashsale.common.aspect.ApiOperationLogAspect - ====== 请求结束: [秒杀下单], 耗时: 201ms, 出参: {"success":true,"message":null,"errorCode":null,"data":{"orderId":349,"orderNo":"2108124582266687488","goodsName":"MacBook Pro 14英寸 M3 Pro","goodsImg":"https://img.quanxiaoha.com/macbookpro14.jpg","seckillPrice":12999.00,"status":0,"expireTime":"2026-10-08 17:47:22"}} =================================== 
2026-10-08 17:17:22.134 [http-nio-8080-exec-103] INFO  com.practice.flashsale.order.service.impl.OrderServiceImpl - ==> 秒杀下单成功, orderId：350, orderNo：2108124582283464704
2026-10-08 17:17:22.136 [http-nio-8080-exec-103] INFO  com.practice.flashsale.common.aspect.ApiOperationLogAspect - ====== 请求结束: [秒杀下单], 耗时: 204ms, 出参: {"success":true,"message":null,"errorCode":null,"data":{"orderId":350,"orderNo":"2108124582283464704","goodsName":"MacBook Pro 14英寸 M3 Pro","goodsImg":"https://img.quanxiaoha.com/macbookpro14.jpg","seckillPrice":12999.00,"status":0,"expireTime":"2026-10-08 17:47:22"}} =================================== 
2026-10-08 17:17:22.138 [http-nio-8080-exec-183] INFO  com.practice.flashsale.order.service.impl.OrderServiceImpl - ==> 当前登录用户 ID：100
2026-10-08 17:17:22.139 [http-nio-8080-exec-106] INFO  com.practice.flashsale.order.service.impl.OrderServiceImpl - ==> 秒杀下单成功, orderId：351, orderNo：2108124582296047616
2026-10-08 17:17:22.141 [http-nio-8080-exec-106] INFO  com.practice.flashsale.common.aspect.ApiOperationLogAspect - ====== 请求结束: [秒杀下单], 耗时: 209ms, 出参: {"success":true,"message":null,"errorCode":null,"data":{"orderId":351,"orderNo":"2108124582296047616","goodsName":"MacBook Pro 14英寸 M3 Pro","goodsImg":"https://img.quanxiaoha.com/macbookpro14.jpg","seckillPrice":12999.00,"status":0,"expireTime":"2026-10-08 17:47:22"}} =================================== 
2026-10-08 17:17:22.142 [http-nio-8080-exec-149] INFO  com.practice.flashsale.order.service.impl.OrderServiceImpl - ==> 当前登录用户 ID：93
2026-10-08 17:17:22.142 [http-nio-8080-exec-1] INFO  com.practice.flashsale.order.service.impl.OrderServiceImpl - ==> 当前登录用户 ID：86
2026-10-08 17:17:22.143 [http-nio-8080-exec-168] INFO  com.practice.flashsale.order.service.impl.OrderServiceImpl - ==> 秒杀下单成功, orderId：352, orderNo：2108124582312824832
2026-10-08 17:17:22.145 [http-nio-8080-exec-168] INFO  com.practice.flashsale.common.aspect.ApiOperationLogAspect - ====== 请求结束: [秒杀下单], 耗时: 213ms, 出参: {"success":true,"message":null,"errorCode":null,"data":{"orderId":352,"orderNo":"2108124582312824832","goodsName":"MacBook Pro 14英寸 M3 Pro","goodsImg":"https://img.quanxiaoha.com/macbookpro14.jpg","seckillPrice":12999.00,"status":0,"expireTime":"2026-10-08 17:47:22"}} =================================== 
2026-10-08 17:17:22.146 [http-nio-8080-exec-184] INFO  com.practice.flashsale.order.service.impl.OrderServiceImpl - ==> 当前登录用户 ID：101
2026-10-08 17:17:22.146 [http-nio-8080-exec-42] INFO  com.practice.flashsale.order.service.impl.OrderServiceImpl - ==> 秒杀下单成功, orderId：353, orderNo：2108124582329602048
2026-10-08 17:17:22.148 [http-nio-8080-exec-42] INFO  com.practice.flashsale.common.aspect.ApiOperationLogAspect - ====== 请求结束: [秒杀下单], 耗时: 216ms, 出参: {"success":true,"message":null,"errorCode":null,"data":{"orderId":353,"orderNo":"2108124582329602048","goodsName":"MacBook Pro 14英寸 M3 Pro","goodsImg":"https://img.quanxiaoha.com/macbookpro14.jpg","seckillPrice":12999.00,"status":0,"expireTime":"2026-10-08 17:47:22"}} =================================== 
2026-10-08 17:17:22.149 [http-nio-8080-exec-185] INFO  com.practice.flashsale.order.service.impl.OrderServiceImpl - ==> 当前登录用户 ID：104
2026-10-08 17:17:22.149 [http-nio-8080-exec-101] INFO  com.practice.flashsale.order.service.impl.OrderServiceImpl - ==> 秒杀下单成功, orderId：354, orderNo：2108124582342184960
2026-10-08 17:17:22.152 [http-nio-8080-exec-101] INFO  com.practice.flashsale.common.aspect.ApiOperationLogAspect - ====== 请求结束: [秒杀下单], 耗时: 217ms, 出参: {"success":true,"message":null,"errorCode":null,"data":{"orderId":354,"orderNo":"2108124582342184960","goodsName":"MacBook Pro 14英寸 M3 Pro","goodsImg":"https://img.quanxiaoha.com/macbookpro14.jpg","seckillPrice":12999.00,"status":0,"expireTime":"2026-10-08 17:47:22"}} =================================== 
2026-10-08 17:17:22.153 [http-nio-8080-exec-178] INFO  com.practice.flashsale.order.service.impl.OrderServiceImpl - ==> 当前登录用户 ID：92
2026-10-08 17:17:22.153 [http-nio-8080-exec-48] INFO  com.practice.flashsale.order.service.impl.OrderServiceImpl - ==> 秒杀下单成功, orderId：355, orderNo：2108124582358962176
2026-10-08 17:17:22.154 [http-nio-8080-exec-48] INFO  com.practice.flashsale.common.aspect.ApiOperationLogAspect - ====== 请求结束: [秒杀下单], 耗时: 220ms, 出参: {"success":true,"message":null,"errorCode":null,"data":{"orderId":355,"orderNo":"2108124582358962176","goodsName":"MacBook Pro 14英寸 M3 Pro","goodsImg":"https://img.quanxiaoha.com/macbookpro14.jpg","seckillPrice":12999.00,"status":0,"expireTime":"2026-10-08 17:47:22"}} =================================== 
2026-10-08 17:17:22.157 [http-nio-8080-exec-180] INFO  com.practice.flashsale.order.service.impl.OrderServiceImpl - ==> 当前登录用户 ID：95
2026-10-08 17:17:22.157 [http-nio-8080-exec-171] INFO  com.practice.flashsale.order.service.impl.OrderServiceImpl - ==> 秒杀下单成功, orderId：356, orderNo：2108124582375739392
2026-10-08 17:17:22.159 [http-nio-8080-exec-171] INFO  com.practice.flashsale.common.aspect.ApiOperationLogAspect - ====== 请求结束: [秒杀下单], 耗时: 221ms, 出参: {"success":true,"message":null,"errorCode":null,"data":{"orderId":356,"orderNo":"2108124582375739392","goodsName":"MacBook Pro 14英寸 M3 Pro","goodsImg":"https://img.quanxiaoha.com/macbookpro14.jpg","seckillPrice":12999.00,"status":0,"expireTime":"2026-10-08 17:47:22"}} =================================== 
2026-10-08 17:17:22.160 [http-nio-8080-exec-126] INFO  com.practice.flashsale.order.service.impl.OrderServiceImpl - ==> 当前登录用户 ID：97
2026-10-08 17:17:22.161 [http-nio-8080-exec-157] INFO  com.practice.flashsale.order.service.impl.OrderServiceImpl - ==> 秒杀下单成功, orderId：357, orderNo：2108124582388322304
2026-10-08 17:17:22.163 [http-nio-8080-exec-157] INFO  com.practice.flashsale.common.aspect.ApiOperationLogAspect - ====== 请求结束: [秒杀下单], 耗时: 242ms, 出参: {"success":true,"message":null,"errorCode":null,"data":{"orderId":357,"orderNo":"2108124582388322304","goodsName":"MacBook Pro 14英寸 M3 Pro","goodsImg":"https://img.quanxiaoha.com/macbookpro14.jpg","seckillPrice":12999.00,"status":0,"expireTime":"2026-10-08 17:47:22"}} =================================== 
2026-10-08 17:17:22.164 [http-nio-8080-exec-114] INFO  com.practice.flashsale.order.service.impl.OrderServiceImpl - ==> 当前登录用户 ID：99
2026-10-08 17:17:22.164 [http-nio-8080-exec-117] INFO  com.practice.flashsale.order.service.impl.OrderServiceImpl - ==> 秒杀下单成功, orderId：358, orderNo：2108124582405099520
2026-10-08 17:17:22.166 [http-nio-8080-exec-117] INFO  com.practice.flashsale.common.aspect.ApiOperationLogAspect - ====== 请求结束: [秒杀下单], 耗时: 228ms, 出参: {"success":true,"message":null,"errorCode":null,"data":{"orderId":358,"orderNo":"2108124582405099520","goodsName":"MacBook Pro 14英寸 M3 Pro","goodsImg":"https://img.quanxiaoha.com/macbookpro14.jpg","seckillPrice":12999.00,"status":0,"expireTime":"2026-10-08 17:47:22"}} =================================== 
2026-10-08 17:17:22.167 [http-nio-8080-exec-187] INFO  com.practice.flashsale.order.service.impl.OrderServiceImpl - ==> 当前登录用户 ID：102
2026-10-08 17:17:22.168 [http-nio-8080-exec-160] INFO  com.practice.flashsale.order.service.impl.OrderServiceImpl - ==> 秒杀下单成功, orderId：359, orderNo：2108124582417682432
2026-10-08 17:17:22.169 [http-nio-8080-exec-160] INFO  com.practice.flashsale.common.aspect.ApiOperationLogAspect - ====== 请求结束: [秒杀下单], 耗时: 237ms, 出参: {"success":true,"message":null,"errorCode":null,"data":{"orderId":359,"orderNo":"2108124582417682432","goodsName":"MacBook Pro 14英寸 M3 Pro","goodsImg":"https://img.quanxiaoha.com/macbookpro14.jpg","seckillPrice":12999.00,"status":0,"expireTime":"2026-10-08 17:47:22"}} =================================== 
2026-10-08 17:17:22.170 [http-nio-8080-exec-30] INFO  com.practice.flashsale.order.service.impl.OrderServiceImpl - ==> 当前登录用户 ID：17
2026-10-08 17:17:22.171 [http-nio-8080-exec-131] INFO  com.practice.flashsale.order.service.impl.OrderServiceImpl - ==> 秒杀下单成功, orderId：360, orderNo：2108124582430265344
2026-10-08 17:17:22.174 [http-nio-8080-exec-131] INFO  com.practice.flashsale.common.aspect.ApiOperationLogAspect - ====== 请求结束: [秒杀下单], 耗时: 236ms, 出参: {"success":true,"message":null,"errorCode":null,"data":{"orderId":360,"orderNo":"2108124582430265344","goodsName":"MacBook Pro 14英寸 M3 Pro","goodsImg":"https://img.quanxiaoha.com/macbookpro14.jpg","seckillPrice":12999.00,"status":0,"expireTime":"2026-10-08 17:47:22"}} =================================== 
2026-10-08 17:17:22.175 [http-nio-8080-exec-186] INFO  com.practice.flashsale.order.service.impl.OrderServiceImpl - ==> 当前登录用户 ID：105
2026-10-08 17:17:22.175 [http-nio-8080-exec-172] INFO  com.practice.flashsale.order.service.impl.OrderServiceImpl - ==> 秒杀下单成功, orderId：361, orderNo：2108124582451236864
2026-10-08 17:17:22.177 [http-nio-8080-exec-172] INFO  com.practice.flashsale.common.aspect.ApiOperationLogAspect - ====== 请求结束: [秒杀下单], 耗时: 239ms, 出参: {"success":true,"message":null,"errorCode":null,"data":{"orderId":361,"orderNo":"2108124582451236864","goodsName":"MacBook Pro 14英寸 M3 Pro","goodsImg":"https://img.quanxiaoha.com/macbookpro14.jpg","seckillPrice":12999.00,"status":0,"expireTime":"2026-10-08 17:47:22"}} =================================== 
2026-10-08 17:17:22.178 [http-nio-8080-exec-179] INFO  com.practice.flashsale.order.service.impl.OrderServiceImpl - ==> 当前登录用户 ID：98
2026-10-08 17:17:22.178 [http-nio-8080-exec-133] INFO  com.practice.flashsale.order.service.impl.OrderServiceImpl - ==> 当前登录用户 ID：94
2026-10-08 17:17:22.179 [http-nio-8080-exec-173] INFO  com.practice.flashsale.order.service.impl.OrderServiceImpl - ==> 秒杀下单成功, orderId：362, orderNo：2108124582468014080
2026-10-08 17:17:22.181 [http-nio-8080-exec-173] INFO  com.practice.flashsale.common.aspect.ApiOperationLogAspect - ====== 请求结束: [秒杀下单], 耗时: 240ms, 出参: {"success":true,"message":null,"errorCode":null,"data":{"orderId":362,"orderNo":"2108124582468014080","goodsName":"MacBook Pro 14英寸 M3 Pro","goodsImg":"https://img.quanxiaoha.com/macbookpro14.jpg","seckillPrice":12999.00,"status":0,"expireTime":"2026-10-08 17:47:22"}} =================================== 
2026-10-08 17:17:22.182 [http-nio-8080-exec-121] INFO  com.practice.flashsale.order.service.impl.OrderServiceImpl - ==> 当前登录用户 ID：103
2026-10-08 17:17:22.183 [http-nio-8080-exec-108] INFO  com.practice.flashsale.order.service.impl.OrderServiceImpl - ==> 秒杀下单成功, orderId：363, orderNo：2108124582484791296
2026-10-08 17:17:22.185 [http-nio-8080-exec-108] INFO  com.practice.flashsale.common.aspect.ApiOperationLogAspect - ====== 请求结束: [秒杀下单], 耗时: 244ms, 出参: {"success":true,"message":null,"errorCode":null,"data":{"orderId":363,"orderNo":"2108124582484791296","goodsName":"MacBook Pro 14英寸 M3 Pro","goodsImg":"https://img.quanxiaoha.com/macbookpro14.jpg","seckillPrice":12999.00,"status":0,"expireTime":"2026-10-08 17:47:22"}} =================================== 
2026-10-08 17:17:22.186 [http-nio-8080-exec-141] INFO  com.practice.flashsale.order.service.impl.OrderServiceImpl - ==> 秒杀下单成功, orderId：364, orderNo：2108124582497374208
2026-10-08 17:17:22.188 [http-nio-8080-exec-141] INFO  com.practice.flashsale.common.aspect.ApiOperationLogAspect - ====== 请求结束: [秒杀下单], 耗时: 247ms, 出参: {"success":true,"message":null,"errorCode":null,"data":{"orderId":364,"orderNo":"2108124582497374208","goodsName":"MacBook Pro 14英寸 M3 Pro","goodsImg":"https://img.quanxiaoha.com/macbookpro14.jpg","seckillPrice":12999.00,"status":0,"expireTime":"2026-10-08 17:47:22"}} =================================== 
2026-10-08 17:17:22.189 [http-nio-8080-exec-134] INFO  com.practice.flashsale.order.service.impl.OrderServiceImpl - ==> 秒杀下单成功, orderId：365, orderNo：2108124582509957120
2026-10-08 17:17:22.191 [http-nio-8080-exec-134] INFO  com.practice.flashsale.common.aspect.ApiOperationLogAspect - ====== 请求结束: [秒杀下单], 耗时: 250ms, 出参: {"success":true,"message":null,"errorCode":null,"data":{"orderId":365,"orderNo":"2108124582509957120","goodsName":"MacBook Pro 14英寸 M3 Pro","goodsImg":"https://img.quanxiaoha.com/macbookpro14.jpg","seckillPrice":12999.00,"status":0,"expireTime":"2026-10-08 17:47:22"}} =================================== 
2026-10-08 17:17:22.193 [http-nio-8080-exec-132] INFO  com.practice.flashsale.order.service.impl.OrderServiceImpl - ==> 秒杀下单成功, orderId：366, orderNo：2108124582526734336
2026-10-08 17:17:22.195 [http-nio-8080-exec-132] INFO  com.practice.flashsale.common.aspect.ApiOperationLogAspect - ====== 请求结束: [秒杀下单], 耗时: 254ms, 出参: {"success":true,"message":null,"errorCode":null,"data":{"orderId":366,"orderNo":"2108124582526734336","goodsName":"MacBook Pro 14英寸 M3 Pro","goodsImg":"https://img.quanxiaoha.com/macbookpro14.jpg","seckillPrice":12999.00,"status":0,"expireTime":"2026-10-08 17:47:22"}} =================================== 
2026-10-08 17:17:22.196 [http-nio-8080-exec-105] INFO  com.practice.flashsale.order.service.impl.OrderServiceImpl - ==> 秒杀下单成功, orderId：367, orderNo：2108124582539317248
2026-10-08 17:17:22.199 [http-nio-8080-exec-105] INFO  com.practice.flashsale.common.aspect.ApiOperationLogAspect - ====== 请求结束: [秒杀下单], 耗时: 257ms, 出参: {"success":true,"message":null,"errorCode":null,"data":{"orderId":367,"orderNo":"2108124582539317248","goodsName":"MacBook Pro 14英寸 M3 Pro","goodsImg":"https://img.quanxiaoha.com/macbookpro14.jpg","seckillPrice":12999.00,"status":0,"expireTime":"2026-10-08 17:47:22"}} =================================== 
2026-10-08 17:17:22.200 [http-nio-8080-exec-174] INFO  com.practice.flashsale.order.service.impl.OrderServiceImpl - ==> 秒杀下单成功, orderId：368, orderNo：2108124582556094464
2026-10-08 17:17:22.203 [http-nio-8080-exec-174] INFO  com.practice.flashsale.common.aspect.ApiOperationLogAspect - ====== 请求结束: [秒杀下单], 耗时: 262ms, 出参: {"success":true,"message":null,"errorCode":null,"data":{"orderId":368,"orderNo":"2108124582556094464","goodsName":"MacBook Pro 14英寸 M3 Pro","goodsImg":"https://img.quanxiaoha.com/macbookpro14.jpg","seckillPrice":12999.00,"status":0,"expireTime":"2026-10-08 17:47:22"}} =================================== 
2026-10-08 17:17:22.205 [http-nio-8080-exec-139] INFO  com.practice.flashsale.order.service.impl.OrderServiceImpl - ==> 秒杀下单成功, orderId：369, orderNo：2108124582572871680
2026-10-08 17:17:22.207 [http-nio-8080-exec-139] INFO  com.practice.flashsale.common.aspect.ApiOperationLogAspect - ====== 请求结束: [秒杀下单], 耗时: 266ms, 出参: {"success":true,"message":null,"errorCode":null,"data":{"orderId":369,"orderNo":"2108124582572871680","goodsName":"MacBook Pro 14英寸 M3 Pro","goodsImg":"https://img.quanxiaoha.com/macbookpro14.jpg","seckillPrice":12999.00,"status":0,"expireTime":"2026-10-08 17:47:22"}} =================================== 
2026-10-08 17:17:22.209 [http-nio-8080-exec-175] INFO  com.practice.flashsale.order.service.impl.OrderServiceImpl - ==> 秒杀下单成功, orderId：370, orderNo：2108124582593843200
2026-10-08 17:17:22.211 [http-nio-8080-exec-175] INFO  com.practice.flashsale.common.aspect.ApiOperationLogAspect - ====== 请求结束: [秒杀下单], 耗时: 270ms, 出参: {"success":true,"message":null,"errorCode":null,"data":{"orderId":370,"orderNo":"2108124582593843200","goodsName":"MacBook Pro 14英寸 M3 Pro","goodsImg":"https://img.quanxiaoha.com/macbookpro14.jpg","seckillPrice":12999.00,"status":0,"expireTime":"2026-10-08 17:47:22"}} =================================== 
2026-10-08 17:17:22.213 [http-nio-8080-exec-90] INFO  com.practice.flashsale.order.service.impl.OrderServiceImpl - ==> 秒杀下单成功, orderId：371, orderNo：2108124582610620416
2026-10-08 17:17:22.215 [http-nio-8080-exec-90] INFO  com.practice.flashsale.common.aspect.ApiOperationLogAspect - ====== 请求结束: [秒杀下单], 耗时: 273ms, 出参: {"success":true,"message":null,"errorCode":null,"data":{"orderId":371,"orderNo":"2108124582610620416","goodsName":"MacBook Pro 14英寸 M3 Pro","goodsImg":"https://img.quanxiaoha.com/macbookpro14.jpg","seckillPrice":12999.00,"status":0,"expireTime":"2026-10-08 17:47:22"}} =================================== 
2026-10-08 17:17:22.218 [http-nio-8080-exec-112] INFO  com.practice.flashsale.order.service.impl.OrderServiceImpl - ==> 秒杀下单成功, orderId：372, orderNo：2108124582627397632
2026-10-08 17:17:22.220 [http-nio-8080-exec-112] INFO  com.practice.flashsale.common.aspect.ApiOperationLogAspect - ====== 请求结束: [秒杀下单], 耗时: 277ms, 出参: {"success":true,"message":null,"errorCode":null,"data":{"orderId":372,"orderNo":"2108124582627397632","goodsName":"MacBook Pro 14英寸 M3 Pro","goodsImg":"https://img.quanxiaoha.com/macbookpro14.jpg","seckillPrice":12999.00,"status":0,"expireTime":"2026-10-08 17:47:22"}} =================================== 
2026-10-08 17:17:22.221 [http-nio-8080-exec-140] INFO  com.practice.flashsale.order.service.impl.OrderServiceImpl - ==> 秒杀下单成功, orderId：373, orderNo：2108124582644174848
2026-10-08 17:17:22.223 [http-nio-8080-exec-140] INFO  com.practice.flashsale.common.aspect.ApiOperationLogAspect - ====== 请求结束: [秒杀下单], 耗时: 281ms, 出参: {"success":true,"message":null,"errorCode":null,"data":{"orderId":373,"orderNo":"2108124582644174848","goodsName":"MacBook Pro 14英寸 M3 Pro","goodsImg":"https://img.quanxiaoha.com/macbookpro14.jpg","seckillPrice":12999.00,"status":0,"expireTime":"2026-10-08 17:47:22"}} =================================== 
2026-10-08 17:17:22.225 [http-nio-8080-exec-151] INFO  com.practice.flashsale.order.service.impl.OrderServiceImpl - ==> 秒杀下单成功, orderId：374, orderNo：2108124582660952064
2026-10-08 17:17:22.227 [http-nio-8080-exec-151] INFO  com.practice.flashsale.common.aspect.ApiOperationLogAspect - ====== 请求结束: [秒杀下单], 耗时: 283ms, 出参: {"success":true,"message":null,"errorCode":null,"data":{"orderId":374,"orderNo":"2108124582660952064","goodsName":"MacBook Pro 14英寸 M3 Pro","goodsImg":"https://img.quanxiaoha.com/macbookpro14.jpg","seckillPrice":12999.00,"status":0,"expireTime":"2026-10-08 17:47:22"}} =================================== 
2026-10-08 17:17:22.229 [http-nio-8080-exec-135] INFO  com.practice.flashsale.order.service.impl.OrderServiceImpl - ==> 秒杀下单成功, orderId：375, orderNo：2108124582677729280
2026-10-08 17:17:22.231 [http-nio-8080-exec-135] INFO  com.practice.flashsale.common.aspect.ApiOperationLogAspect - ====== 请求结束: [秒杀下单], 耗时: 286ms, 出参: {"success":true,"message":null,"errorCode":null,"data":{"orderId":375,"orderNo":"2108124582677729280","goodsName":"MacBook Pro 14英寸 M3 Pro","goodsImg":"https://img.quanxiaoha.com/macbookpro14.jpg","seckillPrice":12999.00,"status":0,"expireTime":"2026-10-08 17:47:22"}} =================================== 
2026-10-08 17:17:22.233 [http-nio-8080-exec-120] INFO  com.practice.flashsale.order.service.impl.OrderServiceImpl - ==> 秒杀下单成功, orderId：376, orderNo：2108124582694506496
2026-10-08 17:17:22.235 [http-nio-8080-exec-120] INFO  com.practice.flashsale.common.aspect.ApiOperationLogAspect - ====== 请求结束: [秒杀下单], 耗时: 290ms, 出参: {"success":true,"message":null,"errorCode":null,"data":{"orderId":376,"orderNo":"2108124582694506496","goodsName":"MacBook Pro 14英寸 M3 Pro","goodsImg":"https://img.quanxiaoha.com/macbookpro14.jpg","seckillPrice":12999.00,"status":0,"expireTime":"2026-10-08 17:47:22"}} =================================== 
2026-10-08 17:17:22.237 [http-nio-8080-exec-164] INFO  com.practice.flashsale.order.service.impl.OrderServiceImpl - ==> 秒杀下单成功, orderId：377, orderNo：2108124582711283712
2026-10-08 17:17:22.239 [http-nio-8080-exec-164] INFO  com.practice.flashsale.common.aspect.ApiOperationLogAspect - ====== 请求结束: [秒杀下单], 耗时: 296ms, 出参: {"success":true,"message":null,"errorCode":null,"data":{"orderId":377,"orderNo":"2108124582711283712","goodsName":"MacBook Pro 14英寸 M3 Pro","goodsImg":"https://img.quanxiaoha.com/macbookpro14.jpg","seckillPrice":12999.00,"status":0,"expireTime":"2026-10-08 17:47:22"}} =================================== 
2026-10-08 17:17:22.241 [http-nio-8080-exec-152] INFO  com.practice.flashsale.order.service.impl.OrderServiceImpl - ==> 秒杀下单成功, orderId：378, orderNo：2108124582728060928
2026-10-08 17:17:22.243 [http-nio-8080-exec-152] INFO  com.practice.flashsale.common.aspect.ApiOperationLogAspect - ====== 请求结束: [秒杀下单], 耗时: 298ms, 出参: {"success":true,"message":null,"errorCode":null,"data":{"orderId":378,"orderNo":"2108124582728060928","goodsName":"MacBook Pro 14英寸 M3 Pro","goodsImg":"https://img.quanxiaoha.com/macbookpro14.jpg","seckillPrice":12999.00,"status":0,"expireTime":"2026-10-08 17:47:22"}} =================================== 
2026-10-08 17:17:22.244 [http-nio-8080-exec-176] INFO  com.practice.flashsale.order.service.impl.OrderServiceImpl - ==> 秒杀下单成功, orderId：379, orderNo：2108124582740643840
2026-10-08 17:17:22.247 [http-nio-8080-exec-176] INFO  com.practice.flashsale.common.aspect.ApiOperationLogAspect - ====== 请求结束: [秒杀下单], 耗时: 300ms, 出参: {"success":true,"message":null,"errorCode":null,"data":{"orderId":379,"orderNo":"2108124582740643840","goodsName":"MacBook Pro 14英寸 M3 Pro","goodsImg":"https://img.quanxiaoha.com/macbookpro14.jpg","seckillPrice":12999.00,"status":0,"expireTime":"2026-10-08 17:47:22"}} =================================== 
2026-10-08 17:17:22.248 [http-nio-8080-exec-115] INFO  com.practice.flashsale.order.service.impl.OrderServiceImpl - ==> 秒杀下单成功, orderId：380, orderNo：2108124582757421056
2026-10-08 17:17:22.251 [http-nio-8080-exec-115] INFO  com.practice.flashsale.common.aspect.ApiOperationLogAspect - ====== 请求结束: [秒杀下单], 耗时: 305ms, 出参: {"success":true,"message":null,"errorCode":null,"data":{"orderId":380,"orderNo":"2108124582757421056","goodsName":"MacBook Pro 14英寸 M3 Pro","goodsImg":"https://img.quanxiaoha.com/macbookpro14.jpg","seckillPrice":12999.00,"status":0,"expireTime":"2026-10-08 17:47:22"}} =================================== 
2026-10-08 17:17:22.252 [http-nio-8080-exec-181] INFO  com.practice.flashsale.order.service.impl.OrderServiceImpl - ==> 秒杀下单成功, orderId：381, orderNo：2108124582774198272
2026-10-08 17:17:22.254 [http-nio-8080-exec-181] INFO  com.practice.flashsale.common.aspect.ApiOperationLogAspect - ====== 请求结束: [秒杀下单], 耗时: 308ms, 出参: {"success":true,"message":null,"errorCode":null,"data":{"orderId":381,"orderNo":"2108124582774198272","goodsName":"MacBook Pro 14英寸 M3 Pro","goodsImg":"https://img.quanxiaoha.com/macbookpro14.jpg","seckillPrice":12999.00,"status":0,"expireTime":"2026-10-08 17:47:22"}} =================================== 
2026-10-08 17:17:22.256 [http-nio-8080-exec-143] INFO  com.practice.flashsale.order.service.impl.OrderServiceImpl - ==> 秒杀下单成功, orderId：382, orderNo：2108124582790975488
2026-10-08 17:17:22.258 [http-nio-8080-exec-143] INFO  com.practice.flashsale.common.aspect.ApiOperationLogAspect - ====== 请求结束: [秒杀下单], 耗时: 311ms, 出参: {"success":true,"message":null,"errorCode":null,"data":{"orderId":382,"orderNo":"2108124582790975488","goodsName":"MacBook Pro 14英寸 M3 Pro","goodsImg":"https://img.quanxiaoha.com/macbookpro14.jpg","seckillPrice":12999.00,"status":0,"expireTime":"2026-10-08 17:47:22"}} =================================== 
2026-10-08 17:17:22.260 [http-nio-8080-exec-163] INFO  com.practice.flashsale.order.service.impl.OrderServiceImpl - ==> 秒杀下单成功, orderId：383, orderNo：2108124582807752704
2026-10-08 17:17:22.264 [http-nio-8080-exec-163] INFO  com.practice.flashsale.common.aspect.ApiOperationLogAspect - ====== 请求结束: [秒杀下单], 耗时: 317ms, 出参: {"success":true,"message":null,"errorCode":null,"data":{"orderId":383,"orderNo":"2108124582807752704","goodsName":"MacBook Pro 14英寸 M3 Pro","goodsImg":"https://img.quanxiaoha.com/macbookpro14.jpg","seckillPrice":12999.00,"status":0,"expireTime":"2026-10-08 17:47:22"}} =================================== 
2026-10-08 17:17:22.266 [http-nio-8080-exec-177] INFO  com.practice.flashsale.order.service.impl.OrderServiceImpl - ==> 秒杀下单成功, orderId：384, orderNo：2108124582832918528
2026-10-08 17:17:22.269 [http-nio-8080-exec-177] INFO  com.practice.flashsale.common.aspect.ApiOperationLogAspect - ====== 请求结束: [秒杀下单], 耗时: 319ms, 出参: {"success":true,"message":null,"errorCode":null,"data":{"orderId":384,"orderNo":"2108124582832918528","goodsName":"MacBook Pro 14英寸 M3 Pro","goodsImg":"https://img.quanxiaoha.com/macbookpro14.jpg","seckillPrice":12999.00,"status":0,"expireTime":"2026-10-08 17:47:22"}} =================================== 
2026-10-08 17:17:22.270 [http-nio-8080-exec-183] INFO  com.practice.flashsale.order.service.impl.OrderServiceImpl - ==> 秒杀下单成功, orderId：385, orderNo：2108124582849695744
2026-10-08 17:17:22.273 [http-nio-8080-exec-183] INFO  com.practice.flashsale.common.aspect.ApiOperationLogAspect - ====== 请求结束: [秒杀下单], 耗时: 322ms, 出参: {"success":true,"message":null,"errorCode":null,"data":{"orderId":385,"orderNo":"2108124582849695744","goodsName":"MacBook Pro 14英寸 M3 Pro","goodsImg":"https://img.quanxiaoha.com/macbookpro14.jpg","seckillPrice":12999.00,"status":0,"expireTime":"2026-10-08 17:47:22"}} =================================== 
2026-10-08 17:17:22.275 [http-nio-8080-exec-110] INFO  com.practice.flashsale.order.service.impl.OrderServiceImpl - ==> 秒杀下单成功, orderId：386, orderNo：2108124582866472960
2026-10-08 17:17:22.277 [http-nio-8080-exec-110] INFO  com.practice.flashsale.common.aspect.ApiOperationLogAspect - ====== 请求结束: [秒杀下单], 耗时: 329ms, 出参: {"success":true,"message":null,"errorCode":null,"data":{"orderId":386,"orderNo":"2108124582866472960","goodsName":"MacBook Pro 14英寸 M3 Pro","goodsImg":"https://img.quanxiaoha.com/macbookpro14.jpg","seckillPrice":12999.00,"status":0,"expireTime":"2026-10-08 17:47:22"}} =================================== 
2026-10-08 17:17:22.278 [http-nio-8080-exec-1] INFO  com.practice.flashsale.order.service.impl.OrderServiceImpl - ==> 秒杀下单成功, orderId：387, orderNo：2108124582883250176
2026-10-08 17:17:22.281 [http-nio-8080-exec-1] INFO  com.practice.flashsale.common.aspect.ApiOperationLogAspect - ====== 请求结束: [秒杀下单], 耗时: 330ms, 出参: {"success":true,"message":null,"errorCode":null,"data":{"orderId":387,"orderNo":"2108124582883250176","goodsName":"MacBook Pro 14英寸 M3 Pro","goodsImg":"https://img.quanxiaoha.com/macbookpro14.jpg","seckillPrice":12999.00,"status":0,"expireTime":"2026-10-08 17:47:22"}} =================================== 
2026-10-08 17:17:22.283 [http-nio-8080-exec-149] INFO  com.practice.flashsale.order.service.impl.OrderServiceImpl - ==> 秒杀下单成功, orderId：388, orderNo：2108124582900027392
2026-10-08 17:17:22.285 [http-nio-8080-exec-149] INFO  com.practice.flashsale.common.aspect.ApiOperationLogAspect - ====== 请求结束: [秒杀下单], 耗时: 333ms, 出参: {"success":true,"message":null,"errorCode":null,"data":{"orderId":388,"orderNo":"2108124582900027392","goodsName":"MacBook Pro 14英寸 M3 Pro","goodsImg":"https://img.quanxiaoha.com/macbookpro14.jpg","seckillPrice":12999.00,"status":0,"expireTime":"2026-10-08 17:47:22"}} =================================== 
2026-10-08 17:17:22.287 [http-nio-8080-exec-184] INFO  com.practice.flashsale.order.service.impl.OrderServiceImpl - ==> 秒杀下单成功, orderId：389, orderNo：2108124582920998912
2026-10-08 17:17:22.289 [http-nio-8080-exec-184] INFO  com.practice.flashsale.common.aspect.ApiOperationLogAspect - ====== 请求结束: [秒杀下单], 耗时: 337ms, 出参: {"success":true,"message":null,"errorCode":null,"data":{"orderId":389,"orderNo":"2108124582920998912","goodsName":"MacBook Pro 14英寸 M3 Pro","goodsImg":"https://img.quanxiaoha.com/macbookpro14.jpg","seckillPrice":12999.00,"status":0,"expireTime":"2026-10-08 17:47:22"}} =================================== 
2026-10-08 17:17:22.291 [http-nio-8080-exec-185] INFO  com.practice.flashsale.order.service.impl.OrderServiceImpl - ==> 秒杀下单成功, orderId：390, orderNo：2108124582933581824
2026-10-08 17:17:22.293 [http-nio-8080-exec-185] INFO  com.practice.flashsale.common.aspect.ApiOperationLogAspect - ====== 请求结束: [秒杀下单], 耗时: 341ms, 出参: {"success":true,"message":null,"errorCode":null,"data":{"orderId":390,"orderNo":"2108124582933581824","goodsName":"MacBook Pro 14英寸 M3 Pro","goodsImg":"https://img.quanxiaoha.com/macbookpro14.jpg","seckillPrice":12999.00,"status":0,"expireTime":"2026-10-08 17:47:22"}} =================================== 
2026-10-08 17:17:22.294 [http-nio-8080-exec-178] INFO  com.practice.flashsale.order.service.impl.OrderServiceImpl - ==> 秒杀下单成功, orderId：391, orderNo：2108124582950359040
2026-10-08 17:17:22.297 [http-nio-8080-exec-178] INFO  com.practice.flashsale.common.aspect.ApiOperationLogAspect - ====== 请求结束: [秒杀下单], 耗时: 345ms, 出参: {"success":true,"message":null,"errorCode":null,"data":{"orderId":391,"orderNo":"2108124582950359040","goodsName":"MacBook Pro 14英寸 M3 Pro","goodsImg":"https://img.quanxiaoha.com/macbookpro14.jpg","seckillPrice":12999.00,"status":0,"expireTime":"2026-10-08 17:47:22"}} =================================== 
2026-10-08 17:17:22.298 [http-nio-8080-exec-180] INFO  com.practice.flashsale.order.service.impl.OrderServiceImpl - ==> 秒杀下单成功, orderId：392, orderNo：2108124582967136256
2026-10-08 17:17:22.300 [http-nio-8080-exec-180] INFO  com.practice.flashsale.common.aspect.ApiOperationLogAspect - ====== 请求结束: [秒杀下单], 耗时: 348ms, 出参: {"success":true,"message":null,"errorCode":null,"data":{"orderId":392,"orderNo":"2108124582967136256","goodsName":"MacBook Pro 14英寸 M3 Pro","goodsImg":"https://img.quanxiaoha.com/macbookpro14.jpg","seckillPrice":12999.00,"status":0,"expireTime":"2026-10-08 17:47:22"}} =================================== 
2026-10-08 17:17:22.302 [http-nio-8080-exec-126] INFO  com.practice.flashsale.order.service.impl.OrderServiceImpl - ==> 秒杀下单成功, orderId：393, orderNo：2108124582983913472
2026-10-08 17:17:22.304 [http-nio-8080-exec-126] INFO  com.practice.flashsale.common.aspect.ApiOperationLogAspect - ====== 请求结束: [秒杀下单], 耗时: 351ms, 出参: {"success":true,"message":null,"errorCode":null,"data":{"orderId":393,"orderNo":"2108124582983913472","goodsName":"MacBook Pro 14英寸 M3 Pro","goodsImg":"https://img.quanxiaoha.com/macbookpro14.jpg","seckillPrice":12999.00,"status":0,"expireTime":"2026-10-08 17:47:22"}} =================================== 
2026-10-08 17:17:22.306 [http-nio-8080-exec-114] INFO  com.practice.flashsale.order.service.impl.OrderServiceImpl - ==> 秒杀下单成功, orderId：394, orderNo：2108124583000690688
2026-10-08 17:17:22.308 [http-nio-8080-exec-114] INFO  com.practice.flashsale.common.aspect.ApiOperationLogAspect - ====== 请求结束: [秒杀下单], 耗时: 355ms, 出参: {"success":true,"message":null,"errorCode":null,"data":{"orderId":394,"orderNo":"2108124583000690688","goodsName":"MacBook Pro 14英寸 M3 Pro","goodsImg":"https://img.quanxiaoha.com/macbookpro14.jpg","seckillPrice":12999.00,"status":0,"expireTime":"2026-10-08 17:47:22"}} =================================== 
2026-10-08 17:17:22.310 [http-nio-8080-exec-187] INFO  com.practice.flashsale.order.service.impl.OrderServiceImpl - ==> 秒杀下单成功, orderId：395, orderNo：2108124583013273600
2026-10-08 17:17:22.312 [http-nio-8080-exec-187] INFO  com.practice.flashsale.common.aspect.ApiOperationLogAspect - ====== 请求结束: [秒杀下单], 耗时: 359ms, 出参: {"success":true,"message":null,"errorCode":null,"data":{"orderId":395,"orderNo":"2108124583013273600","goodsName":"MacBook Pro 14英寸 M3 Pro","goodsImg":"https://img.quanxiaoha.com/macbookpro14.jpg","seckillPrice":12999.00,"status":0,"expireTime":"2026-10-08 17:47:22"}} =================================== 
2026-10-08 17:17:22.314 [http-nio-8080-exec-30] INFO  com.practice.flashsale.order.service.impl.OrderServiceImpl - ==> 秒杀下单成功, orderId：396, orderNo：2108124583034245120
2026-10-08 17:17:22.316 [http-nio-8080-exec-30] INFO  com.practice.flashsale.common.aspect.ApiOperationLogAspect - ====== 请求结束: [秒杀下单], 耗时: 393ms, 出参: {"success":true,"message":null,"errorCode":null,"data":{"orderId":396,"orderNo":"2108124583034245120","goodsName":"MacBook Pro 14英寸 M3 Pro","goodsImg":"https://img.quanxiaoha.com/macbookpro14.jpg","seckillPrice":12999.00,"status":0,"expireTime":"2026-10-08 17:47:22"}} =================================== 
2026-10-08 17:17:22.318 [http-nio-8080-exec-186] INFO  com.practice.flashsale.order.service.impl.OrderServiceImpl - ==> 秒杀下单成功, orderId：397, orderNo：2108124583046828032
2026-10-08 17:17:22.321 [http-nio-8080-exec-186] INFO  com.practice.flashsale.common.aspect.ApiOperationLogAspect - ====== 请求结束: [秒杀下单], 耗时: 367ms, 出参: {"success":true,"message":null,"errorCode":null,"data":{"orderId":397,"orderNo":"2108124583046828032","goodsName":"MacBook Pro 14英寸 M3 Pro","goodsImg":"https://img.quanxiaoha.com/macbookpro14.jpg","seckillPrice":12999.00,"status":0,"expireTime":"2026-10-08 17:47:22"}} =================================== 
2026-10-08 17:17:22.324 [http-nio-8080-exec-133] INFO  com.practice.flashsale.order.service.impl.OrderServiceImpl - ==> 秒杀下单成功, orderId：398, orderNo：2108124583071993856
2026-10-08 17:17:22.326 [http-nio-8080-exec-133] INFO  com.practice.flashsale.common.aspect.ApiOperationLogAspect - ====== 请求结束: [秒杀下单], 耗时: 372ms, 出参: {"success":true,"message":null,"errorCode":null,"data":{"orderId":398,"orderNo":"2108124583071993856","goodsName":"MacBook Pro 14英寸 M3 Pro","goodsImg":"https://img.quanxiaoha.com/macbookpro14.jpg","seckillPrice":12999.00,"status":0,"expireTime":"2026-10-08 17:47:22"}} =================================== 
2026-10-08 17:17:22.328 [http-nio-8080-exec-121] INFO  com.practice.flashsale.order.service.impl.OrderServiceImpl - ==> 秒杀下单成功, orderId：399, orderNo：2108124583088771072
2026-10-08 17:17:22.330 [http-nio-8080-exec-121] INFO  com.practice.flashsale.common.aspect.ApiOperationLogAspect - ====== 请求结束: [秒杀下单], 耗时: 369ms, 出参: {"success":true,"message":null,"errorCode":null,"data":{"orderId":399,"orderNo":"2108124583088771072","goodsName":"MacBook Pro 14英寸 M3 Pro","goodsImg":"https://img.quanxiaoha.com/macbookpro14.jpg","seckillPrice":12999.00,"status":0,"expireTime":"2026-10-08 17:47:22"}} =================================== 
2026-10-08 17:17:22.331 [http-nio-8080-exec-179] INFO  com.practice.flashsale.order.service.impl.OrderServiceImpl - ==> 秒杀下单成功, orderId：400, orderNo：2108124583105548288
2026-10-08 17:17:22.333 [http-nio-8080-exec-179] INFO  com.practice.flashsale.common.aspect.ApiOperationLogAspect - ====== 请求结束: [秒杀下单], 耗时: 379ms, 出参: {"success":true,"message":null,"errorCode":null,"data":{"orderId":400,"orderNo":"2108124583105548288","goodsName":"MacBook Pro 14英寸 M3 Pro","goodsImg":"https://img.quanxiaoha.com/macbookpro14.jpg","seckillPrice":12999.00,"status":0,"expireTime":"2026-10-08 17:47:22"}} =================================== 
2026-10-08 17:24:01.804 [http-nio-8080-exec-30] INFO  com.practice.flashsale.common.aspect.ApiOperationLogAspect - ====== 请求开始：[用户登录], 入参：{"mobile":"13420906815","type":1,"password":"mkyl2014","verifyCode":null}, 请求类：UserController, 请求方法：login =================================== 
2026-10-08 17:24:01.884 [http-nio-8080-exec-30] INFO  com.practice.flashsale.user.service.impl.UserServiceImpl - 用户登录成功, userId=2, mobile=13420906815
2026-10-08 17:24:01.887 [http-nio-8080-exec-30] INFO  com.practice.flashsale.common.aspect.ApiOperationLogAspect - ====== 请求结束: [用户登录], 耗时: 81ms, 出参: {"success":true,"message":null,"errorCode":null,"data":{"token":"fcd70e09-b40b-48f1-8fd8-d4b4ae427eaa","userInfo":{"id":2,"nickname":"用户657343","avatar":null}}} =================================== 
2026-10-08 17:28:11.476 [http-nio-8080-exec-186] INFO  com.practice.flashsale.common.aspect.ApiOperationLogAspect - ====== 请求开始：[秒杀下单], 入参：{"activityId":1,"goodsId":1}, 请求类：OrderController, 请求方法：doSeckill =================================== 
2026-10-08 17:28:11.476 [http-nio-8080-exec-106] INFO  com.practice.flashsale.common.aspect.ApiOperationLogAspect - ====== 请求开始：[秒杀下单], 入参：{"activityId":1,"goodsId":1}, 请求类：OrderController, 请求方法：doSeckill =================================== 
2026-10-08 17:28:11.476 [http-nio-8080-exec-17] INFO  com.practice.flashsale.common.aspect.ApiOperationLogAspect - ====== 请求开始：[秒杀下单], 入参：{"activityId":1,"goodsId":1}, 请求类：OrderController, 请求方法：doSeckill =================================== 
2026-10-08 17:28:11.476 [http-nio-8080-exec-30] INFO  com.practice.flashsale.common.aspect.ApiOperationLogAspect - ====== 请求开始：[秒杀下单], 入参：{"activityId":1,"goodsId":1}, 请求类：OrderController, 请求方法：doSeckill =================================== 
2026-10-08 17:28:11.476 [http-nio-8080-exec-121] INFO  com.practice.flashsale.common.aspect.ApiOperationLogAspect - ====== 请求开始：[秒杀下单], 入参：{"activityId":1,"goodsId":1}, 请求类：OrderController, 请求方法：doSeckill =================================== 
2026-10-08 17:28:11.476 [http-nio-8080-exec-148] INFO  com.practice.flashsale.common.aspect.ApiOperationLogAspect - ====== 请求开始：[秒杀下单], 入参：{"activityId":1,"goodsId":1}, 请求类：OrderController, 请求方法：doSeckill =================================== 
2026-10-08 17:28:11.477 [http-nio-8080-exec-168] INFO  com.practice.flashsale.common.aspect.ApiOperationLogAspect - ====== 请求开始：[秒杀下单], 入参：{"activityId":1,"goodsId":1}, 请求类：OrderController, 请求方法：doSeckill =================================== 
2026-10-08 17:28:11.477 [http-nio-8080-exec-133] INFO  com.practice.flashsale.common.aspect.ApiOperationLogAspect - ====== 请求开始：[秒杀下单], 入参：{"activityId":1,"goodsId":1}, 请求类：OrderController, 请求方法：doSeckill =================================== 
2026-10-08 17:28:11.477 [http-nio-8080-exec-179] INFO  com.practice.flashsale.common.aspect.ApiOperationLogAspect - ====== 请求开始：[秒杀下单], 入参：{"activityId":1,"goodsId":1}, 请求类：OrderController, 请求方法：doSeckill =================================== 
2026-10-08 17:28:11.479 [http-nio-8080-exec-186] INFO  com.practice.flashsale.order.service.impl.OrderServiceImpl - ==> 当前登录用户 ID：2
2026-10-08 17:28:11.479 [http-nio-8080-exec-17] INFO  com.practice.flashsale.order.service.impl.OrderServiceImpl - ==> 当前登录用户 ID：2
2026-10-08 17:28:11.479 [http-nio-8080-exec-121] INFO  com.practice.flashsale.order.service.impl.OrderServiceImpl - ==> 当前登录用户 ID：2
2026-10-08 17:28:11.479 [http-nio-8080-exec-148] INFO  com.practice.flashsale.order.service.impl.OrderServiceImpl - ==> 当前登录用户 ID：2
2026-10-08 17:28:11.479 [http-nio-8080-exec-133] INFO  com.practice.flashsale.order.service.impl.OrderServiceImpl - ==> 当前登录用户 ID：2
2026-10-08 17:28:11.479 [http-nio-8080-exec-106] INFO  com.practice.flashsale.order.service.impl.OrderServiceImpl - ==> 当前登录用户 ID：2
2026-10-08 17:28:11.479 [http-nio-8080-exec-30] INFO  com.practice.flashsale.order.service.impl.OrderServiceImpl - ==> 当前登录用户 ID：2
2026-10-08 17:28:11.479 [http-nio-8080-exec-179] INFO  com.practice.flashsale.order.service.impl.OrderServiceImpl - ==> 当前登录用户 ID：2
2026-10-08 17:28:11.484 [http-nio-8080-exec-179] INFO  com.practice.flashsale.order.service.impl.OrderServiceImpl - ==> 秒杀下单成功, orderId：1, orderNo：2108127305850572800
2026-10-08 17:28:11.486 [http-nio-8080-exec-168] INFO  com.practice.flashsale.order.service.impl.OrderServiceImpl - ==> 当前登录用户 ID：2
2026-10-08 17:28:11.487 [http-nio-8080-exec-187] INFO  com.practice.flashsale.common.aspect.ApiOperationLogAspect - ====== 请求开始：[秒杀下单], 入参：{"activityId":1,"goodsId":1}, 请求类：OrderController, 请求方法：doSeckill =================================== 
2026-10-08 17:28:11.488 [http-nio-8080-exec-179] INFO  com.practice.flashsale.common.aspect.ApiOperationLogAspect - ====== 请求结束: [秒杀下单], 耗时: 10ms, 出参: {"success":true,"message":null,"errorCode":null,"data":{"orderId":1,"orderNo":"2108127305850572800","goodsName":"iPhone 15 Pro Max 256GB 深空黑色","goodsImg":"https://img.quanxiaoha.com/iphone15promax.jpg","seckillPrice":8999.00,"status":0,"expireTime":"2026-10-08 17:58:11"}} =================================== 
2026-10-08 17:28:11.489 [http-nio-8080-exec-187] INFO  com.practice.flashsale.order.service.impl.OrderServiceImpl - ==> 当前登录用户 ID：2
2026-10-08 17:28:11.489 [http-nio-8080-exec-133] INFO  com.practice.flashsale.order.service.impl.OrderServiceImpl - ==> 秒杀下单成功, orderId：2, orderNo：2108127305871544320
2026-10-08 17:28:11.491 [http-nio-8080-exec-133] INFO  com.practice.flashsale.common.aspect.ApiOperationLogAspect - ====== 请求结束: [秒杀下单], 耗时: 14ms, 出参: {"success":true,"message":null,"errorCode":null,"data":{"orderId":2,"orderNo":"2108127305871544320","goodsName":"iPhone 15 Pro Max 256GB 深空黑色","goodsImg":"https://img.quanxiaoha.com/iphone15promax.jpg","seckillPrice":8999.00,"status":0,"expireTime":"2026-10-08 17:58:11"}} =================================== 
2026-10-08 17:28:11.492 [http-nio-8080-exec-30] INFO  com.practice.flashsale.order.service.impl.OrderServiceImpl - ==> 秒杀下单成功, orderId：3, orderNo：2108127305884127232
2026-10-08 17:28:11.495 [http-nio-8080-exec-30] INFO  com.practice.flashsale.common.aspect.ApiOperationLogAspect - ====== 请求结束: [秒杀下单], 耗时: 19ms, 出参: {"success":true,"message":null,"errorCode":null,"data":{"orderId":3,"orderNo":"2108127305884127232","goodsName":"iPhone 15 Pro Max 256GB 深空黑色","goodsImg":"https://img.quanxiaoha.com/iphone15promax.jpg","seckillPrice":8999.00,"status":0,"expireTime":"2026-10-08 17:58:11"}} =================================== 
2026-10-08 17:28:11.497 [http-nio-8080-exec-148] INFO  com.practice.flashsale.order.service.impl.OrderServiceImpl - ==> 秒杀下单成功, orderId：4, orderNo：2108127305905098752
2026-10-08 17:28:11.499 [http-nio-8080-exec-148] INFO  com.practice.flashsale.common.aspect.ApiOperationLogAspect - ====== 请求结束: [秒杀下单], 耗时: 23ms, 出参: {"success":true,"message":null,"errorCode":null,"data":{"orderId":4,"orderNo":"2108127305905098752","goodsName":"iPhone 15 Pro Max 256GB 深空黑色","goodsImg":"https://img.quanxiaoha.com/iphone15promax.jpg","seckillPrice":8999.00,"status":0,"expireTime":"2026-10-08 17:58:11"}} =================================== 
2026-10-08 17:28:11.501 [http-nio-8080-exec-106] INFO  com.practice.flashsale.order.service.impl.OrderServiceImpl - ==> 秒杀下单成功, orderId：5, orderNo：2108127305921875968
2026-10-08 17:28:11.504 [http-nio-8080-exec-106] INFO  com.practice.flashsale.common.aspect.ApiOperationLogAspect - ====== 请求结束: [秒杀下单], 耗时: 27ms, 出参: {"success":true,"message":null,"errorCode":null,"data":{"orderId":5,"orderNo":"2108127305921875968","goodsName":"iPhone 15 Pro Max 256GB 深空黑色","goodsImg":"https://img.quanxiaoha.com/iphone15promax.jpg","seckillPrice":8999.00,"status":0,"expireTime":"2026-10-08 17:58:11"}} =================================== 
2026-10-08 17:28:11.505 [http-nio-8080-exec-186] INFO  com.practice.flashsale.order.service.impl.OrderServiceImpl - ==> 秒杀下单成功, orderId：6, orderNo：2108127305938653184
2026-10-08 17:28:11.508 [http-nio-8080-exec-186] INFO  com.practice.flashsale.common.aspect.ApiOperationLogAspect - ====== 请求结束: [秒杀下单], 耗时: 32ms, 出参: {"success":true,"message":null,"errorCode":null,"data":{"orderId":6,"orderNo":"2108127305938653184","goodsName":"iPhone 15 Pro Max 256GB 深空黑色","goodsImg":"https://img.quanxiaoha.com/iphone15promax.jpg","seckillPrice":8999.00,"status":0,"expireTime":"2026-10-08 17:58:11"}} =================================== 
2026-10-08 17:28:11.510 [http-nio-8080-exec-121] INFO  com.practice.flashsale.order.service.impl.OrderServiceImpl - ==> 秒杀下单成功, orderId：7, orderNo：2108127305955430400
2026-10-08 17:28:11.512 [http-nio-8080-exec-121] INFO  com.practice.flashsale.common.aspect.ApiOperationLogAspect - ====== 请求结束: [秒杀下单], 耗时: 36ms, 出参: {"success":true,"message":null,"errorCode":null,"data":{"orderId":7,"orderNo":"2108127305955430400","goodsName":"iPhone 15 Pro Max 256GB 深空黑色","goodsImg":"https://img.quanxiaoha.com/iphone15promax.jpg","seckillPrice":8999.00,"status":0,"expireTime":"2026-10-08 17:58:11"}} =================================== 
2026-10-08 17:28:11.514 [http-nio-8080-exec-17] INFO  com.practice.flashsale.order.service.impl.OrderServiceImpl - ==> 秒杀下单成功, orderId：8, orderNo：2108127305976401920
2026-10-08 17:28:11.516 [http-nio-8080-exec-17] INFO  com.practice.flashsale.common.aspect.ApiOperationLogAspect - ====== 请求结束: [秒杀下单], 耗时: 40ms, 出参: {"success":true,"message":null,"errorCode":null,"data":{"orderId":8,"orderNo":"2108127305976401920","goodsName":"iPhone 15 Pro Max 256GB 深空黑色","goodsImg":"https://img.quanxiaoha.com/iphone15promax.jpg","seckillPrice":8999.00,"status":0,"expireTime":"2026-10-08 17:58:11"}} =================================== 
2026-10-08 17:28:11.518 [http-nio-8080-exec-168] INFO  com.practice.flashsale.order.service.impl.OrderServiceImpl - ==> 秒杀下单成功, orderId：9, orderNo：2108127305993179136
2026-10-08 17:28:11.521 [http-nio-8080-exec-168] INFO  com.practice.flashsale.common.aspect.ApiOperationLogAspect - ====== 请求结束: [秒杀下单], 耗时: 44ms, 出参: {"success":true,"message":null,"errorCode":null,"data":{"orderId":9,"orderNo":"2108127305993179136","goodsName":"iPhone 15 Pro Max 256GB 深空黑色","goodsImg":"https://img.quanxiaoha.com/iphone15promax.jpg","seckillPrice":8999.00,"status":0,"expireTime":"2026-10-08 17:58:11"}} =================================== 
2026-10-08 17:28:11.522 [http-nio-8080-exec-187] INFO  com.practice.flashsale.order.service.impl.OrderServiceImpl - ==> 秒杀下单成功, orderId：10, orderNo：2108127306009956352
2026-10-08 17:28:11.525 [http-nio-8080-exec-187] INFO  com.practice.flashsale.common.aspect.ApiOperationLogAspect - ====== 请求结束: [秒杀下单], 耗时: 38ms, 出参: {"success":true,"message":null,"errorCode":null,"data":{"orderId":10,"orderNo":"2108127306009956352","goodsName":"iPhone 15 Pro Max 256GB 深空黑色","goodsImg":"https://img.quanxiaoha.com/iphone15promax.jpg","seckillPrice":8999.00,"status":0,"expireTime":"2026-10-08 17:58:11"}} =================================== 
2026-10-08 17:30:08.483 [http-nio-8080-exec-121] INFO  com.practice.flashsale.common.aspect.ApiOperationLogAspect - ====== 请求开始：[秒杀下单], 入参：{"activityId":1,"goodsId":1}, 请求类：OrderController, 请求方法：doSeckill =================================== 
2026-10-08 17:30:08.483 [http-nio-8080-exec-148] INFO  com.practice.flashsale.common.aspect.ApiOperationLogAspect - ====== 请求开始：[秒杀下单], 入参：{"activityId":1,"goodsId":1}, 请求类：OrderController, 请求方法：doSeckill =================================== 
2026-10-08 17:30:08.483 [http-nio-8080-exec-187] INFO  com.practice.flashsale.common.aspect.ApiOperationLogAspect - ====== 请求开始：[秒杀下单], 入参：{"activityId":1,"goodsId":1}, 请求类：OrderController, 请求方法：doSeckill =================================== 
2026-10-08 17:30:08.483 [http-nio-8080-exec-106] INFO  com.practice.flashsale.common.aspect.ApiOperationLogAspect - ====== 请求开始：[秒杀下单], 入参：{"activityId":1,"goodsId":1}, 请求类：OrderController, 请求方法：doSeckill =================================== 
2026-10-08 17:30:08.483 [http-nio-8080-exec-186] INFO  com.practice.flashsale.common.aspect.ApiOperationLogAspect - ====== 请求开始：[秒杀下单], 入参：{"activityId":1,"goodsId":1}, 请求类：OrderController, 请求方法：doSeckill =================================== 
2026-10-08 17:30:08.483 [http-nio-8080-exec-179] INFO  com.practice.flashsale.common.aspect.ApiOperationLogAspect - ====== 请求开始：[秒杀下单], 入参：{"activityId":1,"goodsId":1}, 请求类：OrderController, 请求方法：doSeckill =================================== 
2026-10-08 17:30:08.483 [http-nio-8080-exec-168] INFO  com.practice.flashsale.common.aspect.ApiOperationLogAspect - ====== 请求开始：[秒杀下单], 入参：{"activityId":1,"goodsId":1}, 请求类：OrderController, 请求方法：doSeckill =================================== 
2026-10-08 17:30:08.483 [http-nio-8080-exec-17] INFO  com.practice.flashsale.common.aspect.ApiOperationLogAspect - ====== 请求开始：[秒杀下单], 入参：{"activityId":1,"goodsId":1}, 请求类：OrderController, 请求方法：doSeckill =================================== 
2026-10-08 17:30:08.483 [http-nio-8080-exec-133] INFO  com.practice.flashsale.common.aspect.ApiOperationLogAspect - ====== 请求开始：[秒杀下单], 入参：{"activityId":1,"goodsId":1}, 请求类：OrderController, 请求方法：doSeckill =================================== 
2026-10-08 17:30:08.485 [http-nio-8080-exec-179] INFO  com.practice.flashsale.order.service.impl.OrderServiceImpl - ==> 当前登录用户 ID：2
2026-10-08 17:30:08.485 [http-nio-8080-exec-133] INFO  com.practice.flashsale.order.service.impl.OrderServiceImpl - ==> 当前登录用户 ID：2
2026-10-08 17:30:08.485 [http-nio-8080-exec-121] INFO  com.practice.flashsale.order.service.impl.OrderServiceImpl - ==> 当前登录用户 ID：2
2026-10-08 17:30:08.485 [http-nio-8080-exec-168] INFO  com.practice.flashsale.order.service.impl.OrderServiceImpl - ==> 当前登录用户 ID：2
2026-10-08 17:30:08.493 [http-nio-8080-exec-187] INFO  com.practice.flashsale.order.service.impl.OrderServiceImpl - ==> 当前登录用户 ID：2
2026-10-08 17:30:08.493 [http-nio-8080-exec-186] INFO  com.practice.flashsale.order.service.impl.OrderServiceImpl - ==> 当前登录用户 ID：2
2026-10-08 17:30:08.493 [http-nio-8080-exec-106] INFO  com.practice.flashsale.order.service.impl.OrderServiceImpl - ==> 当前登录用户 ID：2
2026-10-08 17:30:08.493 [http-nio-8080-exec-17] INFO  com.practice.flashsale.order.service.impl.OrderServiceImpl - ==> 当前登录用户 ID：2
2026-10-08 17:30:08.493 [http-nio-8080-exec-148] INFO  com.practice.flashsale.order.service.impl.OrderServiceImpl - ==> 当前登录用户 ID：2
2026-10-08 17:30:08.495 [http-nio-8080-exec-30] INFO  com.practice.flashsale.common.aspect.ApiOperationLogAspect - ====== 请求开始：[秒杀下单], 入参：{"activityId":1,"goodsId":1}, 请求类：OrderController, 请求方法：doSeckill =================================== 
2026-10-08 17:30:08.495 [http-nio-8080-exec-168] INFO  com.practice.flashsale.order.service.impl.OrderServiceImpl - ==> 秒杀下单成功, orderId：1, orderNo：2108127796613500928
2026-10-08 17:30:08.498 [http-nio-8080-exec-168] INFO  com.practice.flashsale.common.aspect.ApiOperationLogAspect - ====== 请求结束: [秒杀下单], 耗时: 15ms, 出参: {"success":true,"message":null,"errorCode":null,"data":{"orderId":1,"orderNo":"2108127796613500928","goodsName":"iPhone 15 Pro Max 256GB 深空黑色","goodsImg":"https://img.quanxiaoha.com/iphone15promax.jpg","seckillPrice":8999.00,"status":0,"expireTime":"2026-10-08 18:00:08"}} =================================== 
2026-10-08 17:30:08.500 [http-nio-8080-exec-133] WARN  com.practice.flashsale.order.service.impl.OrderServiceImpl - ==> 重复下单, userId：2, activityId：1, goodsId：1
2026-10-08 17:30:08.503 [http-nio-8080-exec-133] WARN  com.practice.flashsale.common.exception.GlobalExceptionHandler - /seckill/order request fail, errorCode: 40004, errorMessage: 您已参与过此商品的秒杀
2026-10-08 17:30:08.503 [http-nio-8080-exec-179] WARN  com.practice.flashsale.order.service.impl.OrderServiceImpl - ==> 重复下单, userId：2, activityId：1, goodsId：1
2026-10-08 17:30:08.505 [http-nio-8080-exec-179] WARN  com.practice.flashsale.common.exception.GlobalExceptionHandler - /seckill/order request fail, errorCode: 40004, errorMessage: 您已参与过此商品的秒杀
2026-10-08 17:30:08.506 [http-nio-8080-exec-121] WARN  com.practice.flashsale.order.service.impl.OrderServiceImpl - ==> 重复下单, userId：2, activityId：1, goodsId：1
2026-10-08 17:30:08.508 [http-nio-8080-exec-121] WARN  com.practice.flashsale.common.exception.GlobalExceptionHandler - /seckill/order request fail, errorCode: 40004, errorMessage: 您已参与过此商品的秒杀
2026-10-08 17:30:08.508 [http-nio-8080-exec-30] INFO  com.practice.flashsale.order.service.impl.OrderServiceImpl - ==> 当前登录用户 ID：2
2026-10-08 17:30:08.509 [http-nio-8080-exec-186] WARN  com.practice.flashsale.order.service.impl.OrderServiceImpl - ==> 重复下单, userId：2, activityId：1, goodsId：1
2026-10-08 17:30:08.511 [http-nio-8080-exec-186] WARN  com.practice.flashsale.common.exception.GlobalExceptionHandler - /seckill/order request fail, errorCode: 40004, errorMessage: 您已参与过此商品的秒杀
2026-10-08 17:30:08.511 [http-nio-8080-exec-106] WARN  com.practice.flashsale.order.service.impl.OrderServiceImpl - ==> 重复下单, userId：2, activityId：1, goodsId：1
2026-10-08 17:30:08.513 [http-nio-8080-exec-106] WARN  com.practice.flashsale.common.exception.GlobalExceptionHandler - /seckill/order request fail, errorCode: 40004, errorMessage: 您已参与过此商品的秒杀
2026-10-08 17:30:08.514 [http-nio-8080-exec-17] WARN  com.practice.flashsale.order.service.impl.OrderServiceImpl - ==> 重复下单, userId：2, activityId：1, goodsId：1
2026-10-08 17:30:08.516 [http-nio-8080-exec-17] WARN  com.practice.flashsale.common.exception.GlobalExceptionHandler - /seckill/order request fail, errorCode: 40004, errorMessage: 您已参与过此商品的秒杀
2026-10-08 17:30:08.517 [http-nio-8080-exec-148] WARN  com.practice.flashsale.order.service.impl.OrderServiceImpl - ==> 重复下单, userId：2, activityId：1, goodsId：1
2026-10-08 17:30:08.518 [http-nio-8080-exec-148] WARN  com.practice.flashsale.common.exception.GlobalExceptionHandler - /seckill/order request fail, errorCode: 40004, errorMessage: 您已参与过此商品的秒杀
2026-10-08 17:30:08.519 [http-nio-8080-exec-30] WARN  com.practice.flashsale.order.service.impl.OrderServiceImpl - ==> 重复下单, userId：2, activityId：1, goodsId：1
2026-10-08 17:30:08.521 [http-nio-8080-exec-30] WARN  com.practice.flashsale.common.exception.GlobalExceptionHandler - /seckill/order request fail, errorCode: 40004, errorMessage: 您已参与过此商品的秒杀
2026-10-08 17:30:08.525 [http-nio-8080-exec-187] WARN  com.practice.flashsale.order.service.impl.OrderServiceImpl - ==> 重复下单, userId：2, activityId：1, goodsId：1
2026-10-08 17:30:08.527 [http-nio-8080-exec-187] WARN  com.practice.flashsale.common.exception.GlobalExceptionHandler - /seckill/order request fail, errorCode: 40004, errorMessage: 您已参与过此商品的秒杀
2026-10-08 17:31:01.395 [SpringApplicationShutdownHook] INFO  org.springframework.boot.web.embedded.tomcat.GracefulShutdown - Commencing graceful shutdown. Waiting for active requests to complete
2026-10-08 17:31:01.682 [tomcat-shutdown] INFO  org.springframework.boot.web.embedded.tomcat.GracefulShutdown - Graceful shutdown complete
2026-10-08 17:31:01.706 [SpringApplicationShutdownHook] INFO  com.zaxxer.hikari.HikariDataSource - SeckillHikariPool - Shutdown initiated...
2026-10-08 17:31:01.709 [SpringApplicationShutdownHook] INFO  com.zaxxer.hikari.HikariDataSource - SeckillHikariPool - Shutdown completed.
2026-10-08 18:23:53.939 [background-preinit] INFO  org.hibernate.validator.internal.util.Version - HV000001: Hibernate Validator 8.0.2.Final
2026-10-08 18:23:54.002 [main] INFO  com.practice.flashsale.app.SeckillApplication - Starting SeckillApplication using Java 17.0.19 with PID 25820 (D:\java_practice\FlashSaleSystem\seckill-app\target\classes started by am0006 in D:\java_practice\FlashSaleSystem)
2026-10-08 18:23:54.004 [main] INFO  com.practice.flashsale.app.SeckillApplication - The following 1 profile is active: "dev"
2026-10-08 18:23:54.745 [main] INFO  org.springframework.data.repository.config.RepositoryConfigurationDelegate - Multiple Spring Data modules found, entering strict repository configuration mode
2026-10-08 18:23:54.748 [main] INFO  org.springframework.data.repository.config.RepositoryConfigurationDelegate - Bootstrapping Spring Data Redis repositories in DEFAULT mode.
2026-10-08 18:23:54.773 [main] INFO  org.springframework.data.repository.config.RepositoryConfigurationDelegate - Finished Spring Data repository scanning in 12 ms. Found 0 Redis repository interfaces.
2026-10-08 18:23:55.459 [main] INFO  org.springframework.boot.web.embedded.tomcat.TomcatWebServer - Tomcat initialized with port 8080 (http)
2026-10-08 18:23:55.474 [main] INFO  org.apache.coyote.http11.Http11NioProtocol - Initializing ProtocolHandler ["http-nio-8080"]
2026-10-08 18:23:55.476 [main] INFO  org.apache.catalina.core.StandardService - Starting service [Tomcat]
2026-10-08 18:23:55.476 [main] INFO  org.apache.catalina.core.StandardEngine - Starting Servlet engine: [Apache Tomcat/10.1.42]
2026-10-08 18:23:55.539 [main] INFO  org.apache.catalina.core.ContainerBase.[Tomcat].[localhost].[/] - Initializing Spring embedded WebApplicationContext
2026-10-08 18:23:55.539 [main] INFO  org.springframework.boot.web.servlet.context.ServletWebServerApplicationContext - Root WebApplicationContext: initialization completed in 1492 ms
2026-10-08 18:23:56.361 [main] INFO  cloud.tianai.captcha.generator.AbstractImageCaptchaGenerator - 图片验证码[SpringMultiImageCaptchaGenerator]初始化...
2026-10-08 18:23:56.886 [main] INFO  org.apache.coyote.http11.Http11NioProtocol - Starting ProtocolHandler ["http-nio-8080"]
2026-10-08 18:23:56.909 [main] INFO  org.springframework.boot.web.embedded.tomcat.TomcatWebServer - Tomcat started on port 8080 (http) with context path '/'
2026-10-08 18:23:56.919 [main] INFO  com.practice.flashsale.app.SeckillApplication - Started SeckillApplication in 3.473 seconds (process running for 4.284)
2026-10-08 18:24:23.284 [http-nio-8080-exec-84] INFO  org.apache.catalina.core.ContainerBase.[Tomcat].[localhost].[/] - Initializing Spring DispatcherServlet 'dispatcherServlet'
2026-10-08 18:24:23.284 [http-nio-8080-exec-84] INFO  org.springframework.web.servlet.DispatcherServlet - Initializing Servlet 'dispatcherServlet'
2026-10-08 18:24:23.285 [http-nio-8080-exec-84] INFO  org.springframework.web.servlet.DispatcherServlet - Completed initialization in 1 ms
2026-10-08 18:25:33.005 [SpringApplicationShutdownHook] INFO  org.springframework.boot.web.embedded.tomcat.GracefulShutdown - Commencing graceful shutdown. Waiting for active requests to complete
2026-10-08 18:25:33.339 [tomcat-shutdown] INFO  org.springframework.boot.web.embedded.tomcat.GracefulShutdown - Graceful shutdown complete
